Country_Code,Country,Sector,Purpose,Total_Disbursement_USD,Population,Per_Capita_USD
AFG,Afghanistan,Government and Civil Society,Public sector policy and administrative management,210602219.0,40000412,5.27
AFG,Afghanistan,Emergency Response,Relief co-ordination; protection and support services,147311402.0,40000412,3.68
AFG,Afghanistan,Energy,Energy policy and administrative management,94721507.0,40000412,2.37
AFG,Afghanistan,Operating Expenses,Operating Expenses,45315059.0,40000412,1.13
AFG,Afghanistan,Other Multisector,Multisector aid,45257265.0,40000412,1.13
AFG,Afghanistan,Agriculture,Agricultural policy and administrative management,38426287.0,40000412,0.96
AFG,Afghanistan,Emergency Response,Emergency food assistance,23974779.0,40000412,0.60
AFG,Afghanistan,Basic Education,Primary education,22902372.0,40000412,0.57
AFG,Afghanistan,Agriculture,Agricultural development,18657572.0,40000412,0.47
AFG,Afghanistan,Basic Health,COVID-19 control,17879236.0,40000412,0.45
AFG,Afghanistan,Trade Policy and Regulations,Trade policy and administrative management,17812239.0,40000412,0.45
AFG,Afghanistan,Government and Civil Society,Legal and judicial development,17503344.0,40000412,0.44
AFG,Afghanistan,"Maternal and Child Health, Family Planning",Reproductive health care,16503619.0,40000412,0.41
AFG,Afghanistan,Post-Secondary Education,Higher education,14812451.0,40000412,0.37
AFG,Afghanistan,Program Design and Learning,Program Design and Learning,10648595.0,40000412,0.27
AFG,Afghanistan,Other Social Infrastructure and Services,Social Protection,7577112.0,40000412,0.19
AFG,Afghanistan,Government and Civil Society,Anti-corruption organisations and institutions,7274250.0,40000412,0.18
AFG,Afghanistan,Water Supply and Sanitation,Basic drinking water supply,5295637.0,40000412,0.13
AFG,Afghanistan,Government and Civil Society,Decentralisation and support to subnational government,5266985.0,40000412,0.13
AFG,Afghanistan,Banking and Financial Services,Financial policy and administrative management,4909454.0,40000412,0.12
AFG,Afghanistan,Agriculture,Agricultural alternative development,4519257.0,40000412,0.11
AFG,Afghanistan,"Conflict, Peace, and Security","Civilian peace-building, conflict prevention and resolution",4483167.0,40000412,0.11
AFG,Afghanistan,Trade Policy and Regulations,Trade facilitation,4417260.0,40000412,0.11
AFG,Afghanistan,Basic Health,Infectious disease control,4229755.0,40000412,0.11
AFG,Afghanistan,Water Supply and Sanitation,Water supply - large systems,3964827.0,40000412,0.10
AFG,Afghanistan,Basic Health,Basic nutrition,3533635.0,40000412,0.09
AFG,Afghanistan,Basic Education,Basic life skills for adults,3417131.0,40000412,0.09
AFG,Afghanistan,Government and Civil Society,Elections,3296173.0,40000412,0.08
AFG,Afghanistan,Basic Health,Tuberculosis control,3200284.0,40000412,0.08
AFG,Afghanistan,Business and Other Services,Business Policy and Administation,3157784.0,40000412,0.08
AFG,Afghanistan,Government and Civil Society,Democratic participation and civil society,2909379.0,40000412,0.07
AFG,Afghanistan,Upper Secondary Education,Vocational training,2747871.0,40000412,0.07
AFG,Afghanistan,General Environmental Protection,Environmental policy and administrative management,2493473.0,40000412,0.06
AFG,Afghanistan,"Maternal and Child Health, Family Planning",Family planning,1645866.0,40000412,0.04
AFG,Afghanistan,General Environmental Protection,Bio-diversity,1346905.0,40000412,0.03
AFG,Afghanistan,Upper Secondary Education,Upper Secondary education,1344122.0,40000412,0.03
AFG,Afghanistan,Basic Health,Basic health care,624951.0,40000412,0.02
AFG,Afghanistan,General Environmental Protection,Biosphere protection,246839.0,40000412,0.01
AFG,Afghanistan,Government and Civil Society,Legislatures and political parties,215640.0,40000412,0.01
AFG,Afghanistan,Water Supply and Sanitation,Water supply and sanitation - large systems,203245.0,40000412,0.01
AFG,Afghanistan,"Education, Level Unspecified",Education policy and administrative management,200000.0,40000412,0.00
AFG,Afghanistan,Administration and Oversight,Administration and Oversight,63392.0,40000412,0.00
AFG,Afghanistan,"Health, General",Health policy and administrative management,41006.0,40000412,0.00
AFG,Afghanistan,Emergency Response,Material relief assistance and services,38197.0,40000412,0.00
AFG,Afghanistan,HIV/AIDS,STD control including HIV/AIDS,20696.0,40000412,0.00
AFG,Afghanistan,"Maternal and Child Health, Family Planning",Population policy and administrative management,10032.0,40000412,0.00
AFG,Afghanistan,Government and Civil Society,"Women’s rights organisations and movements, and government institutions",4117.0,40000412,0.00
AFG,Afghanistan,Government and Civil Society,Human rights,2872.0,40000412,0.00
AFG,Afghanistan,Government and Civil Society,Media and free flow of information,2703.0,40000412,0.00
AFG,Afghanistan,Water Supply and Sanitation,Basic drinking water supply and basic sanitation,-21966.0,40000412,-0.00
AFG,Afghanistan,Government and Civil Society,Public finance management,-62609.0,40000412,-0.00
AFG,Afghanistan,Transport and Storage,Transport policy and administrative management,-641303.0,40000412,-0.02
AGO,Angola,Operating Expenses,Operating Expenses,2705627.0,34532429,0.08
AGO,Angola,Emergency Response,Relief co-ordination; protection and support services,1507656.0,34532429,0.04
AGO,Angola,Emergency Response,Emergency food assistance,904910.0,34532429,0.03
AGO,Angola,Basic Health,COVID-19 control,570000.0,34532429,0.02
AGO,Angola,Basic Health,Malaria control,518972.0,34532429,0.02
AGO,Angola,Government and Civil Society,Public sector policy and administrative management,482000.0,34532429,0.01
AGO,Angola,Government and Civil Society,Democratic participation and civil society,370025.0,34532429,0.01
AGO,Angola,Agriculture,Agricultural policy and administrative management,141594.0,34532429,0.00
AGO,Angola,Water Supply and Sanitation,River basins' development,100995.0,34532429,0.00
AGO,Angola,"Conflict, Peace, and Security","Civilian peace-building, conflict prevention and resolution",45000.0,34532429,0.00
AGO,Angola,Water Supply and Sanitation,Water supply and sanitation - large systems,39900.0,34532429,0.00
AGO,Angola,Other Multisector,Multisector aid,30000.0,34532429,0.00
AGO,Angola,Government and Civil Society,Decentralisation and support to subnational government,-5696.0,34532429,-0.00
ALB,Albania,Government and Civil Society,Democratic participation and civil society,2096772.0,2811666,0.75
ALB,Albania,Basic Health,COVID-19 control,2000000.0,2811666,0.71
ALB,Albania,Government and Civil Society,Legal and judicial development,1363499.0,2811666,0.48
ALB,Albania,Other Multisector,Multisector aid,1199223.0,2811666,0.43
ALB,Albania,Operating Expenses,Operating Expenses,852650.0,2811666,0.30
ALB,Albania,Banking and Financial Services,Financial policy and administrative management,672388.0,2811666,0.24
ALB,Albania,"Conflict, Peace, and Security",Prevention of Violent Extremism,364500.0,2811666,0.13
ALB,Albania,Government and Civil Society,"Facilitation of orderly, safe, regular and responsible migration and mobility",341181.0,2811666,0.12
ALB,Albania,Business and Other Services,Business Policy and Administation,315609.0,2811666,0.11
ALB,Albania,Government and Civil Society,Media and free flow of information,304360.0,2811666,0.11
ALB,Albania,"Education, Level Unspecified",Education policy and administrative management,190000.0,2811666,0.07
ALB,Albania,Government and Civil Society,Anti-corruption organisations and institutions,82262.0,2811666,0.03
ALB,Albania,Emergency Response,Relief co-ordination; protection and support services,76000.0,2811666,0.03
ALB,Albania,Non-communicable diseases (NCDs),Other prevention and treatment of NCDs,39934.0,2811666,0.01
ALB,Albania,Government and Civil Society,Ending violence against women and girls,39000.0,2811666,0.01
ALB,Albania,Government and Civil Society,Human rights,38000.0,2811666,0.01
ALB,Albania,Government and Civil Society,Public sector policy and administrative management,8642.0,2811666,0.00
ALB,Albania,Government and Civil Society,Decentralisation and support to subnational government,5198.0,2811666,0.00
ALB,Albania,Government and Civil Society,Countering violent extremism,-250.0,2811666,-0.00
ARE,United Arab Emirates,Disaster Prevention and Preparedness,Multi-hazard response preparedness,94465.0,9575152,0.01
ARG,Argentina,Operating Expenses,Operating Expenses,695903.0,45312281,0.02
ARM,Armenia,Government and Civil Society,Democratic participation and civil society,9357607.0,2962300,3.16
ARM,Armenia,Operating Expenses,Operating Expenses,6424623.0,2962300,2.17
ARM,Armenia,Business and Other Services,Business Policy and Administation,4148974.0,2962300,1.40
ARM,Armenia,Government and Civil Society,Public finance management,2163403.0,2962300,0.73
ARM,Armenia,Energy,Energy policy and administrative management,2129652.0,2962300,0.72
ARM,Armenia,Other Multisector,Multisector aid,719199.0,2962300,0.24
ARM,Armenia,Emergency Response,Emergency food assistance,714870.0,2962300,0.24
ARM,Armenia,Post-Secondary Education,Higher education,648669.0,2962300,0.22
ARM,Armenia,Government and Civil Society,Media and free flow of information,523256.0,2962300,0.18
ARM,Armenia,Basic Health,Basic health care,454545.0,2962300,0.15
ARM,Armenia,Other Social Infrastructure and Services,Social Protection,328448.0,2962300,0.11
ARM,Armenia,Upper Secondary Education,Upper Secondary education,150000.0,2962300,0.05
ARM,Armenia,Other Multisector,Multisector education/training,120508.0,2962300,0.04
ARM,Armenia,Emergency Response,Relief co-ordination; protection and support services,100000.0,2962300,0.03
ARM,Armenia,"Education, Level Unspecified",Education policy and administrative management,93988.0,2962300,0.03
ARM,Armenia,Program Design and Learning,Program Design and Learning,54894.0,2962300,0.02
ARM,Armenia,Government and Civil Society,Legal and judicial development,46834.0,2962300,0.02
ARM,Armenia,"Education, Level Unspecified",Education facilities and training,39600.0,2962300,0.01
ARM,Armenia,"Conflict, Peace, and Security","Civilian peace-building, conflict prevention and resolution",30000.0,2962300,0.01
ARM,Armenia,General Environmental Protection,Environmental research,28972.0,2962300,0.01
ARM,Armenia,Government and Civil Society,Fight against transnational organised crime,5600.0,2962300,0.00
ARM,Armenia,Other Multisector,Research/scientific institutions,5000.0,2962300,0.00
ARM,Armenia,Government and Civil Society,Human rights,2053.0,2962300,0.00
ARM,Armenia,Basic Education,Basic life skills for adults,1.0,2962300,0.00
AUT,Austria,Other Multisector,Multisector aid,10149578.0,8955797,1.13
AUT,Austria,Operating Expenses,Operating Expenses,1813203.0,8955797,0.20
AZE,Azerbaijan,Operating Expenses,Operating Expenses,3679078.0,10137750,0.36
AZE,Azerbaijan,Government and Civil Society,Democratic participation and civil society,2463504.0,10137750,0.24
AZE,Azerbaijan,Banking and Financial Services,Financial policy and administrative management,1431071.0,10137750,0.14
AZE,Azerbaijan,Other Multisector,Multisector aid,687826.0,10137750,0.07
AZE,Azerbaijan,Government and Civil Society,Media and free flow of information,663158.0,10137750,0.07
AZE,Azerbaijan,Government and Civil Society,Human rights,651155.0,10137750,0.06
AZE,Azerbaijan,Business and Other Services,Business Policy and Administation,603350.0,10137750,0.06
AZE,Azerbaijan,Basic Education,Basic life skills for adults,485397.0,10137750,0.05
AZE,Azerbaijan,Trade Policy and Regulations,Trade facilitation,443928.0,10137750,0.04
AZE,Azerbaijan,"Conflict, Peace, and Security",Security system management and reform,358888.0,10137750,0.04
AZE,Azerbaijan,"Conflict, Peace, and Security","Civilian peace-building, conflict prevention and resolution",100000.0,10137750,0.01
AZE,Azerbaijan,"Maternal and Child Health, Family Planning",Family planning,100000.0,10137750,0.01
BDI,Burundi,Emergency Response,Relief co-ordination; protection and support services,6076707.0,12965481,0.47
BDI,Burundi,Emergency Response,Emergency food assistance,4128947.0,12965481,0.32
BDI,Burundi,Basic Health,COVID-19 control,1823612.0,12965481,0.14
BDI,Burundi,Government and Civil Society,Human rights,1605528.0,12965481,0.12
BDI,Burundi,"Conflict, Peace, and Security","Civilian peace-building, conflict prevention and resolution",1385382.0,12965481,0.11
BDI,Burundi,Operating Expenses,Operating Expenses,1309806.0,12965481,0.10
BDI,Burundi,Government and Civil Society,Democratic participation and civil society,637500.0,12965481,0.05
BDI,Burundi,Government and Civil Society,Legal and judicial development,632515.0,12965481,0.05
BDI,Burundi,Agriculture,Agricultural development,556445.0,12965481,0.04
BDI,Burundi,Government and Civil Society,Media and free flow of information,404000.0,12965481,0.03
BDI,Burundi,HIV/AIDS,STD control including HIV/AIDS,285576.0,12965481,0.02
BDI,Burundi,Government and Civil Society,Public finance management,266078.0,12965481,0.02
BDI,Burundi,Other Multisector,Multisector aid,49164.0,12965481,0.00
BDI,Burundi,"Maternal and Child Health, Family Planning",Population policy and administrative management,43408.0,12965481,0.00
BDI,Burundi,Program Design and Learning,Program Design and Learning,28498.0,12965481,0.00
BDI,Burundi,General Environmental Protection,Environmental research,12600.0,12965481,0.00
BDI,Burundi,Disaster Prevention and Preparedness,Multi-hazard response preparedness,-19866.0,12965481,-0.00
BEL,Belgium,Operating Expenses,Operating Expenses,34609.0,11586195,0.00
BEN,Benin,Operating Expenses,Operating Expenses,3211485.0,13413417,0.24
BEN,Benin,General Environmental Protection,Biosphere protection,611893.0,13413417,0.05
BEN,Benin,Program Design and Learning,Program Design and Learning,272291.0,13413417,0.02
BEN,Benin,Government and Civil Society,Decentralisation and support to subnational government,271787.0,13413417,0.02
BEN,Benin,Basic Education,Primary education,246546.0,13413417,0.02
BEN,Benin,Government and Civil Society,Human rights,195743.0,13413417,0.01
BEN,Benin,HIV/AIDS,STD control including HIV/AIDS,105125.0,13413417,0.01
BEN,Benin,Other Multisector,Multisector aid,56504.0,13413417,0.00
BEN,Benin,Government and Civil Society,Anti-corruption organisations and institutions,28156.0,13413417,0.00
BEN,Benin,Government and Civil Society,Democratic participation and civil society,11601.0,13413417,0.00
BFA,Burkina Faso,Emergency Response,Relief co-ordination; protection and support services,31112113.0,21995243,1.41
BFA,Burkina Faso,Emergency Response,Emergency food assistance,10599379.0,21995243,0.48
BFA,Burkina Faso,"Conflict, Peace, and Security","Civilian peace-building, conflict prevention and resolution",10154808.0,21995243,0.46
BFA,Burkina Faso,Operating Expenses,Operating Expenses,9149533.0,21995243,0.42
BFA,Burkina Faso,Basic Health,COVID-19 control,8343029.0,21995243,0.38
BFA,Burkina Faso,Agriculture,Agricultural policy and administrative management,4499597.0,21995243,0.20
BFA,Burkina Faso,"Conflict, Peace, and Security",Security system management and reform,2729250.0,21995243,0.12
BFA,Burkina Faso,Business and Other Services,Business Policy and Administation,944614.0,21995243,0.04
BFA,Burkina Faso,Water Supply and Sanitation,Basic drinking water supply,938388.0,21995243,0.04
BFA,Burkina Faso,Government and Civil Society,Democratic participation and civil society,591306.0,21995243,0.03
BFA,Burkina Faso,HIV/AIDS,STD control including HIV/AIDS,285576.0,21995243,0.01
BFA,Burkina Faso,Other Multisector,Multisector aid,271258.0,21995243,0.01
BFA,Burkina Faso,General Environmental Protection,Environmental policy and administrative management,208239.0,21995243,0.01
BFA,Burkina Faso,"Conflict, Peace, and Security",Prevention of Violent Extremism,202065.0,21995243,0.01
BFA,Burkina Faso,Government and Civil Society,Countering violent extremism,130640.0,21995243,0.01
BFA,Burkina Faso,Program Design and Learning,Program Design and Learning,87490.0,21995243,0.00
BFA,Burkina Faso,Government and Civil Society,Ending violence against women and girls,86325.0,21995243,0.00
BFA,Burkina Faso,Disaster Prevention and Preparedness,Multi-hazard response preparedness,38254.0,21995243,0.00
BGD,Bangladesh,Emergency Response,Relief co-ordination; protection and support services,108770866.0,167658854,0.65
BGD,Bangladesh,Emergency Response,Emergency food assistance,37233516.0,167658854,0.22
BGD,Bangladesh,Agriculture,Agricultural policy and administrative management,18943798.0,167658854,0.11
BGD,Bangladesh,Operating Expenses,Operating Expenses,17370909.0,167658854,0.10
BGD,Bangladesh,Basic Health,COVID-19 control,12507184.0,167658854,0.07
BGD,Bangladesh,Other Multisector,Multisector aid,5414585.0,167658854,0.03
BGD,Bangladesh,Emergency Response,Material relief assistance and services,4569967.0,167658854,0.03
BGD,Bangladesh,Disaster Prevention and Preparedness,Multi-hazard response preparedness,4069811.0,167658854,0.02
BGD,Bangladesh,Agriculture,Food crop production,3744562.0,167658854,0.02
BGD,Bangladesh,General Environmental Protection,Biosphere protection,2569436.0,167658854,0.02
BGD,Bangladesh,"Conflict, Peace, and Security","Civilian peace-building, conflict prevention and resolution",2401555.0,167658854,0.01
BGD,Bangladesh,Business and Other Services,Business Policy and Administation,2280579.0,167658854,0.01
BGD,Bangladesh,General Environmental Protection,Bio-diversity,2253169.0,167658854,0.01
BGD,Bangladesh,Government and Civil Society,Legal and judicial development,2071742.0,167658854,0.01
BGD,Bangladesh,Government and Civil Society,Public sector policy and administrative management,1901695.0,167658854,0.01
BGD,Bangladesh,Government and Civil Society,Human rights,1831957.0,167658854,0.01
BGD,Bangladesh,Agriculture,Agricultural development,1765897.0,167658854,0.01
BGD,Bangladesh,Government and Civil Society,Legislatures and political parties,1712445.0,167658854,0.01
BGD,Bangladesh,Government and Civil Society,Democratic participation and civil society,1707550.0,167658854,0.01
BGD,Bangladesh,Basic Education,Primary education,1336229.0,167658854,0.01
BGD,Bangladesh,Government and Civil Society,Domestic revenue mobilisation,1093836.0,167658854,0.01
BGD,Bangladesh,General Environmental Protection,Environmental policy and administrative management,802480.0,167658854,0.00
BGD,Bangladesh,Government and Civil Society,Media and free flow of information,526610.0,167658854,0.00
BGD,Bangladesh,Government and Civil Society,Anti-corruption organisations and institutions,440199.0,167658854,0.00
BGD,Bangladesh,Government and Civil Society,Countering violent extremism,187888.0,167658854,0.00
BGD,Bangladesh,Other Social Infrastructure and Services,Social Protection,26505.0,167658854,0.00
BGR,Bulgaria,Operating Expenses,Operating Expenses,175285.0,6507301,0.03
BHR,Bahrain,Disaster Prevention and Preparedness,Multi-hazard response preparedness,6977.0,1504365,0.00
BHS,Bahamas,Emergency Response,Relief co-ordination; protection and support services,4608099.0,396373,11.63
BHS,Bahamas,Disaster Prevention and Preparedness,Multi-hazard response preparedness,43469.0,396373,0.11
BIH,Bosnia and Herzegovina,Operating Expenses,Operating Expenses,11570338.0,3244907,3.57
BIH,Bosnia and Herzegovina,"Conflict, Peace, and Security","Civilian peace-building, conflict prevention and resolution",10041946.0,3244907,3.09
BIH,Bosnia and Herzegovina,Government and Civil Society,Democratic participation and civil society,6832449.0,3244907,2.11
BIH,Bosnia and Herzegovina,Trade Policy and Regulations,Trade policy and administrative management,4367133.0,3244907,1.35
BIH,Bosnia and Herzegovina,Business and Other Services,Business Policy and Administation,4144259.0,3244907,1.28
BIH,Bosnia and Herzegovina,Basic Education,Primary education,3355328.0,3244907,1.03
BIH,Bosnia and Herzegovina,Government and Civil Society,Media and free flow of information,3308965.0,3244907,1.02
BIH,Bosnia and Herzegovina,Other Multisector,Multisector aid,2960474.0,3244907,0.91
BIH,Bosnia and Herzegovina,Government and Civil Society,Legal and judicial development,1861666.0,3244907,0.57
BIH,Bosnia and Herzegovina,Government and Civil Society,Human rights,1843508.0,3244907,0.57
BIH,Bosnia and Herzegovina,Government and Civil Society,Public finance management,1213214.0,3244907,0.37
BIH,Bosnia and Herzegovina,Trade Policy and Regulations,Trade facilitation,898898.0,3244907,0.28
BIH,Bosnia and Herzegovina,Energy,Energy policy and administrative management,882266.0,3244907,0.27
BIH,Bosnia and Herzegovina,Banking and Financial Services,Financial policy and administrative management,871949.0,3244907,0.27
BIH,Bosnia and Herzegovina,Government and Civil Society,Domestic revenue mobilisation,797911.0,3244907,0.25
BIH,Bosnia and Herzegovina,"Conflict, Peace, and Security",Security system management and reform,683016.0,3244907,0.21
BIH,Bosnia and Herzegovina,Program Design and Learning,Program Design and Learning,200524.0,3244907,0.06
BIH,Bosnia and Herzegovina,"Education, Level Unspecified",Education policy and administrative management,91000.0,3244907,0.03
BIH,Bosnia and Herzegovina,Other Social Infrastructure and Services,Social Protection,84837.0,3244907,0.03
BIH,Bosnia and Herzegovina,General Environmental Protection,Environmental research,55356.0,3244907,0.02
BIH,Bosnia and Herzegovina,Upper Secondary Education,Upper Secondary education,45000.0,3244907,0.01
BIH,Bosnia and Herzegovina,"Conflict, Peace, and Security",Prevention of Violent Extremism,12385.0,3244907,0.00
BIH,Bosnia and Herzegovina,Government and Civil Society,Decentralisation and support to subnational government,9295.0,3244907,0.00
BIH,Bosnia and Herzegovina,Emergency Response,Relief co-ordination; protection and support services,2539.0,3244907,0.00
BIH,Bosnia and Herzegovina,Government and Civil Society,Legislatures and political parties,1210.0,3244907,0.00
BLR,Belarus,Government and Civil Society,Democratic participation and civil society,2261896.0,9302585,0.24
BLR,Belarus,Business and Other Services,Business Policy and Administation,1485339.0,9302585,0.16
BLR,Belarus,Government and Civil Society,Media and free flow of information,1226785.0,9302585,0.13
BLR,Belarus,Other Multisector,Multisector aid,1040036.0,9302585,0.11
BLR,Belarus,Operating Expenses,Operating Expenses,739928.0,9302585,0.08
BLR,Belarus,Government and Civil Society,Human rights,576606.0,9302585,0.06
BLR,Belarus,Government and Civil Society,Public sector policy and administrative management,515890.0,9302585,0.06
BLR,Belarus,Government and Civil Society,Legislatures and political parties,105855.0,9302585,0.01
BLR,Belarus,Business and Other Services,Business development services,25000.0,9302585,0.00
BLR,Belarus,Industry,Small and medium-sized enterprises (SME) development,8187.0,9302585,0.00
BLR,Belarus,Other Social Infrastructure and Services,Social Protection,787.0,9302585,0.00
BLR,Belarus,Government and Civil Society,Elections,689.0,9302585,0.00
BLR,Belarus,Water Supply and Sanitation,Waste management / disposal,-24870.0,9302585,-0.00
BLR,Belarus,"Education, Level Unspecified",Education policy and administrative management,-41000.0,9302585,-0.00
BLZ,Belize,Other Multisector,Multisector aid,491142.0,395346,1.24
BLZ,Belize,Government and Civil Society,Human rights,252650.0,395346,0.64
BLZ,Belize,General Environmental Protection,Environmental policy and administrative management,165456.0,395346,0.42
BLZ,Belize,Government and Civil Society,Public sector policy and administrative management,57131.0,395346,0.14
BLZ,Belize,Basic Education,Basic life skills for adults,45800.0,395346,0.12
BLZ,Belize,Government and Civil Society,Fight against transnational organised crime,45274.0,395346,0.11
BOL,Bolivia,Basic Health,COVID-19 control,4589389.0,11937360,0.38
BOL,Bolivia,"Conflict, Peace, and Security","Civilian peace-building, conflict prevention and resolution",2169120.0,11937360,0.18
BOL,Bolivia,Post-Secondary Education,Higher education,1027700.0,11937360,0.09
BOL,Bolivia,Other Multisector,Multisector aid,503703.0,11937360,0.04
BOL,Bolivia,Operating Expenses,Operating Expenses,409802.0,11937360,0.03
BOL,Bolivia,Emergency Response,Relief co-ordination; protection and support services,275000.0,11937360,0.02
BOL,Bolivia,General Environmental Protection,Bio-diversity,21894.0,11937360,0.00
BRA,Brazil,Basic Health,COVID-19 control,13250687.0,209550294,0.06
BRA,Brazil,Emergency Response,Relief co-ordination; protection and support services,11186267.0,209550294,0.05
BRA,Brazil,General Environmental Protection,Bio-diversity,5736865.0,209550294,0.03
BRA,Brazil,Operating Expenses,Operating Expenses,1291234.0,209550294,0.01
BRA,Brazil,Other Multisector,Multisector aid,549394.0,209550294,0.00
BRA,Brazil,Emergency Response,Emergency food assistance,-116745.0,209550294,-0.00
BRB,Barbados,Disaster Prevention and Preparedness,Multi-hazard response preparedness,11547.0,282147,0.04
BTN,Bhutan,Basic Health,COVID-19 control,353582.0,775442,0.46
BTN,Bhutan,"Education, Level Unspecified",Education policy and administrative management,254687.0,775442,0.33
BTN,Bhutan,Disaster Prevention and Preparedness,Multi-hazard response preparedness,24752.0,775442,0.03
BWA,Botswana,Operating Expenses,Operating Expenses,2288059.0,2401441,0.95
BWA,Botswana,Government and Civil Society,Legislatures and political parties,127135.0,2401441,0.05
BWA,Botswana,Business and Other Services,Business Policy and Administation,75000.0,2401441,0.03
BWA,Botswana,HIV/AIDS,STD control including HIV/AIDS,47906.0,2401441,0.02
BWA,Botswana,Other Multisector,Multisector aid,19750.0,2401441,0.01
BWA,Botswana,Other Social Infrastructure and Services,Employment Creation,11700.0,2401441,0.00
BWA,Botswana,Basic Education,Early childhood education,4200.0,2401441,0.00
BWA,Botswana,Basic Health,COVID-19 control,20.0,2401441,0.00
CAF,Central African Republic,Emergency Response,Relief co-ordination; protection and support services,59403006.0,5112100,11.62
CAF,Central African Republic,Emergency Response,Emergency food assistance,9688046.0,5112100,1.90
CAF,Central African Republic,Basic Health,COVID-19 control,7319073.0,5112100,1.43
CAF,Central African Republic,Government and Civil Society,Democratic participation and civil society,2052987.0,5112100,0.40
CAF,Central African Republic,Operating Expenses,Operating Expenses,608847.0,5112100,0.12
CAF,Central African Republic,Government and Civil Society,Elections,309619.0,5112100,0.06
CAF,Central African Republic,Government and Civil Society,Media and free flow of information,269500.0,5112100,0.05
CAF,Central African Republic,Government and Civil Society,Human rights,244087.0,5112100,0.05
CAF,Central African Republic,Other Multisector,Multisector aid,10016.0,5112100,0.00
CAF,Central African Republic,Emergency Response,Material relief assistance and services,-4992.0,5112100,-0.00
CAN,Canada,General Environmental Protection,Biosphere protection,1113495.0,38239864,0.03
CAN,Canada,Operating Expenses,Operating Expenses,67210.0,38239864,0.00
CHL,Chile,Disaster Prevention and Preparedness,Multi-hazard response preparedness,45000.0,19456334,0.00
CHN,China (P.R.C.),General Environmental Protection,Environmental policy and administrative management,3369745.0,1412360000,0.00
CHN,China (P.R.C.),Business and Other Services,Business Policy and Administation,3242900.0,1412360000,0.00
CHN,China (P.R.C.),Operating Expenses,Operating Expenses,1728585.0,1412360000,0.00
CHN,China (P.R.C.),General Environmental Protection,Biosphere protection,745159.0,1412360000,0.00
CHN,China (P.R.C.),Other Social Infrastructure and Services,Social Protection,563050.0,1412360000,0.00
CHN,China (P.R.C.),Post-Secondary Education,Higher education,102411.0,1412360000,0.00
CHN,China (P.R.C.),General Environmental Protection,Bio-diversity,85410.0,1412360000,0.00
CIV,Cote d'Ivoire,Energy,Energy policy and administrative management,3198800.0,29639736,0.11
CIV,Cote d'Ivoire,Government and Civil Society,Elections,2591510.0,29639736,0.09
CIV,Cote d'Ivoire,Operating Expenses,Operating Expenses,2185525.0,29639736,0.07
CIV,Cote d'Ivoire,Government and Civil Society,Democratic participation and civil society,1185849.0,29639736,0.04
CIV,Cote d'Ivoire,Government and Civil Society,Human rights,1122184.0,29639736,0.04
CIV,Cote d'Ivoire,HIV/AIDS,STD control including HIV/AIDS,1100779.0,29639736,0.04
CIV,Cote d'Ivoire,Government and Civil Society,Public sector policy and administrative management,982934.0,29639736,0.03
CIV,Cote d'Ivoire,Other Multisector,Multisector aid,433507.0,29639736,0.01
CIV,Cote d'Ivoire,"Conflict, Peace, and Security","Civilian peace-building, conflict prevention and resolution",159634.0,29639736,0.01
CIV,Cote d'Ivoire,Emergency Response,Emergency food assistance,93494.0,29639736,0.00
CIV,Cote d'Ivoire,Business and Other Services,Business Policy and Administation,66731.0,29639736,0.00
CIV,Cote d'Ivoire,Basic Health,COVID-19 control,15000.0,29639736,0.00
CIV,Cote d'Ivoire,Government and Civil Society,Public finance management,10751.0,29639736,0.00
CIV,Cote d'Ivoire,General Environmental Protection,Bio-diversity,4255.0,29639736,0.00
CMR,Cameroon,Emergency Response,Relief co-ordination; protection and support services,20356229.0,26915758,0.76
CMR,Cameroon,Basic Health,COVID-19 control,8988533.0,26915758,0.33
CMR,Cameroon,Emergency Response,Emergency food assistance,4487059.0,26915758,0.17
CMR,Cameroon,Operating Expenses,Operating Expenses,1174000.0,26915758,0.04
CMR,Cameroon,Other Multisector,Multisector aid,587466.0,26915758,0.02
CMR,Cameroon,General Environmental Protection,Bio-diversity,381979.0,26915758,0.01
CMR,Cameroon,HIV/AIDS,STD control including HIV/AIDS,205743.0,26915758,0.01
CMR,Cameroon,Government and Civil Society,Countering violent extremism,139108.0,26915758,0.01
CMR,Cameroon,Government and Civil Society,Public finance management,84720.0,26915758,0.00
CMR,Cameroon,Program Design and Learning,Program Design and Learning,82088.0,26915758,0.00
CMR,Cameroon,Basic Health,Basic health care,71505.0,26915758,0.00
COD,Democratic Republic of the Congo,Emergency Response,Relief co-ordination; protection and support services,233376434.0,99148932,2.35
COD,Democratic Republic of the Congo,Emergency Response,Emergency food assistance,53626056.0,99148932,0.54
COD,Democratic Republic of the Congo,Operating Expenses,Operating Expenses,30640460.0,99148932,0.31
COD,Democratic Republic of the Congo,Basic Education,Primary education,20718376.0,99148932,0.21
COD,Democratic Republic of the Congo,Government and Civil Society,Democratic participation and civil society,14134251.0,99148932,0.14
COD,Democratic Republic of the Congo,Agriculture,Agricultural policy and administrative management,12597923.0,99148932,0.13
COD,Democratic Republic of the Congo,Basic Health,COVID-19 control,10746098.0,99148932,0.11
COD,Democratic Republic of the Congo,Water Supply and Sanitation,Basic drinking water supply and basic sanitation,8753973.0,99148932,0.09
COD,Democratic Republic of the Congo,General Environmental Protection,Environmental policy and administrative management,6630956.0,99148932,0.07
COD,Democratic Republic of the Congo,Water Supply and Sanitation,Water supply and sanitation - large systems,5866029.0,99148932,0.06
COD,Democratic Republic of the Congo,HIV/AIDS,STD control including HIV/AIDS,4213069.0,99148932,0.04
COD,Democratic Republic of the Congo,Government and Civil Society,Human rights,3162376.0,99148932,0.03
COD,Democratic Republic of the Congo,Government and Civil Society,Media and free flow of information,2857180.0,99148932,0.03
COD,Democratic Republic of the Congo,Government and Civil Society,Legal and judicial development,1186609.0,99148932,0.01
COD,Democratic Republic of the Congo,"Conflict, Peace, and Security","Civilian peace-building, conflict prevention and resolution",1153248.0,99148932,0.01
COD,Democratic Republic of the Congo,General Environmental Protection,Bio-diversity,839795.0,99148932,0.01
COD,Democratic Republic of the Congo,Energy,Energy policy and administrative management,788770.0,99148932,0.01
COD,Democratic Republic of the Congo,Government and Civil Society,Public finance management,751658.0,99148932,0.01
COD,Democratic Republic of the Congo,Program Design and Learning,Program Design and Learning,454635.0,99148932,0.00
COD,Democratic Republic of the Congo,Other Multisector,Multisector aid,385072.0,99148932,0.00
COD,Democratic Republic of the Congo,Administration and Oversight,Administration and Oversight,280522.0,99148932,0.00
COD,Democratic Republic of the Congo,Other Social Infrastructure and Services,Social Protection,225604.0,99148932,0.00
COD,Democratic Republic of the Congo,Mineral Resources and Mining,Mineral/mining policy and administrative management,216442.0,99148932,0.00
COD,Democratic Republic of the Congo,Disaster Prevention and Preparedness,Multi-hazard response preparedness,77016.0,99148932,0.00
COD,Democratic Republic of the Congo,General Environmental Protection,Environmental research,59372.0,99148932,0.00
COD,Democratic Republic of the Congo,Business and Other Services,Business Policy and Administation,43969.0,99148932,0.00
COD,Democratic Republic of the Congo,Emergency Response,Material relief assistance and services,-50061.0,99148932,-0.00
COG,Congo,Emergency Response,Relief co-ordination; protection and support services,4569139.0,5892183,0.78
COG,Congo,Emergency Response,Emergency food assistance,112818.0,5892183,0.02
COG,Congo,General Environmental Protection,Bio-diversity,86916.0,5892183,0.01
COG,Congo,Other Multisector,Multisector aid,24988.0,5892183,0.00
COL,Colombia,Emergency Response,Relief co-ordination; protection and support services,158590010.0,51188173,3.10
COL,Colombia,Agriculture,Agricultural alternative development,77320296.0,51188173,1.51
COL,Colombia,Emergency Response,Material relief assistance and services,39465283.0,51188173,0.77
COL,Colombia,Disaster Prevention and Preparedness,Multi-hazard response preparedness,16777585.0,51188173,0.33
COL,Colombia,Basic Health,COVID-19 control,14533768.0,51188173,0.28
COL,Colombia,"Conflict, Peace, and Security","Civilian peace-building, conflict prevention and resolution",12853004.0,51188173,0.25
COL,Colombia,Other Multisector,Multisector aid,12036353.0,51188173,0.24
COL,Colombia,Emergency Response,Emergency food assistance,11862870.0,51188173,0.23
COL,Colombia,General Environmental Protection,Biosphere protection,11679550.0,51188173,0.23
COL,Colombia,General Environmental Protection,Bio-diversity,11576815.0,51188173,0.23
COL,Colombia,Operating Expenses,Operating Expenses,11512783.0,51188173,0.22
COL,Colombia,Government and Civil Society,Legal and judicial development,9115681.0,51188173,0.18
COL,Colombia,Government and Civil Society,Human rights,9072118.0,51188173,0.18
COL,Colombia,Other Social Infrastructure and Services,Social Protection,8934178.0,51188173,0.17
COL,Colombia,Government and Civil Society,Democratic participation and civil society,7073486.0,51188173,0.14
COL,Colombia,Government and Civil Society,Public sector policy and administrative management,4395153.0,51188173,0.09
COL,Colombia,"Conflict, Peace, and Security",Reintegration and SALW control,3836428.0,51188173,0.07
COL,Colombia,Government and Civil Society,Elections,1129847.0,51188173,0.02
COL,Colombia,Government and Civil Society,Ending violence against women and girls,940181.0,51188173,0.02
COL,Colombia,Energy,Electric power transmission and distribution (centralised grids),692104.0,51188173,0.01
COL,Colombia,"Education, Level Unspecified",Education policy and administrative management,360000.0,51188173,0.01
COL,Colombia,Water Supply and Sanitation,Waste management / disposal,179283.0,51188173,0.00
COL,Colombia,General Environmental Protection,Environmental policy and administrative management,169075.0,51188173,0.00
COL,Colombia,Program Design and Learning,Program Design and Learning,144064.0,51188173,0.00
COL,Colombia,Other Multisector,Research/scientific institutions,143270.0,51188173,0.00
COL,Colombia,Energy,Energy policy and administrative management,-45262.0,51188173,-0.00
COM,Comoros,Emergency Response,Relief co-ordination; protection and support services,49027.0,818174,0.06
COM,Comoros,Other Multisector,Multisector aid,8400.0,818174,0.01
CPV,Cabo Verde,Other Multisector,Multisector aid,126777.0,516649,0.25
CPV,Cabo Verde,Government and Civil Society,Human rights,66277.0,516649,0.13
CRI,Costa Rica,Operating Expenses,Operating Expenses,2910388.0,5059988,0.58
CRI,Costa Rica,Post-Secondary Education,Higher education,1273591.0,5059988,0.25
CRI,Costa Rica,Agriculture,Forestry policy and administrative management,673499.0,5059988,0.13
CRI,Costa Rica,Disaster Prevention and Preparedness,Multi-hazard response preparedness,423035.0,5059988,0.08
CRI,Costa Rica,Agriculture,Agricultural development,321599.0,5059988,0.06
CRI,Costa Rica,Basic Health,Basic health care,300652.0,5059988,0.06
CRI,Costa Rica,Water Supply and Sanitation,Water sector policy and administrative management,280049.0,5059988,0.06
CRI,Costa Rica,Government and Civil Society,Public Procurement,166681.0,5059988,0.03
CRI,Costa Rica,Government and Civil Society,Public sector policy and administrative management,161784.0,5059988,0.03
CRI,Costa Rica,Government and Civil Society,Decentralisation and support to subnational government,103928.0,5059988,0.02
CRI,Costa Rica,General Environmental Protection,Biosphere protection,80754.0,5059988,0.02
CRI,Costa Rica,General Environmental Protection,Bio-diversity,78880.0,5059988,0.02
CRI,Costa Rica,Other Multisector,Multisector aid,77089.0,5059988,0.02
CRI,Costa Rica,Government and Civil Society,Democratic participation and civil society,69922.0,5059988,0.01
CRI,Costa Rica,Emergency Response,Relief co-ordination; protection and support services,39499.0,5059988,0.01
CRI,Costa Rica,Business and Other Services,Business Policy and Administation,24014.0,5059988,0.00
CUB,Cuba,Government and Civil Society,Human rights,3480884.0,11122168,0.31
CUB,Cuba,Government and Civil Society,Media and free flow of information,2479554.0,11122168,0.22
CUB,Cuba,Government and Civil Society,Democratic participation and civil society,1614401.0,11122168,0.15
CUB,Cuba,Operating Expenses,Operating Expenses,1050278.0,11122168,0.09
CUB,Cuba,Other Multisector,Multisector aid,117273.0,11122168,0.01
CUB,Cuba,Disaster Prevention and Preparedness,Multi-hazard response preparedness,14700.0,11122168,0.00
CZE,Czechia,Government and Civil Society,Human rights,772323.0,10505772,0.07
CZE,Czechia,Government and Civil Society,Media and free flow of information,671006.0,10505772,0.06
CZE,Czechia,Post-Secondary Education,Higher education,21828.0,10505772,0.00
DJI,Djibouti,Basic Education,Basic life skills for adults,4353730.0,1121248,3.88
DJI,Djibouti,Emergency Response,Relief co-ordination; protection and support services,2999217.0,1121248,2.67
DJI,Djibouti,Basic Education,Primary education,2527626.0,1121248,2.25
DJI,Djibouti,Emergency Response,Emergency food assistance,1182523.0,1121248,1.05
DJI,Djibouti,Operating Expenses,Operating Expenses,1153935.0,1121248,1.03
DJI,Djibouti,Post-Secondary Education,Higher education,767721.0,1121248,0.68
DJI,Djibouti,Government and Civil Society,Democratic participation and civil society,480945.0,1121248,0.43
DJI,Djibouti,Basic Health,COVID-19 control,274404.0,1121248,0.24
DJI,Djibouti,Other Multisector,Multisector aid,250685.0,1121248,0.22
DJI,Djibouti,Program Design and Learning,Program Design and Learning,102027.0,1121248,0.09
DJI,Djibouti,Business and Other Services,Business Policy and Administation,34916.0,1121248,0.03
DJI,Djibouti,Administration and Oversight,Administration and Oversight,31641.0,1121248,0.03
DMA,Dominica,Disaster Prevention and Preparedness,Multi-hazard response preparedness,799769.0,67202,11.90
DMA,Dominica,Emergency Response,Relief co-ordination; protection and support services,509999.0,67202,7.59
DOM,Dominican Republic,Operating Expenses,Operating Expenses,8554487.0,11123476,0.77
DOM,Dominican Republic,Government and Civil Society,Legal and judicial development,4098097.0,11123476,0.37
DOM,Dominican Republic,Basic Health,COVID-19 control,2966350.0,11123476,0.27
DOM,Dominican Republic,Basic Education,Primary education,2963622.0,11123476,0.27
DOM,Dominican Republic,Disaster Prevention and Preparedness,Multi-hazard response preparedness,1289331.0,11123476,0.12
DOM,Dominican Republic,Basic Education,Basic life skills for adults,586436.0,11123476,0.05
DOM,Dominican Republic,Government and Civil Society,Human rights,517036.0,11123476,0.05
DOM,Dominican Republic,Post-Secondary Education,Higher education,464650.0,11123476,0.04
DOM,Dominican Republic,Other Multisector,Multisector aid,458832.0,11123476,0.04
DOM,Dominican Republic,General Environmental Protection,Biosphere protection,267713.0,11123476,0.02
DOM,Dominican Republic,Water Supply and Sanitation,Basic drinking water supply and basic sanitation,263101.0,11123476,0.02
DOM,Dominican Republic,Other Social Infrastructure and Services,Social Protection,235364.0,11123476,0.02
DOM,Dominican Republic,Government and Civil Society,Ending violence against women and girls,171482.0,11123476,0.02
DOM,Dominican Republic,Business and Other Services,Business Policy and Administation,139826.0,11123476,0.01
DOM,Dominican Republic,Water Supply and Sanitation,Water supply and sanitation - large systems,68818.0,11123476,0.01
DOM,Dominican Republic,Government and Civil Society,Democratic participation and civil society,30000.0,11123476,0.00
DOM,Dominican Republic,Program Design and Learning,Program Design and Learning,17304.0,11123476,0.00
DOM,Dominican Republic,Administration and Oversight,Administration and Oversight,7499.0,11123476,0.00
DOM,Dominican Republic,Agriculture,Agricultural policy and administrative management,661.0,11123476,0.00
DOM,Dominican Republic,General Environmental Protection,Bio-diversity,42.0,11123476,0.00
DOM,Dominican Republic,"Conflict, Peace, and Security",Security system management and reform,-65787.0,11123476,-0.01
DZA,Algeria,Trade Policy and Regulations,Trade policy and administrative management,1500000.0,44761099,0.03
DZA,Algeria,Emergency Response,Emergency food assistance,1234200.0,44761099,0.03
DZA,Algeria,Other Multisector,Multisector aid,354204.0,44761099,0.01
DZA,Algeria,Banking and Financial Services,Formal sector financial intermediaries,196384.0,44761099,0.00
DZA,Algeria,Government and Civil Society,Human rights,10992.0,44761099,0.00
ECU,Ecuador,Emergency Response,Relief co-ordination; protection and support services,18415493.0,17682454,1.04
ECU,Ecuador,Basic Health,COVID-19 control,13943031.0,17682454,0.79
ECU,Ecuador,Disaster Prevention and Preparedness,Multi-hazard response preparedness,1214665.0,17682454,0.07
ECU,Ecuador,Government and Civil Society,Public finance management,1213348.0,17682454,0.07
ECU,Ecuador,Emergency Response,Emergency food assistance,1128133.0,17682454,0.06
ECU,Ecuador,Government and Civil Society,Democratic participation and civil society,902471.0,17682454,0.05
ECU,Ecuador,Operating Expenses,Operating Expenses,616871.0,17682454,0.03
ECU,Ecuador,General Environmental Protection,Bio-diversity,409446.0,17682454,0.02
ECU,Ecuador,Other Multisector,Multisector aid,381065.0,17682454,0.02
ECU,Ecuador,Government and Civil Society,Ending violence against women and girls,314242.0,17682454,0.02
ECU,Ecuador,General Environmental Protection,Environmental policy and administrative management,247234.0,17682454,0.01
ECU,Ecuador,Government and Civil Society,Legislatures and political parties,136171.0,17682454,0.01
EGY,Egypt,Banking and Financial Services,Financial policy and administrative management,76959589.0,110957008,0.69
EGY,Egypt,Post-Secondary Education,Higher education,24428526.0,110957008,0.22
EGY,Egypt,Operating Expenses,Operating Expenses,17099912.0,110957008,0.15
EGY,Egypt,Emergency Response,Relief co-ordination; protection and support services,14376452.0,110957008,0.13
EGY,Egypt,Emergency Response,Emergency food assistance,8623509.0,110957008,0.08
EGY,Egypt,Basic Education,Primary education,7528210.0,110957008,0.07
EGY,Egypt,Business and Other Services,Business Policy and Administation,7470298.0,110957008,0.07
EGY,Egypt,Other Multisector,Multisector aid,4664197.0,110957008,0.04
EGY,Egypt,Water Supply and Sanitation,Water supply and sanitation - large systems,4636731.0,110957008,0.04
EGY,Egypt,Government and Civil Society,Public finance management,4469439.0,110957008,0.04
EGY,Egypt,Government and Civil Society,Public sector policy and administrative management,4054850.0,110957008,0.04
EGY,Egypt,Basic Health,COVID-19 control,4000000.0,110957008,0.04
EGY,Egypt,"Maternal and Child Health, Family Planning",Family planning,3691371.0,110957008,0.03
EGY,Egypt,"Education, Level Unspecified",Teacher training,2093426.0,110957008,0.02
EGY,Egypt,Government and Civil Society,Human rights,2067501.0,110957008,0.02
EGY,Egypt,Upper Secondary Education,Vocational training,2041338.0,110957008,0.02
EGY,Egypt,Government and Civil Society,Legal and judicial development,2034446.0,110957008,0.02
EGY,Egypt,Other Social Infrastructure and Services,Social Protection,1747722.0,110957008,0.02
EGY,Egypt,Water Supply and Sanitation,Water supply - large systems,1550630.0,110957008,0.01
EGY,Egypt,Agriculture,Agricultural development,1322875.0,110957008,0.01
EGY,Egypt,"Education, Level Unspecified",Education facilities and training,1319078.0,110957008,0.01
EGY,Egypt,Agriculture,Agricultural services,1074477.0,110957008,0.01
EGY,Egypt,Agriculture,Agricultural policy and administrative management,838764.0,110957008,0.01
EGY,Egypt,Government and Civil Society,Elections,804650.0,110957008,0.01
EGY,Egypt,Basic Health,Infectious disease control,755915.0,110957008,0.01
EGY,Egypt,Transport and Storage,Transport policy and administrative management,251529.0,110957008,0.00
EGY,Egypt,Government and Civil Society,Decentralisation and support to subnational government,170972.0,110957008,0.00
EGY,Egypt,Program Design and Learning,Program Design and Learning,79561.0,110957008,0.00
EGY,Egypt,General Environmental Protection,Environmental research,16416.0,110957008,0.00
EGY,Egypt,Government and Civil Society,Democratic participation and civil society,-28739.0,110957008,-0.00
ETH,Ethiopia,Emergency Response,Relief co-ordination; protection and support services,198069148.0,122138588,1.62
ETH,Ethiopia,Emergency Response,Emergency food assistance,77759307.0,122138588,0.64
ETH,Ethiopia,Agriculture,Agricultural policy and administrative management,39749067.0,122138588,0.33
ETH,Ethiopia,Basic Health,COVID-19 control,26544385.0,122138588,0.22
ETH,Ethiopia,Operating Expenses,Operating Expenses,22590964.0,122138588,0.18
ETH,Ethiopia,General Environmental Protection,Bio-diversity,14965104.0,122138588,0.12
ETH,Ethiopia,Basic Education,Primary education,13258126.0,122138588,0.11
ETH,Ethiopia,Water Supply and Sanitation,Basic drinking water supply and basic sanitation,9567972.0,122138588,0.08
ETH,Ethiopia,Government and Civil Society,Democratic participation and civil society,4977877.0,122138588,0.04
ETH,Ethiopia,"Conflict, Peace, and Security","Civilian peace-building, conflict prevention and resolution",4404455.0,122138588,0.04
ETH,Ethiopia,Government and Civil Society,Legal and judicial development,3945697.0,122138588,0.03
ETH,Ethiopia,Other Multisector,Multisector aid,3331426.0,122138588,0.03
ETH,Ethiopia,Government and Civil Society,Public sector policy and administrative management,2844944.0,122138588,0.02
ETH,Ethiopia,Government and Civil Society,Public finance management,1589490.0,122138588,0.01
ETH,Ethiopia,Basic Health,Basic nutrition,1447510.0,122138588,0.01
ETH,Ethiopia,"Maternal and Child Health, Family Planning",Reproductive health care,1446520.0,122138588,0.01
ETH,Ethiopia,Basic Education,Basic life skills for adults,1294454.0,122138588,0.01
ETH,Ethiopia,Water Supply and Sanitation,Water supply and sanitation - large systems,1041385.0,122138588,0.01
ETH,Ethiopia,Program Design and Learning,Program Design and Learning,692382.0,122138588,0.01
ETH,Ethiopia,Business and Other Services,Business Policy and Administation,596403.0,122138588,0.00
ETH,Ethiopia,General Environmental Protection,Biosphere protection,558212.0,122138588,0.00
ETH,Ethiopia,Agriculture,Agricultural development,299874.0,122138588,0.00
ETH,Ethiopia,Energy,Energy policy and administrative management,287066.0,122138588,0.00
ETH,Ethiopia,Government and Civil Society,Human rights,250175.0,122138588,0.00
ETH,Ethiopia,"Maternal and Child Health, Family Planning",Family planning,232186.0,122138588,0.00
ETH,Ethiopia,Basic Health,Basic health care,208741.0,122138588,0.00
ETH,Ethiopia,HIV/AIDS,STD control including HIV/AIDS,141893.0,122138588,0.00
ETH,Ethiopia,General Environmental Protection,Environmental policy and administrative management,77545.0,122138588,0.00
ETH,Ethiopia,Government and Civil Society,Elections,75100.0,122138588,0.00
ETH,Ethiopia,Government and Civil Society,Anti-corruption organisations and institutions,68524.0,122138588,0.00
ETH,Ethiopia,Administration and Oversight,Administration and Oversight,67730.0,122138588,0.00
ETH,Ethiopia,Disaster Prevention and Preparedness,Multi-hazard response preparedness,50902.0,122138588,0.00
ETH,Ethiopia,Water Supply and Sanitation,Water supply - large systems,38730.0,122138588,0.00
ETH,Ethiopia,Other Multisector,Research/scientific institutions,29213.0,122138588,0.00
ETH,Ethiopia,Banking and Financial Services,Financial policy and administrative management,16878.0,122138588,0.00
ETH,Ethiopia,General Environmental Protection,Environmental research,10500.0,122138588,0.00
ETH,Ethiopia,Government and Civil Society,Decentralisation and support to subnational government,670.0,122138588,0.00
ETH,Ethiopia,Post-Secondary Education,Higher education,-5313.0,122138588,-0.00
ETH,Ethiopia,Emergency Response,Material relief assistance and services,-156355.0,122138588,-0.00
FJI,Fiji,Operating Expenses,Operating Expenses,363861.0,916711,0.40
FJI,Fiji,Basic Health,COVID-19 control,313069.0,916711,0.34
FJI,Fiji,Disaster Prevention and Preparedness,Multi-hazard response preparedness,158878.0,916711,0.17
FJI,Fiji,Emergency Response,Relief co-ordination; protection and support services,127517.0,916711,0.14
FJI,Fiji,General Environmental Protection,Environmental policy and administrative management,26727.0,916711,0.03
FSM,"Micronesia, Federated States of",Emergency Response,Relief co-ordination; protection and support services,1909578.0,111624,17.11
FSM,"Micronesia, Federated States of",Disaster Prevention and Preparedness,Multi-hazard response preparedness,1279229.0,111624,11.46
FSM,"Micronesia, Federated States of",Government and Civil Society,Democratic participation and civil society,307455.0,111624,2.75
FSM,"Micronesia, Federated States of",Operating Expenses,Operating Expenses,254197.0,111624,2.28
FSM,"Micronesia, Federated States of",General Environmental Protection,Bio-diversity,10000.0,111624,0.09
GAB,Gabon,General Environmental Protection,Bio-diversity,2254644.0,2376722,0.95
GAB,Gabon,Other Multisector,Multisector aid,2000.0,2376722,0.00
GEO,Georgia,Business and Other Services,Business Policy and Administation,13977300.0,3708610,3.77
GEO,Georgia,Operating Expenses,Operating Expenses,10745276.0,3708610,2.90
GEO,Georgia,Government and Civil Society,Democratic participation and civil society,7212035.0,3708610,1.94
GEO,Georgia,"Conflict, Peace, and Security","Civilian peace-building, conflict prevention and resolution",6194549.0,3708610,1.67
GEO,Georgia,Government and Civil Society,Legal and judicial development,3464247.0,3708610,0.93
GEO,Georgia,Government and Civil Society,Elections,3100621.0,3708610,0.84
GEO,Georgia,Agriculture,Agricultural policy and administrative management,2318856.0,3708610,0.63
GEO,Georgia,Basic Education,Primary education,2087041.0,3708610,0.56
GEO,Georgia,Government and Civil Society,Public finance management,1631003.0,3708610,0.44
GEO,Georgia,Government and Civil Society,Media and free flow of information,1357934.0,3708610,0.37
GEO,Georgia,Government and Civil Society,Human rights,1177371.0,3708610,0.32
GEO,Georgia,Other Multisector,Multisector aid,1142645.0,3708610,0.31
GEO,Georgia,General Environmental Protection,Environmental policy and administrative management,1124171.0,3708610,0.30
GEO,Georgia,Energy,Energy policy and administrative management,1011448.0,3708610,0.27
GEO,Georgia,Other Social Infrastructure and Services,Social Protection,965820.0,3708610,0.26
GEO,Georgia,Government and Civil Society,Legislatures and political parties,652624.0,3708610,0.18
GEO,Georgia,Emergency Response,Material relief assistance and services,358319.0,3708610,0.10
GEO,Georgia,Basic Education,Basic life skills for adults,357326.0,3708610,0.10
GEO,Georgia,Post-Secondary Education,Higher education,225728.0,3708610,0.06
GEO,Georgia,Government and Civil Society,Domestic revenue mobilisation,194745.0,3708610,0.05
GEO,Georgia,"Education, Level Unspecified",Teacher training,125963.0,3708610,0.03
GEO,Georgia,Basic Health,Basic health care,98209.0,3708610,0.03
GEO,Georgia,"Conflict, Peace, and Security",Security system management and reform,90682.0,3708610,0.02
GEO,Georgia,"Education, Level Unspecified",Education facilities and training,78912.0,3708610,0.02
GEO,Georgia,"Education, Level Unspecified",Education policy and administrative management,26255.0,3708610,0.01
GEO,Georgia,"Education, Level Unspecified",Educational research,15129.0,3708610,0.00
GEO,Georgia,Other Multisector,Research/scientific institutions,8535.0,3708610,0.00
GEO,Georgia,General Environmental Protection,Environmental research,455.0,3708610,0.00
GEO,Georgia,General Environmental Protection,Biosphere protection,-1520.0,3708610,-0.00
GHA,Ghana,Operating Expenses,Operating Expenses,9390887.0,32518665,0.29
GHA,Ghana,Basic Education,Early childhood education,7837597.0,32518665,0.24
GHA,Ghana,Agriculture,Agricultural policy and administrative management,5276522.0,32518665,0.16
GHA,Ghana,Energy,Energy policy and administrative management,4282084.0,32518665,0.13
GHA,Ghana,Water Supply and Sanitation,Water sector policy and administrative management,2468257.0,32518665,0.08
GHA,Ghana,Other Multisector,Multisector aid,2290805.0,32518665,0.07
GHA,Ghana,Water Supply and Sanitation,Basic drinking water supply,2085445.0,32518665,0.06
GHA,Ghana,Water Supply and Sanitation,Water supply and sanitation - large systems,1764349.0,32518665,0.05
GHA,Ghana,Post-Secondary Education,Higher education,1452707.0,32518665,0.04
GHA,Ghana,Government and Civil Society,Decentralisation and support to subnational government,1069481.0,32518665,0.03
GHA,Ghana,Business and Other Services,Business Policy and Administation,1059131.0,32518665,0.03
GHA,Ghana,Government and Civil Society,Public sector policy and administrative management,756167.0,32518665,0.02
GHA,Ghana,Government and Civil Society,Legal and judicial development,724247.0,32518665,0.02
GHA,Ghana,Water Supply and Sanitation,Basic drinking water supply and basic sanitation,710225.0,32518665,0.02
GHA,Ghana,Agriculture,Agricultural development,478524.0,32518665,0.01
GHA,Ghana,Agriculture,Food crop production,316777.0,32518665,0.01
GHA,Ghana,Basic Education,Primary education,283195.0,32518665,0.01
GHA,Ghana,Government and Civil Society,Anti-corruption organisations and institutions,247948.0,32518665,0.01
GHA,Ghana,Trade Policy and Regulations,Trade facilitation,231905.0,32518665,0.01
GHA,Ghana,General Environmental Protection,Biosphere protection,214292.0,32518665,0.01
GHA,Ghana,Upper Secondary Education,Upper Secondary education,200000.0,32518665,0.01
GHA,Ghana,Government and Civil Society,Elections,178863.0,32518665,0.01
GHA,Ghana,Administration and Oversight,Administration and Oversight,164814.0,32518665,0.01
GHA,Ghana,Agriculture,Fishing policy and administrative management,125666.0,32518665,0.00
GHA,Ghana,Energy,Solar energy for centralised grids,119170.0,32518665,0.00
GHA,Ghana,Government and Civil Society,Public finance management,118533.0,32518665,0.00
GHA,Ghana,"Maternal and Child Health, Family Planning",Reproductive health care,104439.0,32518665,0.00
GHA,Ghana,Energy,Wind energy,96530.0,32518665,0.00
GHA,Ghana,General Environmental Protection,Environmental research,88172.0,32518665,0.00
GHA,Ghana,Program Design and Learning,Program Design and Learning,69499.0,32518665,0.00
GHA,Ghana,Agriculture,Forestry policy and administrative management,47339.0,32518665,0.00
GHA,Ghana,Banking and Financial Services,Financial policy and administrative management,23636.0,32518665,0.00
GHA,Ghana,Government and Civil Society,Democratic participation and civil society,21702.0,32518665,0.00
GHA,Ghana,General Environmental Protection,Environmental policy and administrative management,13000.0,32518665,0.00
GHA,Ghana,"Health, General",Medical services,8000.0,32518665,0.00
GHA,Ghana,Government and Civil Society,Human rights,7911.0,32518665,0.00
GHA,Ghana,Basic Health,Basic health care,3358.0,32518665,0.00
GHA,Ghana,Other Social Infrastructure and Services,Social Protection,-268.0,32518665,-0.00
GIN,Guinea,Operating Expenses,Operating Expenses,6623786.0,13710513,0.48
GIN,Guinea,Communications,Information and communication technology (ICT),1418517.0,13710513,0.10
GIN,Guinea,Basic Education,Basic life skills for adults,502374.0,13710513,0.04
GIN,Guinea,Other Multisector,Multisector aid,401795.0,13710513,0.03
GIN,Guinea,"Conflict, Peace, and Security","Civilian peace-building, conflict prevention and resolution",309297.0,13710513,0.02
GIN,Guinea,Government and Civil Society,Public finance management,300000.0,13710513,0.02
GIN,Guinea,Government and Civil Society,Decentralisation and support to subnational government,272149.0,13710513,0.02
GIN,Guinea,Government and Civil Society,Democratic participation and civil society,178383.0,13710513,0.01
GIN,Guinea,Banking and Financial Services,Financial policy and administrative management,78670.0,13710513,0.01
GIN,Guinea,General Environmental Protection,Environmental research,71158.0,13710513,0.01
GIN,Guinea,Program Design and Learning,Program Design and Learning,66045.0,13710513,0.00
GIN,Guinea,General Environmental Protection,Biosphere protection,35884.0,13710513,0.00
GIN,Guinea,Other Social Infrastructure and Services,Social Protection,35187.0,13710513,0.00
GIN,Guinea,Agriculture,Agricultural policy and administrative management,33389.0,13710513,0.00
GIN,Guinea,"Maternal and Child Health, Family Planning",Reproductive health care,20000.0,13710513,0.00
GIN,Guinea,Banking and Financial Services,Informal/semi-formal financial intermediaries,12582.0,13710513,0.00
GIN,Guinea,Water Supply and Sanitation,Waste management / disposal,5449.0,13710513,0.00
GIN,Guinea,Administration and Oversight,Administration and Oversight,671.0,13710513,0.00
GIN,Guinea,HIV/AIDS,STD control including HIV/AIDS,372.0,13710513,0.00
GIN,Guinea,Government and Civil Society,Legislatures and political parties,-441.0,13710513,-0.00
GIN,Guinea,Emergency Response,Relief co-ordination; protection and support services,-642.0,13710513,-0.00
GIN,Guinea,Emergency Response,Material relief assistance and services,-2970.0,13710513,-0.00
GIN,Guinea,Government and Civil Society,Public sector policy and administrative management,-56514.0,13710513,-0.00
GMB,Gambia,Government and Civil Society,Democratic participation and civil society,200000.0,2576010,0.08
GMB,Gambia,Government and Civil Society,Public finance management,137706.0,2576010,0.05
GNB,Guinea-Bissau,Other Multisector,Multisector aid,41636.0,2058841,0.02
GNQ,Equatorial Guinea,Other Multisector,Multisector aid,330000.0,1758786,0.19
GNQ,Equatorial Guinea,General Environmental Protection,Bio-diversity,305130.0,1758786,0.17
GRC,Greece,Basic Health,Basic health care,391265.0,10569207,0.04
GRC,Greece,Post-Secondary Education,Higher education,234643.0,10569207,0.02
GRL,Greenland,Mineral Resources and Mining,Mineral/mining policy and administrative management,173387.0,56653,3.06
GRL,Greenland,General Environmental Protection,Environmental research,4000.0,56653,0.07
GTM,Guatemala,Emergency Response,Relief co-ordination; protection and support services,30373689.0,17598650,1.73
GTM,Guatemala,Government and Civil Society,Democratic participation and civil society,21881371.0,17598650,1.24
GTM,Guatemala,Agriculture,Agricultural policy and administrative management,14747833.0,17598650,0.84
GTM,Guatemala,Operating Expenses,Operating Expenses,13967393.0,17598650,0.79
GTM,Guatemala,Basic Health,COVID-19 control,11848017.0,17598650,0.67
GTM,Guatemala,General Environmental Protection,Environmental policy and administrative management,8777939.0,17598650,0.50
GTM,Guatemala,Basic Education,Basic life skills for adults,6935459.0,17598650,0.39
GTM,Guatemala,Government and Civil Society,Legal and judicial development,6071483.0,17598650,0.34
GTM,Guatemala,Disaster Prevention and Preparedness,Multi-hazard response preparedness,4584175.0,17598650,0.26
GTM,Guatemala,Agriculture,Agricultural development,4290072.0,17598650,0.24
GTM,Guatemala,Basic Education,Primary education,3689737.0,17598650,0.21
GTM,Guatemala,Business and Other Services,Business Policy and Administation,3061438.0,17598650,0.17
GTM,Guatemala,General Environmental Protection,Biosphere protection,2841748.0,17598650,0.16
GTM,Guatemala,Water Supply and Sanitation,Basic drinking water supply and basic sanitation,2203970.0,17598650,0.13
GTM,Guatemala,Other Multisector,Multisector aid,1666167.0,17598650,0.09
GTM,Guatemala,Government and Civil Society,Human rights,1602831.0,17598650,0.09
GTM,Guatemala,Emergency Response,Emergency food assistance,1435372.0,17598650,0.08
GTM,Guatemala,Post-Secondary Education,Higher education,1393641.0,17598650,0.08
GTM,Guatemala,Water Supply and Sanitation,Water supply and sanitation - large systems,1042074.0,17598650,0.06
GTM,Guatemala,Government and Civil Society,Public sector policy and administrative management,419836.0,17598650,0.02
GTM,Guatemala,Government and Civil Society,Anti-corruption organisations and institutions,375746.0,17598650,0.02
GTM,Guatemala,Government and Civil Society,Public finance management,355790.0,17598650,0.02
GTM,Guatemala,Government and Civil Society,Decentralisation and support to subnational government,354115.0,17598650,0.02
GTM,Guatemala,Trade Policy and Regulations,Trade facilitation,332951.0,17598650,0.02
GTM,Guatemala,"Conflict, Peace, and Security",Security system management and reform,290108.0,17598650,0.02
GTM,Guatemala,General Environmental Protection,Bio-diversity,289010.0,17598650,0.02
GTM,Guatemala,Agriculture,Agricultural land resources,38546.0,17598650,0.00
GTM,Guatemala,Water Supply and Sanitation,Water sector policy and administrative management,18577.0,17598650,0.00
GTM,Guatemala,Basic Health,Basic health care,3500.0,17598650,0.00
GTM,Guatemala,Administration and Oversight,Administration and Oversight,1495.0,17598650,0.00
GTM,Guatemala,Program Design and Learning,Program Design and Learning,1300.0,17598650,0.00
GTM,Guatemala,Banking and Financial Services,Informal/semi-formal financial intermediaries,-6732.0,17598650,-0.00
GTM,Guatemala,Government and Civil Society,Domestic revenue mobilisation,-9752.0,17598650,-0.00
GUY,Guyana,Government and Civil Society,Democratic participation and civil society,95960.0,815482,0.12
HND,Honduras,Emergency Response,Relief co-ordination; protection and support services,28492263.0,10289877,2.77
HND,Honduras,Government and Civil Society,Decentralisation and support to subnational government,21033890.0,10289877,2.04
HND,Honduras,Agriculture,Agricultural policy and administrative management,10522128.0,10289877,1.02
HND,Honduras,Operating Expenses,Operating Expenses,8664476.0,10289877,0.84
HND,Honduras,Emergency Response,Emergency food assistance,6686451.0,10289877,0.65
HND,Honduras,Basic Health,COVID-19 control,5994847.0,10289877,0.58
HND,Honduras,Basic Education,Primary education,5039418.0,10289877,0.49
HND,Honduras,Other Multisector,Multisector aid,4824182.0,10289877,0.47
HND,Honduras,General Environmental Protection,Bio-diversity,3343749.0,10289877,0.32
HND,Honduras,"Education, Level Unspecified",Education policy and administrative management,2889990.0,10289877,0.28
HND,Honduras,Disaster Prevention and Preparedness,Multi-hazard response preparedness,2860238.0,10289877,0.28
HND,Honduras,Government and Civil Society,Human rights,1856905.0,10289877,0.18
HND,Honduras,Government and Civil Society,Democratic participation and civil society,1326995.0,10289877,0.13
HND,Honduras,Program Design and Learning,Program Design and Learning,1268396.0,10289877,0.12
HND,Honduras,Government and Civil Society,Public sector policy and administrative management,1150000.0,10289877,0.11
HND,Honduras,Business and Other Services,Business Policy and Administation,776113.0,10289877,0.08
HND,Honduras,Basic Education,Basic life skills for adults,614931.0,10289877,0.06
HND,Honduras,Agriculture,Agricultural development,556965.0,10289877,0.05
HND,Honduras,"Conflict, Peace, and Security","Civilian peace-building, conflict prevention and resolution",460919.0,10289877,0.04
HND,Honduras,Post-Secondary Education,Higher education,290509.0,10289877,0.03
HND,Honduras,Other Social Infrastructure and Services,Employment Creation,116000.0,10289877,0.01
HND,Honduras,Energy,Energy policy and administrative management,93676.0,10289877,0.01
HND,Honduras,General Environmental Protection,Environmental policy and administrative management,69000.0,10289877,0.01
HND,Honduras,Government and Civil Society,Elections,968.0,10289877,0.00
HRV,Croatia,Operating Expenses,Operating Expenses,857460.0,3878981,0.22
HTI,Haiti,Operating Expenses,Operating Expenses,19948035.0,11374586,1.75
HTI,Haiti,Emergency Response,Relief co-ordination; protection and support services,19890948.0,11374586,1.75
HTI,Haiti,Water Supply and Sanitation,Basic drinking water supply and basic sanitation,12699861.0,11374586,1.12
HTI,Haiti,Basic Health,COVID-19 control,9483771.0,11374586,0.83
HTI,Haiti,Energy,Energy policy and administrative management,8682178.0,11374586,0.76
HTI,Haiti,General Environmental Protection,Environmental policy and administrative management,7993787.0,11374586,0.70
HTI,Haiti,Emergency Response,Emergency food assistance,7491718.0,11374586,0.66
HTI,Haiti,Basic Education,Primary education,4470332.0,11374586,0.39
HTI,Haiti,Disaster Prevention and Preparedness,Multi-hazard response preparedness,4437660.0,11374586,0.39
HTI,Haiti,Government and Civil Society,Legal and judicial development,3718385.0,11374586,0.33
HTI,Haiti,Government and Civil Society,Public finance management,2846005.0,11374586,0.25
HTI,Haiti,Government and Civil Society,Democratic participation and civil society,2378283.0,11374586,0.21
HTI,Haiti,Agriculture,Agricultural development,2284640.0,11374586,0.20
HTI,Haiti,"Maternal and Child Health, Family Planning",Reproductive health care,1849382.0,11374586,0.16
HTI,Haiti,Government and Civil Society,Human rights,1809340.0,11374586,0.16
HTI,Haiti,Agriculture,Agricultural policy and administrative management,1456219.0,11374586,0.13
HTI,Haiti,Government and Civil Society,Domestic revenue mobilisation,1435563.0,11374586,0.13
HTI,Haiti,Emergency Response,Material relief assistance and services,1388855.0,11374586,0.12
HTI,Haiti,Other Multisector,Multisector aid,1328196.0,11374586,0.12
HTI,Haiti,Transport and Storage,Transport policy and administrative management,1213233.0,11374586,0.11
HTI,Haiti,HIV/AIDS,STD control including HIV/AIDS,1161444.0,11374586,0.10
HTI,Haiti,Banking and Financial Services,Financial policy and administrative management,1127896.0,11374586,0.10
HTI,Haiti,Basic Education,Basic life skills for adults,1119148.0,11374586,0.10
HTI,Haiti,Government and Civil Society,Decentralisation and support to subnational government,773253.0,11374586,0.07
HTI,Haiti,Other Social Infrastructure and Services,Social Protection,647244.0,11374586,0.06
HTI,Haiti,Government and Civil Society,Public sector policy and administrative management,622549.0,11374586,0.05
HTI,Haiti,Business and Other Services,Business Policy and Administation,575174.0,11374586,0.05
HTI,Haiti,Basic Health,Basic health care,306238.0,11374586,0.03
HTI,Haiti,Water Supply and Sanitation,Basic sanitation,238678.0,11374586,0.02
HTI,Haiti,"Education, Level Unspecified",Education facilities and training,230200.0,11374586,0.02
HTI,Haiti,Banking and Financial Services,Informal/semi-formal financial intermediaries,210601.0,11374586,0.02
HTI,Haiti,Program Design and Learning,Program Design and Learning,145647.0,11374586,0.01
HTI,Haiti,Administration and Oversight,Administration and Oversight,144826.0,11374586,0.01
HTI,Haiti,General Environmental Protection,Bio-diversity,140000.0,11374586,0.01
HTI,Haiti,General Environmental Protection,Biosphere protection,35053.0,11374586,0.00
HTI,Haiti,Basic Health,Basic nutrition,13868.0,11374586,0.00
HTI,Haiti,General Environmental Protection,Environmental research,2158.0,11374586,0.00
HTI,Haiti,Government and Civil Society,Legislatures and political parties,714.0,11374586,0.00
HTI,Haiti,Water Supply and Sanitation,Water sector policy and administrative management,-164.0,11374586,-0.00
HTI,Haiti,Trade Policy and Regulations,Trade facilitation,-2612.0,11374586,-0.00
HTI,Haiti,Industry,Small and medium-sized enterprises (SME) development,-6028.0,11374586,-0.00
HTI,Haiti,Water Supply and Sanitation,Water supply - large systems,-793345.0,11374586,-0.07
HUN,Hungary,Operating Expenses,Operating Expenses,1937319.0,9630932,0.20
HUN,Hungary,Emergency Response,Relief co-ordination; protection and support services,211820.0,9630932,0.02
HUN,Hungary,Disaster Prevention and Preparedness,Multi-hazard response preparedness,24850.0,9630932,0.00
IDN,Indonesia,Operating Expenses,Operating Expenses,15727559.0,276758053,0.06
IDN,Indonesia,Government and Civil Society,Democratic participation and civil society,13889341.0,276758053,0.05
IDN,Indonesia,General Environmental Protection,Environmental policy and administrative management,11668549.0,276758053,0.04
IDN,Indonesia,Water Supply and Sanitation,Water supply and sanitation - large systems,9814047.0,276758053,0.04
IDN,Indonesia,Disaster Prevention and Preparedness,Multi-hazard response preparedness,4357787.0,276758053,0.02
IDN,Indonesia,Business and Other Services,Business Policy and Administation,3095904.0,276758053,0.01
IDN,Indonesia,Government and Civil Society,Legal and judicial development,3071661.0,276758053,0.01
IDN,Indonesia,Trade Policy and Regulations,Trade policy and administrative management,2672811.0,276758053,0.01
IDN,Indonesia,Post-Secondary Education,Higher education,2332585.0,276758053,0.01
IDN,Indonesia,Basic Health,COVID-19 control,1495328.0,276758053,0.01
IDN,Indonesia,Trade Policy and Regulations,Trade facilitation,1295832.0,276758053,0.00
IDN,Indonesia,Energy,Energy policy and administrative management,702729.0,276758053,0.00
IDN,Indonesia,Government and Civil Society,Media and free flow of information,676449.0,276758053,0.00
IDN,Indonesia,Basic Education,Primary education,602332.0,276758053,0.00
IDN,Indonesia,Emergency Response,Relief co-ordination; protection and support services,375393.0,276758053,0.00
IDN,Indonesia,Government and Civil Society,Human rights,311712.0,276758053,0.00
IDN,Indonesia,General Environmental Protection,Biosphere protection,260372.0,276758053,0.00
IDN,Indonesia,General Environmental Protection,Bio-diversity,241007.0,276758053,0.00
IDN,Indonesia,Other Social Infrastructure and Services,Social Protection,227312.0,276758053,0.00
IDN,Indonesia,"Conflict, Peace, and Security",Prevention of Violent Extremism,191356.0,276758053,0.00
IDN,Indonesia,Other Multisector,Multisector aid,168583.0,276758053,0.00
IDN,Indonesia,Government and Civil Society,Fight against transnational organised crime,158385.0,276758053,0.00
IDN,Indonesia,Water Supply and Sanitation,Basic drinking water supply and basic sanitation,38157.0,276758053,0.00
IDN,Indonesia,Government and Civil Society,Legislatures and political parties,1395.0,276758053,0.00
IDN,Indonesia,Administration and Oversight,Administration and Oversight,-221.0,276758053,-0.00
IND,India,Basic Health,COVID-19 control,13446530.0,1414203896,0.01
IND,India,Operating Expenses,Operating Expenses,10342652.0,1414203896,0.01
IND,India,Energy,Energy policy and administrative management,7560179.0,1414203896,0.01
IND,India,Water Supply and Sanitation,Sanitation - large systems,4160807.0,1414203896,0.00
IND,India,General Environmental Protection,Environmental policy and administrative management,3440080.0,1414203896,0.00
IND,India,Other Social Infrastructure and Services,Social Protection,3403701.0,1414203896,0.00
IND,India,Other Multisector,Research/scientific institutions,1565534.0,1414203896,0.00
IND,India,General Environmental Protection,Biosphere protection,1345248.0,1414203896,0.00
IND,India,Business and Other Services,Business Policy and Administation,1288622.0,1414203896,0.00
IND,India,Basic Education,Primary education,1239638.0,1414203896,0.00
IND,India,Basic Health,Basic health care,882770.0,1414203896,0.00
IND,India,Banking and Financial Services,Financial policy and administrative management,836021.0,1414203896,0.00
IND,India,Water Supply and Sanitation,Basic drinking water supply and basic sanitation,743715.0,1414203896,0.00
IND,India,Water Supply and Sanitation,Water supply and sanitation - large systems,743323.0,1414203896,0.00
IND,India,Basic Education,Basic life skills for adults,690294.0,1414203896,0.00
IND,India,Water Supply and Sanitation,Basic sanitation,574270.0,1414203896,0.00
IND,India,Government and Civil Society,Democratic participation and civil society,548384.0,1414203896,0.00
IND,India,"Maternal and Child Health, Family Planning",Reproductive health care,538387.0,1414203896,0.00
IND,India,Disaster Prevention and Preparedness,Multi-hazard response preparedness,378269.0,1414203896,0.00
IND,India,Water Supply and Sanitation,Water sector policy and administrative management,322684.0,1414203896,0.00
IND,India,Government and Civil Society,"Women’s rights organisations and movements, and government institutions",231656.0,1414203896,0.00
IND,India,Other Multisector,Multisector aid,201377.0,1414203896,0.00
IND,India,Post-Secondary Education,Higher education,200000.0,1414203896,0.00
IND,India,Agriculture,Agricultural development,101477.0,1414203896,0.00
IND,India,Basic Health,Health education,16629.0,1414203896,0.00
IND,India,Industry,Small and medium-sized enterprises (SME) development,56.0,1414203896,0.00
IND,India,Agriculture,Agricultural policy and administrative management,-210715.0,1414203896,-0.00
IRQ,Iraq,Emergency Response,Relief co-ordination; protection and support services,138619164.0,43071211,3.22
IRQ,Iraq,"Conflict, Peace, and Security","Civilian peace-building, conflict prevention and resolution",117962668.0,43071211,2.74
IRQ,Iraq,Government and Civil Society,Democratic participation and civil society,46248745.0,43071211,1.07
IRQ,Iraq,Basic Health,COVID-19 control,30489581.0,43071211,0.71
IRQ,Iraq,Operating Expenses,Operating Expenses,21971793.0,43071211,0.51
IRQ,Iraq,Business and Other Services,Business Policy and Administation,9414863.0,43071211,0.22
IRQ,Iraq,Government and Civil Society,Public finance management,8171786.0,43071211,0.19
IRQ,Iraq,Post-Secondary Education,Higher education,6723679.0,43071211,0.16
IRQ,Iraq,Government and Civil Society,Public sector policy and administrative management,5850000.0,43071211,0.14
IRQ,Iraq,Government and Civil Society,Legal and judicial development,2034946.0,43071211,0.05
IRQ,Iraq,Government and Civil Society,Transitional justice,1900000.0,43071211,0.04
IRQ,Iraq,Other Multisector,Multisector aid,1466021.0,43071211,0.03
IRQ,Iraq,"Education, Level Unspecified",Education facilities and training,168765.0,43071211,0.00
IRQ,Iraq,Government and Civil Society,Human rights,95694.0,43071211,0.00
IRQ,Iraq,Disaster Prevention and Preparedness,Multi-hazard response preparedness,1043.0,43071211,0.00
IRQ,Iraq,Emergency Response,Material relief assistance and services,-1753.0,43071211,-0.00
IRQ,Iraq,Government and Civil Society,Decentralisation and support to subnational government,-26762.0,43071211,-0.00
IRQ,Iraq,Basic Education,Basic life skills for adults,-178849.0,43071211,-0.00
ISR,Israel,Basic Health,Basic health care,747993.0,9371400,0.08
ISR,Israel,Other Multisector,Multisector aid,468279.0,9371400,0.05
ISR,Israel,Post-Secondary Education,Higher education,280433.0,9371400,0.03
ISR,Israel,Agriculture,Agricultural research,241183.0,9371400,0.03
ISR,Israel,"Conflict, Peace, and Security","Civilian peace-building, conflict prevention and resolution",236476.0,9371400,0.03
ISR,Israel,General Environmental Protection,Environmental policy and administrative management,229847.0,9371400,0.02
ISR,Israel,Agriculture,Food crop production,188391.0,9371400,0.02
ISR,Israel,Government and Civil Society,Public sector policy and administrative management,160209.0,9371400,0.02
ISR,Israel,Water Supply and Sanitation,Sanitation - large systems,104846.0,9371400,0.01
ISR,Israel,Industry,Agro-industries,103177.0,9371400,0.01
ISR,Israel,Agriculture,Agricultural inputs,35332.0,9371400,0.00
ISR,Israel,Government and Civil Society,Ending violence against women and girls,25440.0,9371400,0.00
ISR,Israel,General Environmental Protection,Bio-diversity,14620.0,9371400,0.00
ISR,Israel,Water Supply and Sanitation,Water sector policy and administrative management,5668.0,9371400,0.00
ISR,Israel,Operating Expenses,Operating Expenses,447.0,9371400,0.00
ITA,Italy,Basic Health,COVID-19 control,8546554.0,59133173,0.14
JAM,Jamaica,Operating Expenses,Operating Expenses,3185283.0,2837682,1.12
JAM,Jamaica,Government and Civil Society,Democratic participation and civil society,3005449.0,2837682,1.06
JAM,Jamaica,Basic Education,Basic life skills for adults,890936.0,2837682,0.31
JAM,Jamaica,Government and Civil Society,Human rights,874243.0,2837682,0.31
JAM,Jamaica,Basic Health,COVID-19 control,536065.0,2837682,0.19
JAM,Jamaica,Disaster Prevention and Preparedness,Multi-hazard response preparedness,517955.0,2837682,0.18
JAM,Jamaica,Basic Education,Primary education,341329.0,2837682,0.12
JAM,Jamaica,Other Social Infrastructure and Services,Social Protection,320083.0,2837682,0.11
JAM,Jamaica,Other Multisector,Multisector aid,268856.0,2837682,0.09
JAM,Jamaica,"Health, General",Health policy and administrative management,52993.0,2837682,0.02
JAM,Jamaica,Administration and Oversight,Administration and Oversight,15000.0,2837682,0.01
JAM,Jamaica,General Environmental Protection,Bio-diversity,13600.0,2837682,0.00
JAM,Jamaica,General Environmental Protection,Environmental policy and administrative management,-1078.0,2837682,-0.00
JOR,Jordan,Operating Expenses,Operating Expenses,623023123.0,11066356,56.30
JOR,Jordan,Basic Education,Primary education,96951940.0,11066356,8.76
JOR,Jordan,Emergency Response,Relief co-ordination; protection and support services,62823721.0,11066356,5.68
JOR,Jordan,Business and Other Services,Business Policy and Administation,37353405.0,11066356,3.38
JOR,Jordan,Other Social Infrastructure and Services,Social Protection,34648771.0,11066356,3.13
JOR,Jordan,Water Supply and Sanitation,Water supply - large systems,28964961.0,11066356,2.62
JOR,Jordan,Government and Civil Society,Democratic participation and civil society,21662268.0,11066356,1.96
JOR,Jordan,"Maternal and Child Health, Family Planning",Family planning,16167205.0,11066356,1.46
JOR,Jordan,Water Supply and Sanitation,Sanitation - large systems,11236809.0,11066356,1.02
JOR,Jordan,Emergency Response,Emergency food assistance,10007939.0,11066356,0.90
JOR,Jordan,General Budget Support,General budget support-related aid,8934922.0,11066356,0.81
JOR,Jordan,"Maternal and Child Health, Family Planning",Reproductive health care,8716796.0,11066356,0.79
JOR,Jordan,Basic Health,COVID-19 control,8524300.0,11066356,0.77
JOR,Jordan,Government and Civil Society,Public finance management,7711597.0,11066356,0.70
JOR,Jordan,Water Supply and Sanitation,Water resources conservation (including data collection),7631849.0,11066356,0.69
JOR,Jordan,Government and Civil Society,Legal and judicial development,7444903.0,11066356,0.67
JOR,Jordan,Water Supply and Sanitation,Water supply and sanitation - large systems,7185904.0,11066356,0.65
JOR,Jordan,Basic Education,Basic life skills for adults,6804316.0,11066356,0.61
JOR,Jordan,Basic Health,Basic health care,5066998.0,11066356,0.46
JOR,Jordan,Other Multisector,Multisector aid,3627222.0,11066356,0.33
JOR,Jordan,General Environmental Protection,Environmental policy and administrative management,2612734.0,11066356,0.24
JOR,Jordan,Basic Health,Basic nutrition,2140899.0,11066356,0.19
JOR,Jordan,"Conflict, Peace, and Security","Civilian peace-building, conflict prevention and resolution",1550000.0,11066356,0.14
JOR,Jordan,Water Supply and Sanitation,Basic drinking water supply and basic sanitation,1542237.0,11066356,0.14
JOR,Jordan,Government and Civil Society,Public sector policy and administrative management,1179019.0,11066356,0.11
JOR,Jordan,"Education, Level Unspecified",Education facilities and training,983834.0,11066356,0.09
JOR,Jordan,Government and Civil Society,Domestic revenue mobilisation,695666.0,11066356,0.06
JOR,Jordan,Water Supply and Sanitation,Water sector policy and administrative management,600000.0,11066356,0.05
JOR,Jordan,Government and Civil Society,Human rights,500000.0,11066356,0.05
JOR,Jordan,Disaster Prevention and Preparedness,Multi-hazard response preparedness,415181.0,11066356,0.04
JOR,Jordan,General Environmental Protection,Bio-diversity,300000.0,11066356,0.03
JOR,Jordan,Trade Policy and Regulations,Trade facilitation,117863.0,11066356,0.01
JOR,Jordan,Program Design and Learning,Program Design and Learning,115042.0,11066356,0.01
JOR,Jordan,Other Multisector,Research/scientific institutions,101037.0,11066356,0.01
JOR,Jordan,Energy,Energy policy and administrative management,95574.0,11066356,0.01
JOR,Jordan,Government and Civil Society,"Women’s rights organisations and movements, and government institutions",81215.0,11066356,0.01
JOR,Jordan,"Health, General",Health policy and administrative management,70888.0,11066356,0.01
JOR,Jordan,General Environmental Protection,Environmental research,50781.0,11066356,0.00
JOR,Jordan,Trade Policy and Regulations,Trade policy and administrative management,40560.0,11066356,0.00
JOR,Jordan,Agriculture,Agricultural research,5524.0,11066356,0.00
JOR,Jordan,Other Social Infrastructure and Services,Culture and recreation,4843.0,11066356,0.00
JOR,Jordan,General Environmental Protection,Environmental education/ training,2000.0,11066356,0.00
JOR,Jordan,"Health, General",Medical research,1591.0,11066356,0.00
JPN,Japan,Disaster Prevention and Preparedness,Multi-hazard response preparedness,126448.0,125681593,0.00
KAZ,Kazakhstan,Operating Expenses,Operating Expenses,3240040.0,19743603,0.16
KAZ,Kazakhstan,Government and Civil Society,Democratic participation and civil society,1119193.0,19743603,0.06
KAZ,Kazakhstan,Government and Civil Society,Human rights,1098448.0,19743603,0.06
KAZ,Kazakhstan,Other Multisector,Multisector aid,1030692.0,19743603,0.05
KAZ,Kazakhstan,Energy,Energy policy and administrative management,996966.0,19743603,0.05
KAZ,Kazakhstan,Other Multisector,Multisector education/training,752407.0,19743603,0.04
KAZ,Kazakhstan,Post-Secondary Education,Higher education,282839.0,19743603,0.01
KAZ,Kazakhstan,Government and Civil Society,Legal and judicial development,236714.0,19743603,0.01
KAZ,Kazakhstan,Government and Civil Society,Media and free flow of information,227150.0,19743603,0.01
KAZ,Kazakhstan,"Education, Level Unspecified",Education policy and administrative management,172471.0,19743603,0.01
KAZ,Kazakhstan,Government and Civil Society,Fight against transnational organised crime,136288.0,19743603,0.01
KAZ,Kazakhstan,"Conflict, Peace, and Security",Prevention of Violent Extremism,111812.0,19743603,0.01
KAZ,Kazakhstan,General Environmental Protection,Biosphere protection,110509.0,19743603,0.01
KAZ,Kazakhstan,Basic Health,COVID-19 control,73513.0,19743603,0.00
KAZ,Kazakhstan,"Education, Level Unspecified",Teacher training,56122.0,19743603,0.00
KAZ,Kazakhstan,General Environmental Protection,Environmental policy and administrative management,46374.0,19743603,0.00
KAZ,Kazakhstan,Basic Education,Primary education,23358.0,19743603,0.00
KAZ,Kazakhstan,Upper Secondary Education,Upper Secondary education,16424.0,19743603,0.00
KEN,Kenya,Agriculture,Agricultural policy and administrative management,42309345.0,53219166,0.80
KEN,Kenya,Emergency Response,Relief co-ordination; protection and support services,40640941.0,53219166,0.76
KEN,Kenya,Operating Expenses,Operating Expenses,29996722.0,53219166,0.56
KEN,Kenya,Emergency Response,Emergency food assistance,9917227.0,53219166,0.19
KEN,Kenya,Water Supply and Sanitation,Water supply and sanitation - large systems,9000218.0,53219166,0.17
KEN,Kenya,Basic Health,COVID-19 control,8968141.0,53219166,0.17
KEN,Kenya,Basic Education,Primary education,6611784.0,53219166,0.12
KEN,Kenya,General Environmental Protection,Environmental policy and administrative management,6275560.0,53219166,0.12
KEN,Kenya,Government and Civil Society,Democratic participation and civil society,3360895.0,53219166,0.06
KEN,Kenya,Water Supply and Sanitation,Basic drinking water supply and basic sanitation,2661149.0,53219166,0.05
KEN,Kenya,Basic Education,Basic life skills for adults,2000000.0,53219166,0.04
KEN,Kenya,"Conflict, Peace, and Security","Civilian peace-building, conflict prevention and resolution",1610115.0,53219166,0.03
KEN,Kenya,Business and Other Services,Business Policy and Administation,1303814.0,53219166,0.02
KEN,Kenya,Government and Civil Society,Countering violent extremism,1205893.0,53219166,0.02
KEN,Kenya,Agriculture,Agricultural development,1118136.0,53219166,0.02
KEN,Kenya,Other Multisector,Multisector aid,741355.0,53219166,0.01
KEN,Kenya,Basic Health,Basic health care,418347.0,53219166,0.01
KEN,Kenya,Government and Civil Society,Public finance management,358004.0,53219166,0.01
KEN,Kenya,Energy,Hydro-electric power plants,275523.0,53219166,0.01
KEN,Kenya,General Environmental Protection,Biosphere protection,273480.0,53219166,0.01
KEN,Kenya,Post-Secondary Education,Higher education,243009.0,53219166,0.00
KEN,Kenya,Water Supply and Sanitation,Water supply - large systems,223386.0,53219166,0.00
KEN,Kenya,"Maternal and Child Health, Family Planning",Reproductive health care,165415.0,53219166,0.00
KEN,Kenya,Basic Health,Basic nutrition,150000.0,53219166,0.00
KEN,Kenya,"Conflict, Peace, and Security",Security system management and reform,77479.0,53219166,0.00
KEN,Kenya,General Environmental Protection,Environmental research,44277.0,53219166,0.00
KEN,Kenya,HIV/AIDS,STD control including HIV/AIDS,18280.0,53219166,0.00
KEN,Kenya,Government and Civil Society,Legislatures and political parties,3963.0,53219166,0.00
KGZ,Kyrgyzstan,Business and Other Services,Business Policy and Administation,6993267.0,6851224,1.02
KGZ,Kyrgyzstan,Basic Education,Primary education,5647979.0,6851224,0.82
KGZ,Kyrgyzstan,Operating Expenses,Operating Expenses,3649553.0,6851224,0.53
KGZ,Kyrgyzstan,Government and Civil Society,Democratic participation and civil society,3142524.0,6851224,0.46
KGZ,Kyrgyzstan,Basic Health,COVID-19 control,2565903.0,6851224,0.37
KGZ,Kyrgyzstan,Other Multisector,Multisector aid,2209190.0,6851224,0.32
KGZ,Kyrgyzstan,Government and Civil Society,Decentralisation and support to subnational government,1692760.0,6851224,0.25
KGZ,Kyrgyzstan,Government and Civil Society,Media and free flow of information,1626187.0,6851224,0.24
KGZ,Kyrgyzstan,Government and Civil Society,Legal and judicial development,1400743.0,6851224,0.20
KGZ,Kyrgyzstan,Other Multisector,Multisector education/training,1271832.0,6851224,0.19
KGZ,Kyrgyzstan,Government and Civil Society,Human rights,861971.0,6851224,0.13
KGZ,Kyrgyzstan,"Education, Level Unspecified",Education facilities and training,504295.0,6851224,0.07
KGZ,Kyrgyzstan,Government and Civil Society,Legislatures and political parties,485843.0,6851224,0.07
KGZ,Kyrgyzstan,Post-Secondary Education,Higher education,477547.0,6851224,0.07
KGZ,Kyrgyzstan,Government and Civil Society,Anti-corruption organisations and institutions,200000.0,6851224,0.03
KGZ,Kyrgyzstan,"Education, Level Unspecified",Education policy and administrative management,170977.0,6851224,0.02
KGZ,Kyrgyzstan,Government and Civil Society,Fight against transnational organised crime,78332.0,6851224,0.01
KGZ,Kyrgyzstan,Government and Civil Society,Ending violence against women and girls,72085.0,6851224,0.01
KGZ,Kyrgyzstan,Business and Other Services,Business development services,26300.0,6851224,0.00
KGZ,Kyrgyzstan,Government and Civil Society,Countering violent extremism,22490.0,6851224,0.00
KGZ,Kyrgyzstan,General Environmental Protection,Environmental policy and administrative management,15000.0,6851224,0.00
KGZ,Kyrgyzstan,"Education, Level Unspecified",Teacher training,12904.0,6851224,0.00
KGZ,Kyrgyzstan,Upper Secondary Education,Vocational training,11300.0,6851224,0.00
KGZ,Kyrgyzstan,Government and Civil Society,Elections,11262.0,6851224,0.00
KGZ,Kyrgyzstan,Government and Civil Society,Public sector policy and administrative management,10233.0,6851224,0.00
KGZ,Kyrgyzstan,General Environmental Protection,Biosphere protection,4000.0,6851224,0.00
KGZ,Kyrgyzstan,"Maternal and Child Health, Family Planning",Family planning,-6304.0,6851224,-0.00
KGZ,Kyrgyzstan,Energy,Energy policy and administrative management,-48140.0,6851224,-0.01
KHM,Cambodia,Government and Civil Society,Democratic participation and civil society,12310633.0,16974305,0.73
KHM,Cambodia,Operating Expenses,Operating Expenses,7997416.0,16974305,0.47
KHM,Cambodia,Basic Education,Primary education,6361590.0,16974305,0.37
KHM,Cambodia,General Environmental Protection,Biosphere protection,5642540.0,16974305,0.33
KHM,Cambodia,Agriculture,Agricultural policy and administrative management,5338239.0,16974305,0.31
KHM,Cambodia,General Environmental Protection,Bio-diversity,4652204.0,16974305,0.27
KHM,Cambodia,Government and Civil Society,Human rights,4380591.0,16974305,0.26
KHM,Cambodia,Other Social Infrastructure and Services,Employment Creation,3371974.0,16974305,0.20
KHM,Cambodia,Agriculture,Food crop production,3098569.0,16974305,0.18
KHM,Cambodia,Other Multisector,Multisector aid,2871953.0,16974305,0.17
KHM,Cambodia,Basic Health,COVID-19 control,1995410.0,16974305,0.12
KHM,Cambodia,Government and Civil Society,Media and free flow of information,691747.0,16974305,0.04
KHM,Cambodia,Basic Health,Basic health care,633303.0,16974305,0.04
KHM,Cambodia,Disaster Prevention and Preparedness,Multi-hazard response preparedness,533972.0,16974305,0.03
KHM,Cambodia,"Education, Level Unspecified",Education policy and administrative management,378325.0,16974305,0.02
KHM,Cambodia,Other Multisector,Research/scientific institutions,250000.0,16974305,0.01
KHM,Cambodia,Government and Civil Society,Anti-corruption organisations and institutions,187063.0,16974305,0.01
KHM,Cambodia,Basic Education,Early childhood education,168424.0,16974305,0.01
KHM,Cambodia,Emergency Response,Relief co-ordination; protection and support services,100000.0,16974305,0.01
KHM,Cambodia,Emergency Response,Emergency food assistance,73661.0,16974305,0.00
KHM,Cambodia,"Health, General",Health policy and administrative management,49376.0,16974305,0.00
KHM,Cambodia,Other Social Infrastructure and Services,Social Protection,12918.0,16974305,0.00
KHM,Cambodia,Water Supply and Sanitation,Basic drinking water supply and basic sanitation,139.0,16974305,0.00
KHM,Cambodia,Government and Civil Society,Public sector policy and administrative management,-52510.0,16974305,-0.00
KOR,"Korea, Republic of",Disaster Prevention and Preparedness,Multi-hazard response preparedness,244992.0,51769539,0.00
KWT,Kuwait,Other Multisector,Multisector aid,898117.0,4360865,0.21
KWT,Kuwait,Government and Civil Society,Democratic participation and civil society,129106.0,4360865,0.03
KWT,Kuwait,Other Social Infrastructure and Services,Labour Rights,123400.0,4360865,0.03
KWT,Kuwait,Government and Civil Society,Ending violence against women and girls,66688.0,4360865,0.02
KWT,Kuwait,Government and Civil Society,"Women’s rights organisations and movements, and government institutions",52056.0,4360865,0.01
KWT,Kuwait,Tourism,Tourism policy and administrative management,39830.0,4360865,0.01
LAO,Laos,Basic Education,Primary education,5357289.0,7453194,0.72
LAO,Laos,Operating Expenses,Operating Expenses,3424822.0,7453194,0.46
LAO,Laos,Government and Civil Society,Legal and judicial development,2104965.0,7453194,0.28
LAO,Laos,Business and Other Services,Business Policy and Administation,2049999.0,7453194,0.28
LAO,Laos,Trade Policy and Regulations,Trade facilitation,1500000.0,7453194,0.20
LAO,Laos,Other Social Infrastructure and Services,Social Protection,1328020.0,7453194,0.18
LAO,Laos,Government and Civil Society,Human rights,1077380.0,7453194,0.14
LAO,Laos,Energy,Energy policy and administrative management,884435.0,7453194,0.12
LAO,Laos,Basic Health,Basic nutrition,873170.0,7453194,0.12
LAO,Laos,Basic Health,COVID-19 control,699882.0,7453194,0.09
LAO,Laos,Government and Civil Society,Democratic participation and civil society,466299.0,7453194,0.06
LAO,Laos,Disaster Prevention and Preparedness,Multi-hazard response preparedness,428445.0,7453194,0.06
LAO,Laos,Other Multisector,Research/scientific institutions,151632.0,7453194,0.02
LAO,Laos,Other Multisector,Multisector aid,87.0,7453194,0.00
LBN,Lebanon,Emergency Response,Relief co-ordination; protection and support services,58325853.0,5718122,10.20
LBN,Lebanon,Post-Secondary Education,Higher education,36658644.0,5718122,6.41
LBN,Lebanon,Business and Other Services,Business Policy and Administation,32390615.0,5718122,5.66
LBN,Lebanon,Basic Health,COVID-19 control,17671745.0,5718122,3.09
LBN,Lebanon,Emergency Response,Emergency food assistance,14804633.0,5718122,2.59
LBN,Lebanon,Government and Civil Society,Decentralisation and support to subnational government,13852533.0,5718122,2.42
LBN,Lebanon,Water Supply and Sanitation,Basic drinking water supply,11374470.0,5718122,1.99
LBN,Lebanon,Basic Education,Primary education,11121003.0,5718122,1.94
LBN,Lebanon,Operating Expenses,Operating Expenses,10938398.0,5718122,1.91
LBN,Lebanon,Water Supply and Sanitation,Water sector policy and administrative management,5733253.0,5718122,1.00
LBN,Lebanon,Government and Civil Society,Democratic participation and civil society,5328809.0,5718122,0.93
LBN,Lebanon,Other Multisector,Multisector aid,2993373.0,5718122,0.52
LBN,Lebanon,Basic Health,Basic health care,2005341.0,5718122,0.35
LBN,Lebanon,Government and Civil Society,Legal and judicial development,2000000.0,5718122,0.35
LBN,Lebanon,Other Multisector,Research/scientific institutions,1825509.0,5718122,0.32
LBN,Lebanon,Water Supply and Sanitation,Basic drinking water supply and basic sanitation,1744235.0,5718122,0.31
LBN,Lebanon,Government and Civil Society,"Women’s rights organisations and movements, and government institutions",1351814.0,5718122,0.24
LBN,Lebanon,Water Supply and Sanitation,Basic sanitation,1002731.0,5718122,0.18
LBN,Lebanon,Industry,Small and medium-sized enterprises (SME) development,852500.0,5718122,0.15
LBN,Lebanon,"Conflict, Peace, and Security","Civilian peace-building, conflict prevention and resolution",226315.0,5718122,0.04
LBN,Lebanon,Other Social Infrastructure and Services,Employment Creation,195279.0,5718122,0.03
LBN,Lebanon,Disaster Prevention and Preparedness,Multi-hazard response preparedness,180671.0,5718122,0.03
LBN,Lebanon,Tourism,Tourism policy and administrative management,110959.0,5718122,0.02
LBN,Lebanon,General Environmental Protection,Biosphere protection,58828.0,5718122,0.01
LBN,Lebanon,Water Supply and Sanitation,Water supply - large systems,26754.0,5718122,0.00
LBN,Lebanon,"Education, Level Unspecified",Teacher training,9026.0,5718122,0.00
LBR,Liberia,Operating Expenses,Operating Expenses,19611968.0,5259323,3.73
LBR,Liberia,Basic Education,Primary education,13491389.0,5259323,2.57
LBR,Liberia,Government and Civil Society,Democratic participation and civil society,4921211.0,5259323,0.94
LBR,Liberia,Other Social Infrastructure and Services,Social Protection,3899212.0,5259323,0.74
LBR,Liberia,Agriculture,Agricultural policy and administrative management,3873629.0,5259323,0.74
LBR,Liberia,Basic Education,Basic life skills for adults,3498467.0,5259323,0.67
LBR,Liberia,Government and Civil Society,Domestic revenue mobilisation,3014178.0,5259323,0.57
LBR,Liberia,Business and Other Services,Business Policy and Administation,2687367.0,5259323,0.51
LBR,Liberia,Water Supply and Sanitation,Basic drinking water supply and basic sanitation,2369514.0,5259323,0.45
LBR,Liberia,Water Supply and Sanitation,Water supply and sanitation - large systems,1632165.0,5259323,0.31
LBR,Liberia,Energy,Energy policy and administrative management,1546784.0,5259323,0.29
LBR,Liberia,General Environmental Protection,Environmental policy and administrative management,1470995.0,5259323,0.28
LBR,Liberia,Emergency Response,Relief co-ordination; protection and support services,1392827.0,5259323,0.26
LBR,Liberia,Other Multisector,Multisector aid,1073457.0,5259323,0.20
LBR,Liberia,Basic Health,COVID-19 control,986579.0,5259323,0.19
LBR,Liberia,Government and Civil Society,Public finance management,803994.0,5259323,0.15
LBR,Liberia,Water Supply and Sanitation,Water supply - large systems,602538.0,5259323,0.11
LBR,Liberia,Basic Education,School feeding,400000.0,5259323,0.08
LBR,Liberia,Post-Secondary Education,Higher education,337974.0,5259323,0.06
LBR,Liberia,Government and Civil Society,Media and free flow of information,325500.0,5259323,0.06
LBR,Liberia,"Conflict, Peace, and Security","Civilian peace-building, conflict prevention and resolution",270996.0,5259323,0.05
LBR,Liberia,Emergency Response,Emergency food assistance,182267.0,5259323,0.03
LBR,Liberia,Government and Civil Society,Legal and judicial development,180962.0,5259323,0.03
LBR,Liberia,Government and Civil Society,Public sector policy and administrative management,95163.0,5259323,0.02
LBR,Liberia,Government and Civil Society,Decentralisation and support to subnational government,61573.0,5259323,0.01
LBR,Liberia,Water Supply and Sanitation,Water sector policy and administrative management,32705.0,5259323,0.01
LBR,Liberia,Program Design and Learning,Program Design and Learning,25522.0,5259323,0.00
LBR,Liberia,General Environmental Protection,Bio-diversity,16888.0,5259323,0.00
LBR,Liberia,Government and Civil Society,Human rights,12565.0,5259323,0.00
LBR,Liberia,Agriculture,Agricultural development,9955.0,5259323,0.00
LBR,Liberia,Emergency Response,Material relief assistance and services,3031.0,5259323,0.00
LBR,Liberia,Banking and Financial Services,Financial policy and administrative management,6.0,5259323,0.00
LBR,Liberia,Government and Civil Society,Elections,-3694.0,5259323,-0.00
LBR,Liberia,"Education, Level Unspecified",Teacher training,-391755.0,5259323,-0.07
LBR,Liberia,"Maternal and Child Health, Family Planning",Reproductive health care,-852935.0,5259323,-0.16
LBY,Libya,"Conflict, Peace, and Security","Civilian peace-building, conflict prevention and resolution",20939682.0,7135175,2.93
LBY,Libya,Government and Civil Society,Elections,8524960.0,7135175,1.19
LBY,Libya,Basic Health,COVID-19 control,6897441.0,7135175,0.97
LBY,Libya,Government and Civil Society,Decentralisation and support to subnational government,6071775.0,7135175,0.85
LBY,Libya,Emergency Response,Relief co-ordination; protection and support services,5911694.0,7135175,0.83
LBY,Libya,Banking and Financial Services,Financial policy and administrative management,5031398.0,7135175,0.71
LBY,Libya,Government and Civil Society,Democratic participation and civil society,4276015.0,7135175,0.60
LBY,Libya,Operating Expenses,Operating Expenses,4271425.0,7135175,0.60
LBY,Libya,Government and Civil Society,Domestic revenue mobilisation,3307826.0,7135175,0.46
LBY,Libya,Basic Health,Basic health care,2310625.0,7135175,0.32
LBY,Libya,Government and Civil Society,Public sector policy and administrative management,1531029.0,7135175,0.21
LBY,Libya,Other Social Infrastructure and Services,Multisector aid for basic social services,782277.0,7135175,0.11
LBY,Libya,Other Multisector,Multisector aid,366756.0,7135175,0.05
LBY,Libya,"Education, Level Unspecified",Education policy and administrative management,159645.0,7135175,0.02
LBY,Libya,Program Design and Learning,Program Design and Learning,113563.0,7135175,0.02
LBY,Libya,Disaster Prevention and Preparedness,Multi-hazard response preparedness,78650.0,7135175,0.01
LBY,Libya,Government and Civil Society,Legislatures and political parties,35237.0,7135175,0.00
LCN,Latin America and Caribbean Region,Disaster Prevention and Preparedness,Multi-hazard response preparedness,12535789.0,649234493,0.02
LCN,Latin America and Caribbean Region,Basic Education,Primary education,6872860.0,649234493,0.01
LCN,Latin America and Caribbean Region,Operating Expenses,Operating Expenses,6751666.0,649234493,0.01
LCN,Latin America and Caribbean Region,Post-Secondary Education,Higher education,4746313.0,649234493,0.01
LCN,Latin America and Caribbean Region,Government and Civil Society,Democratic participation and civil society,3922348.0,649234493,0.01
LCN,Latin America and Caribbean Region,General Environmental Protection,Environmental policy and administrative management,1553787.0,649234493,0.00
LCN,Latin America and Caribbean Region,Program Design and Learning,Program Design and Learning,1231426.0,649234493,0.00
LCN,Latin America and Caribbean Region,Other Multisector,Multisector aid,1195278.0,649234493,0.00
LCN,Latin America and Caribbean Region,Emergency Response,Emergency food assistance,684974.0,649234493,0.00
LCN,Latin America and Caribbean Region,"Conflict, Peace, and Security",Security system management and reform,560687.0,649234493,0.00
LCN,Latin America and Caribbean Region,Energy,Energy policy and administrative management,560000.0,649234493,0.00
LCN,Latin America and Caribbean Region,Emergency Response,Relief co-ordination; protection and support services,503007.0,649234493,0.00
LCN,Latin America and Caribbean Region,Government and Civil Society,Legal and judicial development,482535.0,649234493,0.00
LCN,Latin America and Caribbean Region,Other Multisector,Disaster Risk Reduction,427422.0,649234493,0.00
LCN,Latin America and Caribbean Region,Government and Civil Society,Human rights,309092.0,649234493,0.00
LCN,Latin America and Caribbean Region,Agriculture,Agricultural policy and administrative management,245865.0,649234493,0.00
LCN,Latin America and Caribbean Region,Agriculture,Fishery development,109954.0,649234493,0.00
LCN,Latin America and Caribbean Region,Government and Civil Society,Media and free flow of information,91500.0,649234493,0.00
LCN,Latin America and Caribbean Region,General Environmental Protection,Environmental research,31075.0,649234493,0.00
LCN,Latin America and Caribbean Region,General Environmental Protection,Biosphere protection,-5516.0,649234493,-0.00
LKA,Sri Lanka,Government and Civil Society,Democratic participation and civil society,9235883.0,22156000,0.42
LKA,Sri Lanka,Operating Expenses,Operating Expenses,7132859.0,22156000,0.32
LKA,Sri Lanka,Government and Civil Society,Public sector policy and administrative management,5014224.0,22156000,0.23
LKA,Sri Lanka,Government and Civil Society,Human rights,2854292.0,22156000,0.13
LKA,Sri Lanka,Business and Other Services,Business Policy and Administation,2736455.0,22156000,0.12
LKA,Sri Lanka,Basic Education,Basic life skills for adults,2671804.0,22156000,0.12
LKA,Sri Lanka,Government and Civil Society,Transitional justice,2102497.0,22156000,0.09
LKA,Sri Lanka,Basic Health,COVID-19 control,2019270.0,22156000,0.09
LKA,Sri Lanka,Government and Civil Society,Legal and judicial development,1866957.0,22156000,0.08
LKA,Sri Lanka,Government and Civil Society,Media and free flow of information,1584055.0,22156000,0.07
LKA,Sri Lanka,Disaster Prevention and Preparedness,Multi-hazard response preparedness,1561591.0,22156000,0.07
LKA,Sri Lanka,Banking and Financial Services,Financial policy and administrative management,1546111.0,22156000,0.07
LKA,Sri Lanka,Trade Policy and Regulations,Trade policy and administrative management,1479892.0,22156000,0.07
LKA,Sri Lanka,Government and Civil Society,Public finance management,1148055.0,22156000,0.05
LKA,Sri Lanka,"Conflict, Peace, and Security","Civilian peace-building, conflict prevention and resolution",839923.0,22156000,0.04
LKA,Sri Lanka,Other Multisector,Multisector aid,781975.0,22156000,0.04
LKA,Sri Lanka,General Environmental Protection,Environmental policy and administrative management,644219.0,22156000,0.03
LKA,Sri Lanka,Government and Civil Society,Fight against transnational organised crime,540689.0,22156000,0.02
LKA,Sri Lanka,"Conflict, Peace, and Security",Security system management and reform,467848.0,22156000,0.02
LKA,Sri Lanka,Trade Policy and Regulations,Trade facilitation,191316.0,22156000,0.01
LKA,Sri Lanka,Other Social Infrastructure and Services,Social Protection,157922.0,22156000,0.01
LKA,Sri Lanka,Energy,Energy policy and administrative management,116482.0,22156000,0.01
LKA,Sri Lanka,General Environmental Protection,Bio-diversity,23540.0,22156000,0.00
LKA,Sri Lanka,Emergency Response,Material relief assistance and services,8619.0,22156000,0.00
LKA,Sri Lanka,Program Design and Learning,Program Design and Learning,3717.0,22156000,0.00
LKA,Sri Lanka,General Environmental Protection,Biosphere protection,-160.0,22156000,-0.00
LSO,Lesotho,Emergency Response,Emergency food assistance,1230370.0,2261542,0.54
LSO,Lesotho,Emergency Response,Relief co-ordination; protection and support services,1166439.0,2261542,0.52
LSO,Lesotho,Other Multisector,Multisector aid,67815.0,2261542,0.03
LTU,Lithuania,Post-Secondary Education,Higher education,120000.0,2808380,0.04
LTU,Lithuania,Other Multisector,Multisector aid,20000.0,2808380,0.01
LVA,Latvia,Post-Secondary Education,Higher education,160000.0,1884490,0.08
LVA,Latvia,Operating Expenses,Operating Expenses,144991.0,1884490,0.08
MAR,Morocco,Operating Expenses,Operating Expenses,5297435.0,36954442,0.14
MAR,Morocco,Basic Education,Primary education,3450913.0,36954442,0.09
MAR,Morocco,"Conflict, Peace, and Security",Security system management and reform,3399705.0,36954442,0.09
MAR,Morocco,Government and Civil Society,Legal and judicial development,2500000.0,36954442,0.07
MAR,Morocco,Business and Other Services,Business Policy and Administation,1922745.0,36954442,0.05
MAR,Morocco,Government and Civil Society,Democratic participation and civil society,1680835.0,36954442,0.05
MAR,Morocco,Post-Secondary Education,Higher education,1212868.0,36954442,0.03
MAR,Morocco,Other Multisector,Multisector aid,1190380.0,36954442,0.03
MAR,Morocco,Other Social Infrastructure and Services,Employment Creation,837896.0,36954442,0.02
MAR,Morocco,Banking and Financial Services,Financial policy and administrative management,534756.0,36954442,0.01
MAR,Morocco,Basic Health,COVID-19 control,439315.0,36954442,0.01
MAR,Morocco,Government and Civil Society,Public sector policy and administrative management,413256.0,36954442,0.01
MAR,Morocco,Upper Secondary Education,Vocational training,400253.0,36954442,0.01
MAR,Morocco,Basic Education,Basic life skills for adults,372870.0,36954442,0.01
MAR,Morocco,Government and Civil Society,Decentralisation and support to subnational government,358729.0,36954442,0.01
MAR,Morocco,"Conflict, Peace, and Security","Civilian peace-building, conflict prevention and resolution",296500.0,36954442,0.01
MAR,Morocco,Government and Civil Society,"Women’s rights organisations and movements, and government institutions",213157.0,36954442,0.01
MAR,Morocco,Tourism,Tourism policy and administrative management,209856.0,36954442,0.01
MAR,Morocco,Government and Civil Society,Ending violence against women and girls,128799.0,36954442,0.00
MAR,Morocco,Business and Other Services,Business development services,64734.0,36954442,0.00
MAR,Morocco,Government and Civil Society,Media and free flow of information,55812.0,36954442,0.00
MAR,Morocco,Government and Civil Society,Legislatures and political parties,15660.0,36954442,0.00
MAR,Morocco,"Education, Level Unspecified",Education policy and administrative management,8521.0,36954442,0.00
MAR,Morocco,Program Design and Learning,Program Design and Learning,5955.0,36954442,0.00
MAR,Morocco,General Environmental Protection,Bio-diversity,4500.0,36954442,0.00
MAR,Morocco,Energy,Energy policy and administrative management,-1865.0,36954442,-0.00
MDA,Moldova,Business and Other Services,Business Policy and Administation,14245448.0,2595809,5.49
MDA,Moldova,Government and Civil Society,Decentralisation and support to subnational government,4973532.0,2595809,1.92
MDA,Moldova,Operating Expenses,Operating Expenses,4659140.0,2595809,1.79
MDA,Moldova,Government and Civil Society,Democratic participation and civil society,3914462.0,2595809,1.51
MDA,Moldova,Other Multisector,Multisector aid,1937323.0,2595809,0.75
MDA,Moldova,Government and Civil Society,Media and free flow of information,1889901.0,2595809,0.73
MDA,Moldova,Government and Civil Society,Legal and judicial development,1419426.0,2595809,0.55
MDA,Moldova,Banking and Financial Services,Financial policy and administrative management,1400202.0,2595809,0.54
MDA,Moldova,Government and Civil Society,Elections,1312231.0,2595809,0.51
MDA,Moldova,Government and Civil Society,Human rights,958265.0,2595809,0.37
MDA,Moldova,"Conflict, Peace, and Security",Security system management and reform,428989.0,2595809,0.17
MDA,Moldova,Energy,Energy policy and administrative management,423250.0,2595809,0.16
MDA,Moldova,Government and Civil Society,Anti-corruption organisations and institutions,416901.0,2595809,0.16
MDA,Moldova,Government and Civil Society,Ending violence against women and girls,365612.0,2595809,0.14
MDA,Moldova,Communications,Radio/television/print media,333697.0,2595809,0.13
MDA,Moldova,Communications,Communications policy and administrative management,137139.0,2595809,0.05
MDA,Moldova,Government and Civil Society,"Facilitation of orderly, safe, regular and responsible migration and mobility",130000.0,2595809,0.05
MDA,Moldova,Energy,Electric power transmission and distribution (centralised grids),100452.0,2595809,0.04
MDA,Moldova,Communications,Information and communication technology (ICT),77300.0,2595809,0.03
MDA,Moldova,Program Design and Learning,Program Design and Learning,71115.0,2595809,0.03
MDA,Moldova,Government and Civil Society,Fight against transnational organised crime,54889.0,2595809,0.02
MDA,Moldova,Post-Secondary Education,Higher education,41619.0,2595809,0.02
MDA,Moldova,Basic Health,COVID-19 control,31964.0,2595809,0.01
MDA,Moldova,Government and Civil Society,Legislatures and political parties,12058.0,2595809,0.00
MDG,Madagascar,General Environmental Protection,Environmental policy and administrative management,8649326.0,29691083,0.29
MDG,Madagascar,Basic Health,COVID-19 control,7864548.0,29691083,0.26
MDG,Madagascar,Water Supply and Sanitation,Basic drinking water supply and basic sanitation,6450268.0,29691083,0.22
MDG,Madagascar,Operating Expenses,Operating Expenses,4904989.0,29691083,0.17
MDG,Madagascar,Emergency Response,Relief co-ordination; protection and support services,2205227.0,29691083,0.07
MDG,Madagascar,General Environmental Protection,Bio-diversity,671477.0,29691083,0.02
MDG,Madagascar,Emergency Response,Emergency food assistance,626416.0,29691083,0.02
MDG,Madagascar,Government and Civil Society,Democratic participation and civil society,577534.0,29691083,0.02
MDG,Madagascar,Unallocated/ Unspecified,Sectors not specified,530680.0,29691083,0.02
MDG,Madagascar,Other Multisector,Multisector aid,353558.0,29691083,0.01
MDG,Madagascar,HIV/AIDS,STD control including HIV/AIDS,194985.0,29691083,0.01
MDG,Madagascar,Government and Civil Society,Human rights,192908.0,29691083,0.01
MDG,Madagascar,Water Supply and Sanitation,Water sector policy and administrative management,113499.0,29691083,0.00
MDG,Madagascar,Other Social Infrastructure and Services,Social Protection,79261.0,29691083,0.00
MDG,Madagascar,"Maternal and Child Health, Family Planning",Reproductive health care,57751.0,29691083,0.00
MDG,Madagascar,Basic Health,Basic nutrition,40298.0,29691083,0.00
MDG,Madagascar,Water Supply and Sanitation,Education and training in water supply and sanitation,4246.0,29691083,0.00
MDG,Madagascar,Other Multisector,Research/scientific institutions,2280.0,29691083,0.00
MDV,Maldives,Basic Health,COVID-19 control,2390255.0,516154,4.63
MDV,Maldives,Government and Civil Society,Countering violent extremism,177152.0,516154,0.34
MEX,Mexico,Government and Civil Society,Human rights,6573524.0,127648148,0.05
MEX,Mexico,Government and Civil Society,Decentralisation and support to subnational government,6158175.0,127648148,0.05
MEX,Mexico,Government and Civil Society,Anti-corruption organisations and institutions,6121633.0,127648148,0.05
MEX,Mexico,Government and Civil Society,Legal and judicial development,5322587.0,127648148,0.04
MEX,Mexico,Operating Expenses,Operating Expenses,5286713.0,127648148,0.04
MEX,Mexico,Other Multisector,Multisector aid,3663212.0,127648148,0.03
MEX,Mexico,General Environmental Protection,Biosphere protection,3365875.0,127648148,0.03
MEX,Mexico,Government and Civil Society,Democratic participation and civil society,1375040.0,127648148,0.01
MEX,Mexico,Energy,"Energy generation, renewable sources - multiple technologies",471421.0,127648148,0.00
MEX,Mexico,Disaster Prevention and Preparedness,Multi-hazard response preparedness,375506.0,127648148,0.00
MEX,Mexico,Post-Secondary Education,Higher education,318596.0,127648148,0.00
MEX,Mexico,Basic Health,Basic health care,246623.0,127648148,0.00
MEX,Mexico,Government and Civil Society,Ending violence against women and girls,162951.0,127648148,0.00
MEX,Mexico,Banking and Financial Services,Financial policy and administrative management,87274.0,127648148,0.00
MEX,Mexico,Emergency Response,Relief co-ordination; protection and support services,60000.0,127648148,0.00
MEX,Mexico,General Environmental Protection,Environmental policy and administrative management,18440.0,127648148,0.00
MHL,Marshall Islands,Operating Expenses,Operating Expenses,385002.0,41367,9.31
MHL,Marshall Islands,Disaster Prevention and Preparedness,Multi-hazard response preparedness,117858.0,41367,2.85
MKD,North Macedonia,Operating Expenses,Operating Expenses,3805259.0,1837114,2.07
MKD,North Macedonia,Government and Civil Society,Democratic participation and civil society,2994844.0,1837114,1.63
MKD,North Macedonia,Business and Other Services,Business Policy and Administation,1940399.0,1837114,1.06
MKD,North Macedonia,"Conflict, Peace, and Security","Civilian peace-building, conflict prevention and resolution",921128.0,1837114,0.50
MKD,North Macedonia,Government and Civil Society,Countering violent extremism,852606.0,1837114,0.46
MKD,North Macedonia,Other Multisector,Multisector aid,734236.0,1837114,0.40
MKD,North Macedonia,Basic Education,Primary education,474726.0,1837114,0.26
MKD,North Macedonia,Government and Civil Society,Media and free flow of information,421305.0,1837114,0.23
MKD,North Macedonia,Post-Secondary Education,Higher education,167253.0,1837114,0.09
MKD,North Macedonia,Industry,Small and medium-sized enterprises (SME) development,101344.0,1837114,0.06
MKD,North Macedonia,Government and Civil Society,Elections,92577.0,1837114,0.05
MKD,North Macedonia,Government and Civil Society,Public finance management,68553.0,1837114,0.04
MKD,North Macedonia,Government and Civil Society,Cyber security,41729.0,1837114,0.02
MKD,North Macedonia,Government and Civil Society,Legal and judicial development,38341.0,1837114,0.02
MKD,North Macedonia,Government and Civil Society,Human rights,33287.0,1837114,0.02
MKD,North Macedonia,Government and Civil Society,Public sector policy and administrative management,30000.0,1837114,0.02
MKD,North Macedonia,Basic Health,COVID-19 control,25000.0,1837114,0.01
MKD,North Macedonia,Energy,Energy policy and administrative management,20715.0,1837114,0.01
MKD,North Macedonia,General Environmental Protection,Environmental research,9464.0,1837114,0.01
MKD,North Macedonia,Program Design and Learning,Program Design and Learning,8880.0,1837114,0.00
MKD,North Macedonia,Other Multisector,Multisector education/training,4923.0,1837114,0.00
MKD,North Macedonia,Other Social Infrastructure and Services,Social Protection,-10304.0,1837114,-0.01
MLI,Mali,Emergency Response,Relief co-ordination; protection and support services,46142566.0,22388630,2.06
MLI,Mali,Basic Education,Primary education,16842487.0,22388630,0.75
MLI,Mali,Operating Expenses,Operating Expenses,14322112.0,22388630,0.64
MLI,Mali,Agriculture,Agricultural policy and administrative management,13899697.0,22388630,0.62
MLI,Mali,Basic Health,COVID-19 control,7552116.0,22388630,0.34
MLI,Mali,"Conflict, Peace, and Security","Civilian peace-building, conflict prevention and resolution",6362678.0,22388630,0.28
MLI,Mali,Government and Civil Society,Legal and judicial development,4175247.0,22388630,0.19
MLI,Mali,Emergency Response,Emergency food assistance,2868428.0,22388630,0.13
MLI,Mali,Government and Civil Society,Democratic participation and civil society,2680844.0,22388630,0.12
MLI,Mali,Government and Civil Society,Decentralisation and support to subnational government,2312676.0,22388630,0.10
MLI,Mali,Water Supply and Sanitation,Basic drinking water supply and basic sanitation,1685958.0,22388630,0.08
MLI,Mali,Government and Civil Society,Elections,1248694.0,22388630,0.06
MLI,Mali,"Education, Level Unspecified",Education policy and administrative management,1149999.0,22388630,0.05
MLI,Mali,Government and Civil Society,Public finance management,1127389.0,22388630,0.05
MLI,Mali,Business and Other Services,Business Policy and Administation,600000.0,22388630,0.03
MLI,Mali,Agriculture,Food crop production,523596.0,22388630,0.02
MLI,Mali,Water Supply and Sanitation,Basic sanitation,431393.0,22388630,0.02
MLI,Mali,Upper Secondary Education,Upper Secondary education,378034.0,22388630,0.02
MLI,Mali,Other Multisector,Multisector aid,263141.0,22388630,0.01
MLI,Mali,Government and Civil Society,Public sector policy and administrative management,83462.0,22388630,0.00
MLI,Mali,"Maternal and Child Health, Family Planning",Population policy and administrative management,71135.0,22388630,0.00
MLI,Mali,Water Supply and Sanitation,Basic drinking water supply,52990.0,22388630,0.00
MLI,Mali,Administration and Oversight,Administration and Oversight,51935.0,22388630,0.00
MLI,Mali,Program Design and Learning,Program Design and Learning,38665.0,22388630,0.00
MLI,Mali,General Environmental Protection,Biosphere protection,37532.0,22388630,0.00
MLI,Mali,Agriculture,Agricultural development,21782.0,22388630,0.00
MLI,Mali,Other Social Infrastructure and Services,Social Protection,12888.0,22388630,0.00
MLI,Mali,Water Supply and Sanitation,Water sector policy and administrative management,1497.0,22388630,0.00
MLI,Mali,Emergency Response,Material relief assistance and services,-5800.0,22388630,-0.00
MLI,Mali,"Health, General",Health policy and administrative management,-12189.0,22388630,-0.00
MMR,Burma (Myanmar),Emergency Response,Relief co-ordination; protection and support services,34939979.0,53387102,0.65
MMR,Burma (Myanmar),Emergency Response,Emergency food assistance,16673847.0,53387102,0.31
MMR,Burma (Myanmar),"Conflict, Peace, and Security","Civilian peace-building, conflict prevention and resolution",14287458.0,53387102,0.27
MMR,Burma (Myanmar),Agriculture,Agricultural policy and administrative management,10235118.0,53387102,0.19
MMR,Burma (Myanmar),Operating Expenses,Operating Expenses,9864423.0,53387102,0.18
MMR,Burma (Myanmar),Government and Civil Society,Elections,7345124.0,53387102,0.14
MMR,Burma (Myanmar),Basic Health,COVID-19 control,6077516.0,53387102,0.11
MMR,Burma (Myanmar),Government and Civil Society,Democratic participation and civil society,5677421.0,53387102,0.11
MMR,Burma (Myanmar),Business and Other Services,Business Policy and Administation,4792981.0,53387102,0.09
MMR,Burma (Myanmar),Government and Civil Society,Legal and judicial development,4644875.0,53387102,0.09
MMR,Burma (Myanmar),Government and Civil Society,Human rights,3507552.0,53387102,0.07
MMR,Burma (Myanmar),Government and Civil Society,Decentralisation and support to subnational government,3499953.0,53387102,0.07
MMR,Burma (Myanmar),Trade Policy and Regulations,Trade facilitation,2224162.0,53387102,0.04
MMR,Burma (Myanmar),Government and Civil Society,Media and free flow of information,2015846.0,53387102,0.04
MMR,Burma (Myanmar),Banking and Financial Services,Monetary institutions,1210637.0,53387102,0.02
MMR,Burma (Myanmar),Other Multisector,Multisector aid,907576.0,53387102,0.02
MMR,Burma (Myanmar),Government and Civil Society,Legislatures and political parties,798160.0,53387102,0.01
MMR,Burma (Myanmar),"Education, Level Unspecified",Education policy and administrative management,760974.0,53387102,0.01
MMR,Burma (Myanmar),Agriculture,Agricultural inputs,600000.0,53387102,0.01
MMR,Burma (Myanmar),Disaster Prevention and Preparedness,Multi-hazard response preparedness,141961.0,53387102,0.00
MMR,Burma (Myanmar),General Environmental Protection,Bio-diversity,11180.0,53387102,0.00
MMR,Burma (Myanmar),Emergency Response,Material relief assistance and services,-125409.0,53387102,-0.00
MNA,North Africa Region,Other Social Infrastructure and Services,Employment Creation,480109.0,704458802,0.00
MNA,North Africa Region,Government and Civil Society,Democratic participation and civil society,-27852.0,704458802,-0.00
MNE,Montenegro,Operating Expenses,Operating Expenses,805843.0,625053,1.29
MNE,Montenegro,Government and Civil Society,Media and free flow of information,568656.0,625053,0.91
MNE,Montenegro,Other Multisector,Multisector aid,134021.0,625053,0.21
MNE,Montenegro,Transport and Storage,Transport policy and administrative management,130000.0,625053,0.21
MNE,Montenegro,Government and Civil Society,Human rights,101496.0,625053,0.16
MNE,Montenegro,"Education, Level Unspecified",Education policy and administrative management,64670.0,625053,0.10
MNE,Montenegro,Basic Health,COVID-19 control,42595.0,625053,0.07
MNE,Montenegro,Other Multisector,Food security policy and administrative management,16237.0,625053,0.03
MNE,Montenegro,Tourism,Tourism policy and administrative management,2000.0,625053,0.00
MNG,Mongolia,Trade Policy and Regulations,Trade policy and administrative management,1721540.0,3383741,0.51
MNG,Mongolia,Government and Civil Society,Democratic participation and civil society,1639414.0,3383741,0.48
MNG,Mongolia,Operating Expenses,Operating Expenses,1021991.0,3383741,0.30
MNG,Mongolia,Basic Health,COVID-19 control,1009374.0,3383741,0.30
MNG,Mongolia,Disaster Prevention and Preparedness,Multi-hazard response preparedness,550606.0,3383741,0.16
MNG,Mongolia,Other Multisector,Multisector aid,97004.0,3383741,0.03
MNG,Mongolia,Business and Other Services,Business Policy and Administation,-516.0,3383741,-0.00
MOZ,Mozambique,Emergency Response,Relief co-ordination; protection and support services,62198003.0,31707800,1.96
MOZ,Mozambique,Operating Expenses,Operating Expenses,17768753.0,31707800,0.56
MOZ,Mozambique,Basic Education,Primary education,12582654.0,31707800,0.40
MOZ,Mozambique,Agriculture,Agricultural policy and administrative management,10033344.0,31707800,0.32
MOZ,Mozambique,"Conflict, Peace, and Security","Civilian peace-building, conflict prevention and resolution",9822192.0,31707800,0.31
MOZ,Mozambique,General Environmental Protection,Environmental policy and administrative management,4028213.0,31707800,0.13
MOZ,Mozambique,Water Supply and Sanitation,Basic drinking water supply,3785449.0,31707800,0.12
MOZ,Mozambique,Basic Health,COVID-19 control,3121022.0,31707800,0.10
MOZ,Mozambique,Other Multisector,Multisector aid,2935834.0,31707800,0.09
MOZ,Mozambique,Water Supply and Sanitation,Basic sanitation,2000000.0,31707800,0.06
MOZ,Mozambique,Water Supply and Sanitation,Water supply and sanitation - large systems,1977809.0,31707800,0.06
MOZ,Mozambique,General Environmental Protection,Bio-diversity,1945881.0,31707800,0.06
MOZ,Mozambique,Water Supply and Sanitation,Water sector policy and administrative management,1827760.0,31707800,0.06
MOZ,Mozambique,Emergency Response,Emergency food assistance,1392775.0,31707800,0.04
MOZ,Mozambique,Disaster Prevention and Preparedness,Multi-hazard response preparedness,1373355.0,31707800,0.04
MOZ,Mozambique,Basic Health,Infectious disease control,916397.0,31707800,0.03
MOZ,Mozambique,Government and Civil Society,Media and free flow of information,845574.0,31707800,0.03
MOZ,Mozambique,HIV/AIDS,STD control including HIV/AIDS,696446.0,31707800,0.02
MOZ,Mozambique,Government and Civil Society,Democratic participation and civil society,458651.0,31707800,0.01
MOZ,Mozambique,Business and Other Services,Business Policy and Administation,353555.0,31707800,0.01
MOZ,Mozambique,Basic Health,Basic health care,353327.0,31707800,0.01
MOZ,Mozambique,Water Supply and Sanitation,Basic drinking water supply and basic sanitation,283609.0,31707800,0.01
MOZ,Mozambique,Water Supply and Sanitation,Water resources conservation (including data collection),220794.0,31707800,0.01
MOZ,Mozambique,Government and Civil Society,Anti-corruption organisations and institutions,152000.0,31707800,0.00
MOZ,Mozambique,Program Design and Learning,Program Design and Learning,124711.0,31707800,0.00
MOZ,Mozambique,Government and Civil Society,Elections,94213.0,31707800,0.00
MOZ,Mozambique,General Environmental Protection,Environmental research,75956.0,31707800,0.00
MOZ,Mozambique,Trade Policy and Regulations,Trade facilitation,3154.0,31707800,0.00
MOZ,Mozambique,General Environmental Protection,Biosphere protection,-2388.0,31707800,-0.00
MRT,Mauritania,Emergency Response,Relief co-ordination; protection and support services,3130089.0,4734874,0.66
MRT,Mauritania,Emergency Response,Emergency food assistance,1141610.0,4734874,0.24
MRT,Mauritania,Operating Expenses,Operating Expenses,496538.0,4734874,0.10
MRT,Mauritania,"Conflict, Peace, and Security",Security system management and reform,260033.0,4734874,0.05
MRT,Mauritania,Government and Civil Society,Human rights,200000.0,4734874,0.04
MRT,Mauritania,Other Social Infrastructure and Services,Social Protection,140000.0,4734874,0.03
MRT,Mauritania,Other Multisector,Multisector aid,89180.0,4734874,0.02
MRT,Mauritania,Emergency Response,Material relief assistance and services,-23086.0,4734874,-0.00
MUS,Mauritius,Other Multisector,Multisector aid,64872.0,1266334,0.05
MUS,Mauritius,General Environmental Protection,Bio-diversity,3750.0,1266334,0.00
MUS,Mauritius,HIV/AIDS,STD control including HIV/AIDS,3087.0,1266334,0.00
MUS,Mauritius,Agriculture,Food crop production,2864.0,1266334,0.00
MUS,Mauritius,"Education, Level Unspecified",Education facilities and training,2500.0,1266334,0.00
MWI,Malawi,Agriculture,Agricultural policy and administrative management,20707829.0,20047258,1.03
MWI,Malawi,Emergency Response,Relief co-ordination; protection and support services,17009122.0,20047258,0.85
MWI,Malawi,Operating Expenses,Operating Expenses,13613324.0,20047258,0.68
MWI,Malawi,Government and Civil Society,Democratic participation and civil society,10230207.0,20047258,0.51
MWI,Malawi,Basic Education,Primary education,7436772.0,20047258,0.37
MWI,Malawi,General Environmental Protection,Environmental policy and administrative management,4891502.0,20047258,0.24
MWI,Malawi,Post-Secondary Education,Higher education,2737628.0,20047258,0.14
MWI,Malawi,Water Supply and Sanitation,Basic drinking water supply and basic sanitation,2571389.0,20047258,0.13
MWI,Malawi,Emergency Response,Emergency food assistance,1739975.0,20047258,0.09
MWI,Malawi,Other Social Infrastructure and Services,Social Protection,1147334.0,20047258,0.06
MWI,Malawi,Other Multisector,Research/scientific institutions,673781.0,20047258,0.03
MWI,Malawi,Other Multisector,Multisector aid,635708.0,20047258,0.03
MWI,Malawi,Business and Other Services,Business Policy and Administation,499832.0,20047258,0.02
MWI,Malawi,Government and Civil Society,Public finance management,448399.0,20047258,0.02
MWI,Malawi,Government and Civil Society,Human rights,363691.0,20047258,0.02
MWI,Malawi,Agriculture,Agricultural development,296967.0,20047258,0.01
MWI,Malawi,General Environmental Protection,Biosphere protection,230712.0,20047258,0.01
MWI,Malawi,Water Supply and Sanitation,Water sector policy and administrative management,196726.0,20047258,0.01
MWI,Malawi,"Maternal and Child Health, Family Planning",Population policy and administrative management,167340.0,20047258,0.01
MWI,Malawi,Energy,Energy policy and administrative management,63616.0,20047258,0.00
MWI,Malawi,Administration and Oversight,Administration and Oversight,58530.0,20047258,0.00
MWI,Malawi,General Environmental Protection,Environmental research,46593.0,20047258,0.00
MWI,Malawi,Program Design and Learning,Program Design and Learning,45863.0,20047258,0.00
MWI,Malawi,Government and Civil Society,Elections,9897.0,20047258,0.00
MWI,Malawi,HIV/AIDS,STD control including HIV/AIDS,9720.0,20047258,0.00
MWI,Malawi,General Environmental Protection,Bio-diversity,4352.0,20047258,0.00
MWI,Malawi,Disaster Prevention and Preparedness,Multi-hazard response preparedness,-87.0,20047258,-0.00
MWI,Malawi,Emergency Response,Material relief assistance and services,-38017.0,20047258,-0.00
MWI,Malawi,"Maternal and Child Health, Family Planning",Reproductive health care,-49989.0,20047258,-0.00
MYS,Malaysia,"Conflict, Peace, and Security","Civilian peace-building, conflict prevention and resolution",4922637.0,34282399,0.14
MYS,Malaysia,Operating Expenses,Operating Expenses,770237.0,34282399,0.02
MYS,Malaysia,Program Design and Learning,Program Design and Learning,59250.0,34282399,0.00
MYS,Malaysia,General Environmental Protection,Bio-diversity,44075.0,34282399,0.00
NAM,Namibia,HIV/AIDS,STD control including HIV/AIDS,1502155.0,2810548,0.53
NAM,Namibia,Operating Expenses,Operating Expenses,1015770.0,2810548,0.36
NAM,Namibia,Basic Health,COVID-19 control,487992.0,2810548,0.17
NAM,Namibia,Emergency Response,Relief co-ordination; protection and support services,48845.0,2810548,0.02
NAM,Namibia,Other Multisector,Multisector aid,41965.0,2810548,0.01
NAM,Namibia,General Environmental Protection,Bio-diversity,39600.0,2810548,0.01
NAM,Namibia,General Environmental Protection,Environmental policy and administrative management,9943.0,2810548,0.00
NER,Niger,Agriculture,Agricultural policy and administrative management,35517857.0,24502140,1.45
NER,Niger,Emergency Response,Relief co-ordination; protection and support services,33381834.0,24502140,1.36
NER,Niger,Basic Health,COVID-19 control,6535403.0,24502140,0.27
NER,Niger,Operating Expenses,Operating Expenses,5848268.0,24502140,0.24
NER,Niger,Government and Civil Society,Democratic participation and civil society,4715395.0,24502140,0.19
NER,Niger,"Conflict, Peace, and Security","Civilian peace-building, conflict prevention and resolution",2679255.0,24502140,0.11
NER,Niger,Agriculture,Agricultural development,1550646.0,24502140,0.06
NER,Niger,Basic Education,Primary education,857313.0,24502140,0.03
NER,Niger,Emergency Response,Emergency food assistance,536769.0,24502140,0.02
NER,Niger,Water Supply and Sanitation,Basic drinking water supply,369761.0,24502140,0.02
NER,Niger,General Environmental Protection,Environmental policy and administrative management,211986.0,24502140,0.01
NER,Niger,Government and Civil Society,Public finance management,116448.0,24502140,0.00
NER,Niger,Government and Civil Society,Decentralisation and support to subnational government,98027.0,24502140,0.00
NER,Niger,Program Design and Learning,Program Design and Learning,81868.0,24502140,0.00
NER,Niger,Government and Civil Society,Legal and judicial development,80443.0,24502140,0.00
NER,Niger,Other Multisector,Multisector aid,60791.0,24502140,0.00
NER,Niger,Disaster Prevention and Preparedness,Multi-hazard response preparedness,7206.0,24502140,0.00
NER,Niger,General Environmental Protection,Environmental research,4872.0,24502140,0.00
NER,Niger,Emergency Response,Material relief assistance and services,686.0,24502140,0.00
NGA,Nigeria,Emergency Response,Relief co-ordination; protection and support services,213810776.0,218529286,0.98
NGA,Nigeria,Emergency Response,Emergency food assistance,58897988.0,218529286,0.27
NGA,Nigeria,Operating Expenses,Operating Expenses,25489180.0,218529286,0.12
NGA,Nigeria,Basic Health,COVID-19 control,24471812.0,218529286,0.11
NGA,Nigeria,Basic Education,Primary education,19437171.0,218529286,0.09
NGA,Nigeria,Agriculture,Agricultural policy and administrative management,19368056.0,218529286,0.09
NGA,Nigeria,"Conflict, Peace, and Security","Civilian peace-building, conflict prevention and resolution",14481359.0,218529286,0.07
NGA,Nigeria,Water Supply and Sanitation,Water sector policy and administrative management,10383840.0,218529286,0.05
NGA,Nigeria,Government and Civil Society,Decentralisation and support to subnational government,4753523.0,218529286,0.02
NGA,Nigeria,Agriculture,Agricultural development,4209193.0,218529286,0.02
NGA,Nigeria,Government and Civil Society,Public finance management,3901998.0,218529286,0.02
NGA,Nigeria,Government and Civil Society,Democratic participation and civil society,3771506.0,218529286,0.02
NGA,Nigeria,Energy,Energy policy and administrative management,2941143.0,218529286,0.01
NGA,Nigeria,Other Multisector,Multisector aid,1465841.0,218529286,0.01
NGA,Nigeria,Water Supply and Sanitation,Water supply - large systems,1065100.0,218529286,0.00
NGA,Nigeria,Water Supply and Sanitation,Basic drinking water supply and basic sanitation,1058712.0,218529286,0.00
NGA,Nigeria,"Conflict, Peace, and Security",Child soldiers (Prevention and demobilisation),517811.0,218529286,0.00
NGA,Nigeria,Water Supply and Sanitation,Water supply and sanitation - large systems,400679.0,218529286,0.00
NGA,Nigeria,"Conflict, Peace, and Security",Prevention of Violent Extremism,360151.0,218529286,0.00
NGA,Nigeria,General Environmental Protection,Bio-diversity,324845.0,218529286,0.00
NGA,Nigeria,Business and Other Services,Business Policy and Administation,321361.0,218529286,0.00
NGA,Nigeria,Government and Civil Society,Human rights,299274.0,218529286,0.00
NGA,Nigeria,Program Design and Learning,Program Design and Learning,290779.0,218529286,0.00
NGA,Nigeria,Emergency Response,Material relief assistance and services,287343.0,218529286,0.00
NGA,Nigeria,Government and Civil Society,"Women’s rights organisations and movements, and government institutions",155040.0,218529286,0.00
NGA,Nigeria,Government and Civil Society,Countering violent extremism,120615.0,218529286,0.00
NGA,Nigeria,General Environmental Protection,Environmental research,86923.0,218529286,0.00
NGA,Nigeria,Energy,Solar energy for centralised grids,45240.0,218529286,0.00
NGA,Nigeria,Disaster Prevention and Preparedness,Multi-hazard response preparedness,13440.0,218529286,0.00
NGA,Nigeria,Other Multisector,Disaster Risk Reduction,12630.0,218529286,0.00
NGA,Nigeria,Water Supply and Sanitation,Education and training in water supply and sanitation,3150.0,218529286,0.00
NGA,Nigeria,Administration and Oversight,Administration and Oversight,209.0,218529286,0.00
NGA,Nigeria,"Conflict, Peace, and Security",Security system management and reform,1.0,218529286,0.00
NGA,Nigeria,"Education, Level Unspecified",Education policy and administrative management,-1505.0,218529286,-0.00
NIC,Nicaragua,Emergency Response,Relief co-ordination; protection and support services,8223199.0,6644741,1.24
NIC,Nicaragua,Operating Expenses,Operating Expenses,5218165.0,6644741,0.79
NIC,Nicaragua,Government and Civil Society,Democratic participation and civil society,4406490.0,6644741,0.66
NIC,Nicaragua,Government and Civil Society,Media and free flow of information,2851444.0,6644741,0.43
NIC,Nicaragua,Government and Civil Society,Public finance management,2418180.0,6644741,0.36
NIC,Nicaragua,Agriculture,Agricultural development,686029.0,6644741,0.10
NIC,Nicaragua,Emergency Response,Emergency food assistance,592599.0,6644741,0.09
NIC,Nicaragua,Basic Education,Primary education,582931.0,6644741,0.09
NIC,Nicaragua,Post-Secondary Education,Higher education,582309.0,6644741,0.09
NIC,Nicaragua,Other Multisector,Multisector aid,396671.0,6644741,0.06
NIC,Nicaragua,"Conflict, Peace, and Security",Security system management and reform,370896.0,6644741,0.06
NIC,Nicaragua,Basic Education,Basic life skills for adults,370786.0,6644741,0.06
NIC,Nicaragua,Business and Other Services,Business Policy and Administation,316376.0,6644741,0.05
NIC,Nicaragua,Other Social Infrastructure and Services,Social Protection,250391.0,6644741,0.04
NIC,Nicaragua,Basic Health,Basic health care,90868.0,6644741,0.01
NIC,Nicaragua,Government and Civil Society,Legal and judicial development,54244.0,6644741,0.01
NIC,Nicaragua,"Health, General",Health policy and administrative management,47000.0,6644741,0.01
NIC,Nicaragua,General Environmental Protection,Environmental policy and administrative management,15385.0,6644741,0.00
NLD,Netherlands,Operating Expenses,Operating Expenses,143521.0,17533044,0.01
NPL,Nepal,Operating Expenses,Operating Expenses,13512317.0,29475010,0.46
NPL,Nepal,Agriculture,Agricultural policy and administrative management,9906369.0,29475010,0.34
NPL,Nepal,Basic Education,Primary education,9518710.0,29475010,0.32
NPL,Nepal,Basic Health,COVID-19 control,9065709.0,29475010,0.31
NPL,Nepal,Disaster Prevention and Preparedness,Multi-hazard response preparedness,8179259.0,29475010,0.28
NPL,Nepal,General Environmental Protection,Environmental policy and administrative management,5891692.0,29475010,0.20
NPL,Nepal,Government and Civil Society,Human rights,5758295.0,29475010,0.20
NPL,Nepal,Government and Civil Society,Democratic participation and civil society,5387874.0,29475010,0.18
NPL,Nepal,Emergency Response,Relief co-ordination; protection and support services,3961849.0,29475010,0.13
NPL,Nepal,General Environmental Protection,Bio-diversity,3701592.0,29475010,0.13
NPL,Nepal,"Maternal and Child Health, Family Planning",Reproductive health care,3413581.0,29475010,0.12
NPL,Nepal,Government and Civil Society,Public finance management,3211880.0,29475010,0.11
NPL,Nepal,"Education, Level Unspecified",Education facilities and training,2957821.0,29475010,0.10
NPL,Nepal,"Education, Level Unspecified",Education policy and administrative management,2338919.0,29475010,0.08
NPL,Nepal,Energy,Energy policy and administrative management,1819763.0,29475010,0.06
NPL,Nepal,Business and Other Services,Business Policy and Administation,1565467.0,29475010,0.05
NPL,Nepal,Other Multisector,Multisector aid,969721.0,29475010,0.03
NPL,Nepal,Water Supply and Sanitation,Basic drinking water supply and basic sanitation,900000.0,29475010,0.03
NPL,Nepal,"Conflict, Peace, and Security","Civilian peace-building, conflict prevention and resolution",869457.0,29475010,0.03
NPL,Nepal,Government and Civil Society,Decentralisation and support to subnational government,442555.0,29475010,0.02
NPL,Nepal,Basic Education,Basic life skills for adults,423806.0,29475010,0.01
NPL,Nepal,Basic Health,Basic health care,342486.0,29475010,0.01
NPL,Nepal,Other Social Infrastructure and Services,Social Protection,333974.0,29475010,0.01
NPL,Nepal,General Environmental Protection,Biosphere protection,317870.0,29475010,0.01
NPL,Nepal,Water Supply and Sanitation,Basic sanitation,261779.0,29475010,0.01
NPL,Nepal,Water Supply and Sanitation,Water sector policy and administrative management,198359.0,29475010,0.01
NPL,Nepal,Government and Civil Society,Public sector policy and administrative management,159043.0,29475010,0.01
NPL,Nepal,"Maternal and Child Health, Family Planning",Family planning,88676.0,29475010,0.00
NPL,Nepal,"Education, Level Unspecified",Educational research,62869.0,29475010,0.00
NPL,Nepal,Water Supply and Sanitation,Basic drinking water supply,39451.0,29475010,0.00
NPL,Nepal,Program Design and Learning,Program Design and Learning,36107.0,29475010,0.00
NPL,Nepal,Agriculture,Agricultural development,2462.0,29475010,0.00
NPL,Nepal,Government and Civil Society,Fight against transnational organised crime,500.0,29475010,0.00
NPL,Nepal,Government and Civil Society,Elections,-6600.0,29475010,-0.00
NPL,Nepal,Government and Civil Society,Legislatures and political parties,-9329.0,29475010,-0.00
PAK,Pakistan,Energy,Energy policy and administrative management,55357042.0,239477801,0.23
PAK,Pakistan,Water Supply and Sanitation,Water supply and sanitation - large systems,18708630.0,239477801,0.08
PAK,Pakistan,Operating Expenses,Operating Expenses,15983796.0,239477801,0.07
PAK,Pakistan,"Conflict, Peace, and Security","Civilian peace-building, conflict prevention and resolution",13999395.0,239477801,0.06
PAK,Pakistan,Business and Other Services,Business Policy and Administation,13140347.0,239477801,0.05
PAK,Pakistan,Other Multisector,Multisector aid,11418023.0,239477801,0.05
PAK,Pakistan,Transport and Storage,Transport policy and administrative management,11324920.0,239477801,0.05
PAK,Pakistan,Agriculture,Agricultural development,11092196.0,239477801,0.05
PAK,Pakistan,Basic Health,COVID-19 control,10549779.0,239477801,0.04
PAK,Pakistan,Emergency Response,Relief co-ordination; protection and support services,10531402.0,239477801,0.04
PAK,Pakistan,Water Supply and Sanitation,Water sector policy and administrative management,10288017.0,239477801,0.04
PAK,Pakistan,"Education, Level Unspecified",Education facilities and training,10153314.0,239477801,0.04
PAK,Pakistan,Government and Civil Society,Decentralisation and support to subnational government,7361928.0,239477801,0.03
PAK,Pakistan,"Maternal and Child Health, Family Planning",Family planning,5000727.0,239477801,0.02
PAK,Pakistan,Emergency Response,Emergency food assistance,4978116.0,239477801,0.02
PAK,Pakistan,Basic Education,Basic life skills for adults,4235137.0,239477801,0.02
PAK,Pakistan,Government and Civil Society,Democratic participation and civil society,3627699.0,239477801,0.02
PAK,Pakistan,Basic Education,Primary education,2396398.0,239477801,0.01
PAK,Pakistan,Trade Policy and Regulations,Trade facilitation,1438541.0,239477801,0.01
PAK,Pakistan,Water Supply and Sanitation,Basic drinking water supply and basic sanitation,1354313.0,239477801,0.01
PAK,Pakistan,Government and Civil Society,Media and free flow of information,1213069.0,239477801,0.01
PAK,Pakistan,Government and Civil Society,Human rights,1162380.0,239477801,0.00
PAK,Pakistan,Post-Secondary Education,Higher education,974791.0,239477801,0.00
PAK,Pakistan,Banking and Financial Services,Financial policy and administrative management,793998.0,239477801,0.00
PAK,Pakistan,"Health, General",Health policy and administrative management,775110.0,239477801,0.00
PAK,Pakistan,"Maternal and Child Health, Family Planning",Reproductive health care,767641.0,239477801,0.00
PAK,Pakistan,Program Design and Learning,Program Design and Learning,553652.0,239477801,0.00
PAK,Pakistan,Administration and Oversight,Administration and Oversight,501319.0,239477801,0.00
PAK,Pakistan,Agriculture,Agricultural policy and administrative management,477624.0,239477801,0.00
PAK,Pakistan,Other Social Infrastructure and Services,Social Protection,385785.0,239477801,0.00
PAK,Pakistan,Government and Civil Society,Countering violent extremism,142514.0,239477801,0.00
PAK,Pakistan,Basic Health,Basic health care,115305.0,239477801,0.00
PAK,Pakistan,"Education, Level Unspecified",Teacher training,109488.0,239477801,0.00
PAK,Pakistan,Trade Policy and Regulations,Trade policy and administrative management,87695.0,239477801,0.00
PAK,Pakistan,Water Supply and Sanitation,Water supply - large systems,63412.0,239477801,0.00
PAK,Pakistan,Industry,Small and medium-sized enterprises (SME) development,8844.0,239477801,0.00
PAK,Pakistan,Government and Civil Society,"Women’s rights organisations and movements, and government institutions",6279.0,239477801,0.00
PAK,Pakistan,Government and Civil Society,Legislatures and political parties,902.0,239477801,0.00
PAN,Panama,Basic Health,COVID-19 control,1774643.0,4345405,0.41
PAN,Panama,General Environmental Protection,Environmental policy and administrative management,350371.0,4345405,0.08
PAN,Panama,Government and Civil Society,Legislatures and political parties,231495.0,4345405,0.05
PAN,Panama,Agriculture,Agricultural development,159335.0,4345405,0.04
PAN,Panama,Government and Civil Society,Legal and judicial development,157575.0,4345405,0.04
PAN,Panama,Other Multisector,Multisector aid,81076.0,4345405,0.02
PAN,Panama,Government and Civil Society,Anti-corruption organisations and institutions,70000.0,4345405,0.02
PAN,Panama,Government and Civil Society,Media and free flow of information,46539.0,4345405,0.01
PAN,Panama,Disaster Prevention and Preparedness,Multi-hazard response preparedness,-9404.0,4345405,-0.00
PER,Peru,Emergency Response,Relief co-ordination; protection and support services,25644000.0,33155882,0.77
PER,Peru,Agriculture,Agricultural alternative development,22953258.0,33155882,0.69
PER,Peru,General Environmental Protection,Bio-diversity,14899547.0,33155882,0.45
PER,Peru,Operating Expenses,Operating Expenses,12924600.0,33155882,0.39
PER,Peru,General Environmental Protection,Biosphere protection,9604826.0,33155882,0.29
PER,Peru,Emergency Response,Material relief assistance and services,8858345.0,33155882,0.27
PER,Peru,Basic Health,COVID-19 control,7757565.0,33155882,0.23
PER,Peru,Other Multisector,Multisector aid,5242048.0,33155882,0.16
PER,Peru,General Environmental Protection,Environmental policy and administrative management,4716415.0,33155882,0.14
PER,Peru,Disaster Prevention and Preparedness,Multi-hazard response preparedness,2655858.0,33155882,0.08
PER,Peru,Government and Civil Society,Decentralisation and support to subnational government,2254549.0,33155882,0.07
PER,Peru,Government and Civil Society,Anti-corruption organisations and institutions,1341775.0,33155882,0.04
PER,Peru,Government and Civil Society,Human rights,983354.0,33155882,0.03
PER,Peru,Business and Other Services,Business Policy and Administation,330000.0,33155882,0.01
PER,Peru,"Conflict, Peace, and Security","Civilian peace-building, conflict prevention and resolution",310434.0,33155882,0.01
PER,Peru,Program Design and Learning,Program Design and Learning,206128.0,33155882,0.01
PER,Peru,Emergency Response,Emergency food assistance,46840.0,33155882,0.00
PER,Peru,Basic Education,Primary education,1193.0,33155882,0.00
PHL,Philippines,Operating Expenses,Operating Expenses,15403233.0,113100950,0.14
PHL,Philippines,Government and Civil Society,Democratic participation and civil society,13372097.0,113100950,0.12
PHL,Philippines,Basic Education,Primary education,12838264.0,113100950,0.11
PHL,Philippines,General Environmental Protection,Environmental policy and administrative management,12446204.0,113100950,0.11
PHL,Philippines,Basic Health,COVID-19 control,10950092.0,113100950,0.10
PHL,Philippines,Disaster Prevention and Preparedness,Multi-hazard response preparedness,6897595.0,113100950,0.06
PHL,Philippines,Trade Policy and Regulations,Trade facilitation,6458174.0,113100950,0.06
PHL,Philippines,Emergency Response,Relief co-ordination; protection and support services,6320038.0,113100950,0.06
PHL,Philippines,Post-Secondary Education,Higher education,5015009.0,113100950,0.04
PHL,Philippines,Water Supply and Sanitation,Water supply and sanitation - large systems,3257728.0,113100950,0.03
PHL,Philippines,Government and Civil Society,Public finance management,3194874.0,113100950,0.03
PHL,Philippines,Government and Civil Society,Legal and judicial development,2535534.0,113100950,0.02
PHL,Philippines,Business and Other Services,Business Policy and Administation,2238719.0,113100950,0.02
PHL,Philippines,Water Supply and Sanitation,Basic drinking water supply,2110280.0,113100950,0.02
PHL,Philippines,"Conflict, Peace, and Security",Security system management and reform,2006330.0,113100950,0.02
PHL,Philippines,Government and Civil Society,Domestic revenue mobilisation,1735233.0,113100950,0.02
PHL,Philippines,Other Multisector,Research/scientific institutions,1621944.0,113100950,0.01
PHL,Philippines,Energy,Energy policy and administrative management,1549453.0,113100950,0.01
PHL,Philippines,Trade Policy and Regulations,Trade policy and administrative management,1491201.0,113100950,0.01
PHL,Philippines,Water Supply and Sanitation,Water sector policy and administrative management,1296000.0,113100950,0.01
PHL,Philippines,"Maternal and Child Health, Family Planning",Population policy and administrative management,1006379.0,113100950,0.01
PHL,Philippines,Government and Civil Society,Public sector policy and administrative management,922381.0,113100950,0.01
PHL,Philippines,Government and Civil Society,Human rights,874854.0,113100950,0.01
PHL,Philippines,General Environmental Protection,Bio-diversity,870014.0,113100950,0.01
PHL,Philippines,"Conflict, Peace, and Security","Civilian peace-building, conflict prevention and resolution",799408.0,113100950,0.01
PHL,Philippines,Other Multisector,Multisector aid,261140.0,113100950,0.00
PHL,Philippines,General Environmental Protection,Biosphere protection,247901.0,113100950,0.00
PHL,Philippines,Government and Civil Society,Countering violent extremism,139500.0,113100950,0.00
PHL,Philippines,Banking and Financial Services,Financial policy and administrative management,63822.0,113100950,0.00
PHL,Philippines,Government and Civil Society,Decentralisation and support to subnational government,17604.0,113100950,0.00
PHL,Philippines,Transport and Storage,Transport policy and administrative management,406.0,113100950,0.00
PHL,Philippines,Government and Civil Society,Anti-corruption organisations and institutions,-31648.0,113100950,-0.00
PHL,Philippines,Emergency Response,Material relief assistance and services,-55412.0,113100950,-0.00
PLW,Palau,Disaster Prevention and Preparedness,Multi-hazard response preparedness,217689.0,17783,12.24
PLW,Palau,Emergency Response,Relief co-ordination; protection and support services,59370.0,17783,3.34
PLW,Palau,Operating Expenses,Operating Expenses,41167.0,17783,2.31
PNG,Papua New Guinea,Energy,Energy policy and administrative management,2103702.0,10012896,0.21
PNG,Papua New Guinea,Disaster Prevention and Preparedness,Multi-hazard response preparedness,1467078.0,10012896,0.15
PNG,Papua New Guinea,Business and Other Services,Business Policy and Administation,753827.0,10012896,0.08
PNG,Papua New Guinea,Operating Expenses,Operating Expenses,574383.0,10012896,0.06
PNG,Papua New Guinea,Trade Policy and Regulations,Trade policy and administrative management,262521.0,10012896,0.03
PNG,Papua New Guinea,Government and Civil Society,Democratic participation and civil society,247019.0,10012896,0.02
PNG,Papua New Guinea,General Environmental Protection,Biosphere protection,50000.0,10012896,0.00
PNG,Papua New Guinea,General Environmental Protection,Bio-diversity,13128.0,10012896,0.00
PNG,Papua New Guinea,Basic Health,COVID-19 control,2606.0,10012896,0.00
PNG,Papua New Guinea,"Health, General",Health policy and administrative management,840.0,10012896,0.00
PRY,Paraguay,Government and Civil Society,Anti-corruption organisations and institutions,2334218.0,6684182,0.35
PRY,Paraguay,Post-Secondary Education,Higher education,1797521.0,6684182,0.27
PRY,Paraguay,Operating Expenses,Operating Expenses,1681559.0,6684182,0.25
PRY,Paraguay,Other Multisector,Multisector aid,1154454.0,6684182,0.17
PRY,Paraguay,Disaster Prevention and Preparedness,Multi-hazard response preparedness,808958.0,6684182,0.12
PRY,Paraguay,Government and Civil Society,Human rights,694459.0,6684182,0.10
PRY,Paraguay,Business and Other Services,Business Policy and Administation,616294.0,6684182,0.09
PRY,Paraguay,Government and Civil Society,Legal and judicial development,320018.0,6684182,0.05
PRY,Paraguay,Government and Civil Society,Domestic revenue mobilisation,236702.0,6684182,0.04
PRY,Paraguay,Government and Civil Society,Ending violence against women and girls,159669.0,6684182,0.02
PRY,Paraguay,Basic Health,COVID-19 control,579.0,6684182,0.00
PSE,West Bank and Gaza,Operating Expenses,Operating Expenses,9076632.0,4922749,1.84
PSE,West Bank and Gaza,"Conflict, Peace, and Security","Civilian peace-building, conflict prevention and resolution",4621738.0,4922749,0.94
PSE,West Bank and Gaza,Transport and Storage,Transport policy and administrative management,4271325.0,4922749,0.87
PSE,West Bank and Gaza,Basic Health,COVID-19 control,3692600.0,4922749,0.75
PSE,West Bank and Gaza,Emergency Response,Relief co-ordination; protection and support services,2957931.0,4922749,0.60
PSE,West Bank and Gaza,Water Supply and Sanitation,Water supply - large systems,2803148.0,4922749,0.57
PSE,West Bank and Gaza,Other Multisector,Multisector aid,2273281.0,4922749,0.46
PSE,West Bank and Gaza,Administration and Oversight,Administration and Oversight,1254153.0,4922749,0.25
PSE,West Bank and Gaza,Emergency Response,Material relief assistance and services,555275.0,4922749,0.11
PSE,West Bank and Gaza,Emergency Response,Emergency food assistance,549296.0,4922749,0.11
PSE,West Bank and Gaza,Water Supply and Sanitation,Basic drinking water supply,355381.0,4922749,0.07
PSE,West Bank and Gaza,Banking and Financial Services,Financial policy and administrative management,83754.0,4922749,0.02
PSE,West Bank and Gaza,Water Supply and Sanitation,Water sector policy and administrative management,5864.0,4922749,0.00
PSE,West Bank and Gaza,Post-Secondary Education,Higher education,-2886.0,4922749,-0.00
PSE,West Bank and Gaza,Business and Other Services,Business Policy and Administation,-4571.0,4922749,-0.00
PSE,West Bank and Gaza,Basic Education,Primary education,-10793.0,4922749,-0.00
PSE,West Bank and Gaza,Other Social Infrastructure and Services,Social Protection,-691059.0,4922749,-0.14
PSE,West Bank and Gaza,Water Supply and Sanitation,Water supply and sanitation - large systems,-2748195.0,4922749,-0.56
ROU,Romania,Government and Civil Society,Decentralisation and support to subnational government,815827.0,19122059,0.04
ROU,Romania,Operating Expenses,Operating Expenses,154860.0,19122059,0.01
RWA,Rwanda,Agriculture,Agricultural policy and administrative management,15274231.0,13355260,1.14
RWA,Rwanda,Basic Education,Primary education,11188801.0,13355260,0.84
RWA,Rwanda,Operating Expenses,Operating Expenses,9962252.0,13355260,0.75
RWA,Rwanda,Emergency Response,Relief co-ordination; protection and support services,9078634.0,13355260,0.68
RWA,Rwanda,Emergency Response,Emergency food assistance,5588066.0,13355260,0.42
RWA,Rwanda,Water Supply and Sanitation,Water supply and sanitation - large systems,1652110.0,13355260,0.12
RWA,Rwanda,Government and Civil Society,Legal and judicial development,982977.0,13355260,0.07
RWA,Rwanda,Post-Secondary Education,Higher education,979249.0,13355260,0.07
RWA,Rwanda,Business and Other Services,Business Policy and Administation,867160.0,13355260,0.06
RWA,Rwanda,Other Multisector,Rural development,500000.0,13355260,0.04
RWA,Rwanda,Other Social Infrastructure and Services,Social Protection,485755.0,13355260,0.04
RWA,Rwanda,Other Multisector,Multisector aid,462369.0,13355260,0.03
RWA,Rwanda,Energy,Energy policy and administrative management,437500.0,13355260,0.03
RWA,Rwanda,Agriculture,Agricultural development,424136.0,13355260,0.03
RWA,Rwanda,Government and Civil Society,Human rights,326344.0,13355260,0.02
RWA,Rwanda,"Conflict, Peace, and Security","Civilian peace-building, conflict prevention and resolution",231127.0,13355260,0.02
RWA,Rwanda,Water Supply and Sanitation,Basic drinking water supply and basic sanitation,208233.0,13355260,0.02
RWA,Rwanda,Government and Civil Society,Democratic participation and civil society,166414.0,13355260,0.01
RWA,Rwanda,Program Design and Learning,Program Design and Learning,142425.0,13355260,0.01
RWA,Rwanda,Water Supply and Sanitation,Basic sanitation,94996.0,13355260,0.01
RWA,Rwanda,Administration and Oversight,Administration and Oversight,77899.0,13355260,0.01
RWA,Rwanda,General Environmental Protection,Bio-diversity,60353.0,13355260,0.00
RWA,Rwanda,Basic Health,COVID-19 control,13006.0,13355260,0.00
RWA,Rwanda,General Environmental Protection,Environmental research,5890.0,13355260,0.00
SAU,Saudi Arabia,Operating Expenses,Operating Expenses,1273.0,30784383,0.00
SDN,Sudan,Emergency Response,Relief co-ordination; protection and support services,172589317.0,48066924,3.59
SDN,Sudan,Emergency Response,Emergency food assistance,54236290.0,48066924,1.13
SDN,Sudan,Basic Health,COVID-19 control,30398406.0,48066924,0.63
SDN,Sudan,Agriculture,Agricultural policy and administrative management,21232426.0,48066924,0.44
SDN,Sudan,"Conflict, Peace, and Security","Civilian peace-building, conflict prevention and resolution",9763758.0,48066924,0.20
SDN,Sudan,Operating Expenses,Operating Expenses,7522072.0,48066924,0.16
SDN,Sudan,Government and Civil Society,"Women’s rights organisations and movements, and government institutions",3381234.0,48066924,0.07
SDN,Sudan,Government and Civil Society,Democratic participation and civil society,2000000.0,48066924,0.04
SDN,Sudan,Disaster Prevention and Preparedness,Multi-hazard response preparedness,1650132.0,48066924,0.03
SDN,Sudan,Government and Civil Society,Public finance management,1458790.0,48066924,0.03
SDN,Sudan,Other Social Infrastructure and Services,Social Protection,1140637.0,48066924,0.02
SDN,Sudan,Business and Other Services,Business Policy and Administation,413000.0,48066924,0.01
SDN,Sudan,Other Multisector,Multisector aid,187511.0,48066924,0.00
SDN,Sudan,Government and Civil Society,International criminal justice,156418.0,48066924,0.00
SDN,Sudan,Emergency Response,Material relief assistance and services,111740.0,48066924,0.00
SDN,Sudan,Water Supply and Sanitation,Water sector policy and administrative management,2946.0,48066924,0.00
SEN,Senegal,Basic Education,Primary education,19669057.0,17220867,1.14
SEN,Senegal,Agriculture,Agricultural policy and administrative management,19525719.0,17220867,1.13
SEN,Senegal,Operating Expenses,Operating Expenses,17540870.0,17220867,1.02
SEN,Senegal,Water Supply and Sanitation,Water supply and sanitation - large systems,5639816.0,17220867,0.33
SEN,Senegal,Energy,Energy policy and administrative management,3162558.0,17220867,0.18
SEN,Senegal,Government and Civil Society,Democratic participation and civil society,2089497.0,17220867,0.12
SEN,Senegal,General Environmental Protection,Environmental policy and administrative management,1975404.0,17220867,0.11
SEN,Senegal,Trade Policy and Regulations,Trade facilitation,1738946.0,17220867,0.10
SEN,Senegal,Government and Civil Society,Domestic revenue mobilisation,1343264.0,17220867,0.08
SEN,Senegal,Post-Secondary Education,Higher education,993139.0,17220867,0.06
SEN,Senegal,Disaster Prevention and Preparedness,Multi-hazard response preparedness,856993.0,17220867,0.05
SEN,Senegal,"Conflict, Peace, and Security","Civilian peace-building, conflict prevention and resolution",649037.0,17220867,0.04
SEN,Senegal,Other Multisector,Multisector aid,644026.0,17220867,0.04
SEN,Senegal,Other Multisector,Research/scientific institutions,630033.0,17220867,0.04
SEN,Senegal,Government and Civil Society,Public finance management,554917.0,17220867,0.03
SEN,Senegal,Government and Civil Society,Legislatures and political parties,400713.0,17220867,0.02
SEN,Senegal,Emergency Response,Relief co-ordination; protection and support services,392682.0,17220867,0.02
SEN,Senegal,Water Supply and Sanitation,Basic drinking water supply and basic sanitation,297112.0,17220867,0.02
SEN,Senegal,Basic Health,Health education,296083.0,17220867,0.02
SEN,Senegal,Water Supply and Sanitation,Basic sanitation,100000.0,17220867,0.01
SEN,Senegal,"Maternal and Child Health, Family Planning",Reproductive health care,99293.0,17220867,0.01
SEN,Senegal,Trade Policy and Regulations,Trade policy and administrative management,76464.0,17220867,0.00
SEN,Senegal,Business and Other Services,Business Policy and Administation,52178.0,17220867,0.00
SEN,Senegal,General Environmental Protection,Environmental research,20811.0,17220867,0.00
SEN,Senegal,Agriculture,Agricultural development,20241.0,17220867,0.00
SEN,Senegal,Agriculture,Fishing policy and administrative management,18920.0,17220867,0.00
SEN,Senegal,General Environmental Protection,Bio-diversity,16565.0,17220867,0.00
SEN,Senegal,Basic Health,COVID-19 control,1539.0,17220867,0.00
SEN,Senegal,Government and Civil Society,Elections,-785.0,17220867,-0.00
SLB,Solomon Islands,Disaster Prevention and Preparedness,Multi-hazard response preparedness,658050.0,762591,0.86
SLB,Solomon Islands,General Environmental Protection,Environmental policy and administrative management,359790.0,762591,0.47
SLB,Solomon Islands,Operating Expenses,Operating Expenses,111685.0,762591,0.15
SLE,Sierra Leone,Basic Health,COVID-19 control,4382799.0,8094602,0.54
SLE,Sierra Leone,Operating Expenses,Operating Expenses,850364.0,8094602,0.11
SLE,Sierra Leone,Government and Civil Society,Public sector policy and administrative management,611923.0,8094602,0.08
SLE,Sierra Leone,Government and Civil Society,Media and free flow of information,443143.0,8094602,0.05
SLE,Sierra Leone,Government and Civil Society,Elections,380673.0,8094602,0.05
SLE,Sierra Leone,Emergency Response,Relief co-ordination; protection and support services,359316.0,8094602,0.04
SLE,Sierra Leone,Basic Education,Basic life skills for adults,250000.0,8094602,0.03
SLE,Sierra Leone,Other Multisector,Multisector aid,133329.0,8094602,0.02
SLE,Sierra Leone,Agriculture,Agricultural policy and administrative management,130169.0,8094602,0.02
SLE,Sierra Leone,Government and Civil Society,Democratic participation and civil society,100000.0,8094602,0.01
SLE,Sierra Leone,Government and Civil Society,Decentralisation and support to subnational government,75129.0,8094602,0.01
SLE,Sierra Leone,Energy,Solar energy for centralised grids,63573.0,8094602,0.01
SLE,Sierra Leone,Agriculture,Agricultural development,49550.0,8094602,0.01
SLE,Sierra Leone,Other Social Infrastructure and Services,Social Protection,16040.0,8094602,0.00
SLE,Sierra Leone,Administration and Oversight,Administration and Oversight,2310.0,8094602,0.00
SLE,Sierra Leone,Emergency Response,Emergency food assistance,1734.0,8094602,0.00
SLE,Sierra Leone,"Maternal and Child Health, Family Planning",Reproductive health care,129.0,8094602,0.00
SLE,Sierra Leone,Basic Health,Infectious disease control,-61.0,8094602,-0.00
SLE,Sierra Leone,Emergency Response,Material relief assistance and services,-129.0,8094602,-0.00
SLV,El Salvador,Government and Civil Society,Democratic participation and civil society,14057703.0,6255782,2.25
SLV,El Salvador,Operating Expenses,Operating Expenses,13190082.0,6255782,2.11
SLV,El Salvador,Emergency Response,Relief co-ordination; protection and support services,5685692.0,6255782,0.91
SLV,El Salvador,Business and Other Services,Business Policy and Administation,3948957.0,6255782,0.63
SLV,El Salvador,"Conflict, Peace, and Security",Security system management and reform,3566653.0,6255782,0.57
SLV,El Salvador,Basic Health,COVID-19 control,2541544.0,6255782,0.41
SLV,El Salvador,Emergency Response,Material relief assistance and services,2017713.0,6255782,0.32
SLV,El Salvador,Basic Education,Primary education,1811229.0,6255782,0.29
SLV,El Salvador,Government and Civil Society,Legal and judicial development,1641104.0,6255782,0.26
SLV,El Salvador,Disaster Prevention and Preparedness,Multi-hazard response preparedness,1337100.0,6255782,0.21
SLV,El Salvador,Trade Policy and Regulations,Trade facilitation,1310309.0,6255782,0.21
SLV,El Salvador,Government and Civil Society,Domestic revenue mobilisation,1175225.0,6255782,0.19
SLV,El Salvador,Government and Civil Society,Human rights,1000860.0,6255782,0.16
SLV,El Salvador,Government and Civil Society,Public sector policy and administrative management,571713.0,6255782,0.09
SLV,El Salvador,Other Multisector,Multisector aid,528426.0,6255782,0.08
SLV,El Salvador,Government and Civil Society,Decentralisation and support to subnational government,500246.0,6255782,0.08
SLV,El Salvador,Industry,Small and medium-sized enterprises (SME) development,448331.0,6255782,0.07
SLV,El Salvador,Agriculture,Agricultural development,420042.0,6255782,0.07
SLV,El Salvador,Emergency Response,Emergency food assistance,402217.0,6255782,0.06
SLV,El Salvador,Basic Health,Basic health care,359868.0,6255782,0.06
SLV,El Salvador,Basic Education,Basic life skills for adults,310184.0,6255782,0.05
SLV,El Salvador,Program Design and Learning,Program Design and Learning,226312.0,6255782,0.04
SLV,El Salvador,Business and Other Services,Business development services,225636.0,6255782,0.04
SLV,El Salvador,"Health, General",Health policy and administrative management,174187.0,6255782,0.03
SLV,El Salvador,Upper Secondary Education,Upper Secondary education,157198.0,6255782,0.03
SLV,El Salvador,Banking and Financial Services,Financial policy and administrative management,80203.0,6255782,0.01
SLV,El Salvador,Trade Policy and Regulations,Trade policy and administrative management,78992.0,6255782,0.01
SLV,El Salvador,General Environmental Protection,Environmental policy and administrative management,75600.0,6255782,0.01
SLV,El Salvador,Other Multisector,Research/scientific institutions,62806.0,6255782,0.01
SLV,El Salvador,Government and Civil Society,Anti-corruption organisations and institutions,-1702.0,6255782,-0.00
SLV,El Salvador,Government and Civil Society,Public finance management,-2485.0,6255782,-0.00
SOM,Somalia,Emergency Response,Relief co-ordination; protection and support services,271638586.0,17271431,15.73
SOM,Somalia,Emergency Response,Emergency food assistance,41741815.0,17271431,2.42
SOM,Somalia,Basic Education,Primary education,18205671.0,17271431,1.05
SOM,Somalia,Basic Health,COVID-19 control,16388646.0,17271431,0.95
SOM,Somalia,Agriculture,Agricultural policy and administrative management,15347586.0,17271431,0.89
SOM,Somalia,Operating Expenses,Operating Expenses,12122769.0,17271431,0.70
SOM,Somalia,Government and Civil Society,Democratic participation and civil society,11828268.0,17271431,0.68
SOM,Somalia,Government and Civil Society,Legal and judicial development,5442823.0,17271431,0.32
SOM,Somalia,Government and Civil Society,Public finance management,1923346.0,17271431,0.11
SOM,Somalia,Government and Civil Society,Countering violent extremism,1387382.0,17271431,0.08
SOM,Somalia,Other Multisector,Multisector aid,619103.0,17271431,0.04
SOM,Somalia,Post-Secondary Education,Higher education,501909.0,17271431,0.03
SOM,Somalia,Other Multisector,Research/scientific institutions,443069.0,17271431,0.03
SOM,Somalia,Energy,Energy policy and administrative management,176899.0,17271431,0.01
SOM,Somalia,Business and Other Services,Business Policy and Administation,98134.0,17271431,0.01
SOM,Somalia,General Environmental Protection,Environmental research,63695.0,17271431,0.00
SOM,Somalia,General Environmental Protection,Bio-diversity,17312.0,17271431,0.00
SOM,Somalia,"Conflict, Peace, and Security","Civilian peace-building, conflict prevention and resolution",3573.0,17271431,0.00
SOM,Somalia,Emergency Response,Material relief assistance and services,1668.0,17271431,0.00
SRB,Serbia,Operating Expenses,Operating Expenses,7990937.0,6834326,1.17
SRB,Serbia,Government and Civil Society,Democratic participation and civil society,5739998.0,6834326,0.84
SRB,Serbia,Business and Other Services,Business Policy and Administation,5395158.0,6834326,0.79
SRB,Serbia,Government and Civil Society,Media and free flow of information,3073748.0,6834326,0.45
SRB,Serbia,Government and Civil Society,Legal and judicial development,2298268.0,6834326,0.34
SRB,Serbia,Government and Civil Society,Public finance management,1765966.0,6834326,0.26
SRB,Serbia,Other Multisector,Multisector aid,1143151.0,6834326,0.17
SRB,Serbia,Basic Health,Basic health care,401064.0,6834326,0.06
SRB,Serbia,Energy,Energy policy and administrative management,216640.0,6834326,0.03
SRB,Serbia,Post-Secondary Education,Higher education,132787.0,6834326,0.02
SRB,Serbia,Other Social Infrastructure and Services,Social Protection,123427.0,6834326,0.02
SRB,Serbia,Government and Civil Society,Human rights,80023.0,6834326,0.01
SRB,Serbia,"Maternal and Child Health, Family Planning",Population policy and administrative management,65000.0,6834326,0.01
SRB,Serbia,Basic Education,Primary education,9463.0,6834326,0.00
SRB,Serbia,Government and Civil Society,Decentralisation and support to subnational government,7980.0,6834326,0.00
SRB,Serbia,Agriculture,Agricultural policy and administrative management,6520.0,6834326,0.00
SSD,South Sudan,Emergency Response,Relief co-ordination; protection and support services,363569489.0,10865780,33.46
SSD,South Sudan,Emergency Response,Emergency food assistance,65002837.0,10865780,5.98
SSD,South Sudan,Operating Expenses,Operating Expenses,46327027.0,10865780,4.26
SSD,South Sudan,Basic Health,COVID-19 control,34235713.0,10865780,3.15
SSD,South Sudan,"Conflict, Peace, and Security","Civilian peace-building, conflict prevention and resolution",11586474.0,10865780,1.07
SSD,South Sudan,Basic Education,Primary education,11468599.0,10865780,1.06
SSD,South Sudan,Government and Civil Society,Democratic participation and civil society,6109907.0,10865780,0.56
SSD,South Sudan,Agriculture,Agricultural policy and administrative management,5435748.0,10865780,0.50
SSD,South Sudan,Water Supply and Sanitation,Basic drinking water supply and basic sanitation,5412707.0,10865780,0.50
SSD,South Sudan,Transport and Storage,Transport policy and administrative management,2715401.0,10865780,0.25
SSD,South Sudan,Agriculture,Agricultural development,2051454.0,10865780,0.19
SSD,South Sudan,General Environmental Protection,Environmental policy and administrative management,1936404.0,10865780,0.18
SSD,South Sudan,Other Multisector,Multisector aid,885661.0,10865780,0.08
SSD,South Sudan,Basic Health,Infectious disease control,870979.0,10865780,0.08
SSD,South Sudan,Government and Civil Society,Public sector policy and administrative management,306196.0,10865780,0.03
SSD,South Sudan,"Conflict, Peace, and Security",Security system management and reform,289797.0,10865780,0.03
SSD,South Sudan,Government and Civil Society,Legislatures and political parties,226633.0,10865780,0.02
SSD,South Sudan,Government and Civil Society,Media and free flow of information,158000.0,10865780,0.01
SSD,South Sudan,Post-Secondary Education,Higher education,151461.0,10865780,0.01
SSD,South Sudan,Disaster Prevention and Preparedness,Multi-hazard response preparedness,91015.0,10865780,0.01
SSD,South Sudan,General Environmental Protection,Environmental research,48472.0,10865780,0.00
SSD,South Sudan,Other Multisector,Research/scientific institutions,33205.0,10865780,0.00
SSD,South Sudan,Business and Other Services,Business Policy and Administation,16443.0,10865780,0.00
SSD,South Sudan,Emergency Response,Material relief assistance and services,-99896.0,10865780,-0.01
STP,Sao Tome and Principe,General Environmental Protection,Bio-diversity,31686.0,221961,0.14
SUR,Suriname,General Environmental Protection,Biosphere protection,150000.0,617896,0.24
SVN,Slovenia,Operating Expenses,Operating Expenses,154376.0,2108079,0.07
SWZ,Eswatini,HIV/AIDS,STD control including HIV/AIDS,1710473.0,1206593,1.42
SWZ,Eswatini,Government and Civil Society,Public finance management,250000.0,1206593,0.21
SWZ,Eswatini,Government and Civil Society,Public sector policy and administrative management,46747.0,1206593,0.04
SWZ,Eswatini,Other Multisector,Multisector aid,26994.0,1206593,0.02
SYC,Seychelles,General Environmental Protection,Bio-diversity,2500.0,99258,0.03
SYR,Syria,Emergency Response,Relief co-ordination; protection and support services,621328734.0,21628839,28.73
SYR,Syria,Emergency Response,Emergency food assistance,85177834.0,21628839,3.94
SYR,Syria,Basic Health,COVID-19 control,24089483.0,21628839,1.11
SYR,Syria,"Conflict, Peace, and Security","Civilian peace-building, conflict prevention and resolution",23176021.0,21628839,1.07
SYR,Syria,Emergency Response,Material relief assistance and services,10030114.0,21628839,0.46
SYR,Syria,Operating Expenses,Operating Expenses,5655205.0,21628839,0.26
SYR,Syria,Basic Health,Basic health care,3844591.0,21628839,0.18
SYR,Syria,"Conflict, Peace, and Security",Removal of land mines and explosive remnants of war,689555.0,21628839,0.03
SYR,Syria,Basic Education,Primary education,339363.0,21628839,0.02
SYR,Syria,Other Multisector,Multisector aid,1828.0,21628839,0.00
TCD,Chad,Emergency Response,Relief co-ordination; protection and support services,22011251.0,17828273,1.23
TCD,Chad,Emergency Response,Emergency food assistance,11782670.0,17828273,0.66
TCD,Chad,Basic Health,COVID-19 control,6534059.0,17828273,0.37
TCD,Chad,Government and Civil Society,Democratic participation and civil society,2010070.0,17828273,0.11
TCD,Chad,Operating Expenses,Operating Expenses,491892.0,17828273,0.03
TCD,Chad,Government and Civil Society,Fight against transnational organised crime,200000.0,17828273,0.01
TCD,Chad,Government and Civil Society,Human rights,120000.0,17828273,0.01
TCD,Chad,Other Social Infrastructure and Services,Employment Creation,120000.0,17828273,0.01
TCD,Chad,Government and Civil Society,Legal and judicial development,110000.0,17828273,0.01
TCD,Chad,Government and Civil Society,Public finance management,100000.0,17828273,0.01
TCD,Chad,Other Multisector,Multisector aid,93990.0,17828273,0.01
TCD,Chad,Government and Civil Society,Public sector policy and administrative management,24904.0,17828273,0.00
TCD,Chad,General Environmental Protection,Bio-diversity,12920.0,17828273,0.00
TCD,Chad,Emergency Response,Material relief assistance and services,-3096.0,17828273,-0.00
TGO,Togo,Other Multisector,Multisector aid,325000.0,8878379,0.04
TGO,Togo,Water Supply and Sanitation,Waste management / disposal,19906.0,8878379,0.00
THA,Thailand,Government and Civil Society,Human rights,4866972.0,71727332,0.07
THA,Thailand,Operating Expenses,Operating Expenses,1865728.0,71727332,0.03
THA,Thailand,Basic Health,COVID-19 control,1031966.0,71727332,0.01
THA,Thailand,"Conflict, Peace, and Security","Civilian peace-building, conflict prevention and resolution",755781.0,71727332,0.01
THA,Thailand,Disaster Prevention and Preparedness,Multi-hazard response preparedness,251790.0,71727332,0.00
THA,Thailand,Business and Other Services,Business Policy and Administation,87887.0,71727332,0.00
THA,Thailand,Government and Civil Society,Public finance management,56819.0,71727332,0.00
THA,Thailand,Energy,"Energy generation, renewable sources - multiple technologies",50000.0,71727332,0.00
THA,Thailand,Government and Civil Society,Democratic participation and civil society,42728.0,71727332,0.00
TJK,Tajikistan,Agriculture,Agricultural policy and administrative management,5596177.0,9966908,0.56
TJK,Tajikistan,Basic Education,Primary education,5254943.0,9966908,0.53
TJK,Tajikistan,Business and Other Services,Business Policy and Administation,2503133.0,9966908,0.25
TJK,Tajikistan,Other Multisector,Multisector aid,1720709.0,9966908,0.17
TJK,Tajikistan,Energy,Electric power transmission and distribution (centralised grids),1654953.0,9966908,0.17
TJK,Tajikistan,Operating Expenses,Operating Expenses,1407736.0,9966908,0.14
TJK,Tajikistan,Water Supply and Sanitation,Water supply - large systems,1304393.0,9966908,0.13
TJK,Tajikistan,Water Supply and Sanitation,Basic drinking water supply and basic sanitation,1257461.0,9966908,0.13
TJK,Tajikistan,Government and Civil Society,Decentralisation and support to subnational government,1254433.0,9966908,0.13
TJK,Tajikistan,"Conflict, Peace, and Security",Security system management and reform,1130714.0,9966908,0.11
TJK,Tajikistan,Banking and Financial Services,Financial policy and administrative management,504345.0,9966908,0.05
TJK,Tajikistan,Government and Civil Society,Human rights,386338.0,9966908,0.04
TJK,Tajikistan,Post-Secondary Education,Higher education,354090.0,9966908,0.04
TJK,Tajikistan,Government and Civil Society,Democratic participation and civil society,349998.0,9966908,0.04
TJK,Tajikistan,Government and Civil Society,Media and free flow of information,280725.0,9966908,0.03
TJK,Tajikistan,Government and Civil Society,Fight against transnational organised crime,251267.0,9966908,0.03
TJK,Tajikistan,"Education, Level Unspecified",Education policy and administrative management,105947.0,9966908,0.01
TJK,Tajikistan,Government and Civil Society,Public finance management,100000.0,9966908,0.01
TJK,Tajikistan,"Education, Level Unspecified",Education facilities and training,97035.0,9966908,0.01
TJK,Tajikistan,Water Supply and Sanitation,Water sector policy and administrative management,65041.0,9966908,0.01
TJK,Tajikistan,Upper Secondary Education,Upper Secondary education,45000.0,9966908,0.00
TJK,Tajikistan,Government and Civil Society,Public sector policy and administrative management,21375.0,9966908,0.00
TJK,Tajikistan,General Environmental Protection,Environmental policy and administrative management,17010.0,9966908,0.00
TJK,Tajikistan,Transport and Storage,Transport policy and administrative management,14256.0,9966908,0.00
TJK,Tajikistan,Other Social Infrastructure and Services,Social Protection,4460.0,9966908,0.00
TJK,Tajikistan,Government and Civil Society,Countering violent extremism,2707.0,9966908,0.00
TJK,Tajikistan,Agriculture,Agricultural development,470.0,9966908,0.00
TJK,Tajikistan,"Education, Level Unspecified",Educational research,66.0,9966908,0.00
TKM,Turkmenistan,Other Social Infrastructure and Services,Employment Creation,766840.0,7092043,0.11
TKM,Turkmenistan,Post-Secondary Education,Higher education,550593.0,7092043,0.08
TKM,Turkmenistan,Government and Civil Society,Public sector policy and administrative management,542777.0,7092043,0.08
TKM,Turkmenistan,Other Multisector,Multisector aid,498498.0,7092043,0.07
TKM,Turkmenistan,Business and Other Services,Business Policy and Administation,442799.0,7092043,0.06
TKM,Turkmenistan,Government and Civil Society,Democratic participation and civil society,315902.0,7092043,0.04
TKM,Turkmenistan,Banking and Financial Services,Financial policy and administrative management,260000.0,7092043,0.04
TKM,Turkmenistan,"Education, Level Unspecified",Education facilities and training,169447.0,7092043,0.02
TKM,Turkmenistan,Government and Civil Society,Human rights,136824.0,7092043,0.02
TKM,Turkmenistan,Operating Expenses,Operating Expenses,74146.0,7092043,0.01
TKM,Turkmenistan,Trade Policy and Regulations,Trade facilitation,70574.0,7092043,0.01
TKM,Turkmenistan,"Education, Level Unspecified",Education policy and administrative management,17507.0,7092043,0.00
TLS,Timor-Leste,Government and Civil Society,Democratic participation and civil society,7085003.0,1350139,5.25
TLS,Timor-Leste,Operating Expenses,Operating Expenses,6105949.0,1350139,4.52
TLS,Timor-Leste,Business and Other Services,Business Policy and Administation,3455407.0,1350139,2.56
TLS,Timor-Leste,Communications,Information and communication technology (ICT),826436.0,1350139,0.61
TLS,Timor-Leste,"Conflict, Peace, and Security","Civilian peace-building, conflict prevention and resolution",563489.0,1350139,0.42
TLS,Timor-Leste,Disaster Prevention and Preparedness,Multi-hazard response preparedness,394772.0,1350139,0.29
TLS,Timor-Leste,Government and Civil Society,Public finance management,378216.0,1350139,0.28
TLS,Timor-Leste,Agriculture,Agricultural policy and administrative management,204946.0,1350139,0.15
TLS,Timor-Leste,Other Multisector,Multisector aid,87330.0,1350139,0.06
TLS,Timor-Leste,Administration and Oversight,Administration and Oversight,29011.0,1350139,0.02
TLS,Timor-Leste,Government and Civil Society,Legal and judicial development,23616.0,1350139,0.02
TLS,Timor-Leste,Program Design and Learning,Program Design and Learning,22379.0,1350139,0.02
TON,Tonga,Disaster Prevention and Preparedness,Multi-hazard response preparedness,390424.0,105490,3.70
TON,Tonga,Emergency Response,Relief co-ordination; protection and support services,80873.0,105490,0.77
TTO,Trinidad and Tobago,Disaster Prevention and Preparedness,Multi-hazard response preparedness,386279.0,1367558,0.28
TTO,Trinidad and Tobago,General Environmental Protection,Bio-diversity,45370.0,1367558,0.03
TTO,Trinidad and Tobago,Other Multisector,Multisector aid,9650.0,1367558,0.01
TUN,Tunisia,Government and Civil Society,Democratic participation and civil society,22471290.0,12048622,1.87
TUN,Tunisia,Business and Other Services,Business Policy and Administation,15380891.0,12048622,1.28
TUN,Tunisia,Government and Civil Society,Public sector policy and administrative management,14588968.0,12048622,1.21
TUN,Tunisia,Basic Health,Infectious disease control,8867926.0,12048622,0.74
TUN,Tunisia,Operating Expenses,Operating Expenses,4081462.0,12048622,0.34
TUN,Tunisia,Basic Education,Basic life skills for adults,3820000.0,12048622,0.32
TUN,Tunisia,Government and Civil Society,Legislatures and political parties,2359834.0,12048622,0.20
TUN,Tunisia,Government and Civil Society,Elections,1945230.0,12048622,0.16
TUN,Tunisia,Government and Civil Society,Domestic revenue mobilisation,1677672.0,12048622,0.14
TUN,Tunisia,Government and Civil Society,Public finance management,1539149.0,12048622,0.13
TUN,Tunisia,Industry,Small and medium-sized enterprises (SME) development,1250874.0,12048622,0.10
TUN,Tunisia,Agriculture,Agricultural development,1248760.0,12048622,0.10
TUN,Tunisia,Industry,Cottage industries and handicraft,1055330.0,12048622,0.09
TUN,Tunisia,Other Multisector,Multisector education/training,1034993.0,12048622,0.09
TUN,Tunisia,Other Social Infrastructure and Services,Employment Creation,931600.0,12048622,0.08
TUN,Tunisia,Trade Policy and Regulations,Trade policy and administrative management,900000.0,12048622,0.07
TUN,Tunisia,Government and Civil Society,Anti-corruption organisations and institutions,848855.0,12048622,0.07
TUN,Tunisia,Other Multisector,Multisector aid,727196.0,12048622,0.06
TUN,Tunisia,Energy,Energy conservation and demand-side efficiency,590410.0,12048622,0.05
TUN,Tunisia,Post-Secondary Education,Higher education,420614.0,12048622,0.03
TUN,Tunisia,Banking and Financial Services,Financial policy and administrative management,332724.0,12048622,0.03
TUN,Tunisia,Government and Civil Society,Ending violence against women and girls,330518.0,12048622,0.03
TUN,Tunisia,"Health, General",Health policy and administrative management,271265.0,12048622,0.02
TUN,Tunisia,Government and Civil Society,Countering violent extremism,267235.0,12048622,0.02
TUN,Tunisia,Business and Other Services,Business development services,240000.0,12048622,0.02
TUN,Tunisia,Upper Secondary Education,Vocational training,141391.0,12048622,0.01
TUN,Tunisia,"Conflict, Peace, and Security","Civilian peace-building, conflict prevention and resolution",97001.0,12048622,0.01
TUN,Tunisia,Other Social Infrastructure and Services,Culture and recreation,76000.0,12048622,0.01
TUN,Tunisia,Agriculture,Agricultural policy and administrative management,43393.0,12048622,0.00
TUN,Tunisia,Other Multisector,Research/scientific institutions,22360.0,12048622,0.00
TUN,Tunisia,HIV/AIDS,STD control including HIV/AIDS,12793.0,12048622,0.00
TUN,Tunisia,"Education, Level Unspecified",Education facilities and training,12323.0,12048622,0.00
TUN,Tunisia,General Environmental Protection,Environmental policy and administrative management,6250.0,12048622,0.00
TUR,Turkey,Emergency Response,Relief co-ordination; protection and support services,11129504.0,84147318,0.13
TUR,Turkey,Emergency Response,Emergency food assistance,1520124.0,84147318,0.02
TUR,Turkey,Operating Expenses,Operating Expenses,821661.0,84147318,0.01
TUR,Turkey,Agriculture,Fishing policy and administrative management,11900.0,84147318,0.00
TUR,Turkey,Industry,Small and medium-sized enterprises (SME) development,3840.0,84147318,0.00
TZA,Tanzania,Basic Education,Primary education,16522064.0,62830412,0.26
TZA,Tanzania,Operating Expenses,Operating Expenses,15078815.0,62830412,0.24
TZA,Tanzania,Agriculture,Agricultural policy and administrative management,12823591.0,62830412,0.20
TZA,Tanzania,Emergency Response,Relief co-ordination; protection and support services,8539593.0,62830412,0.14
TZA,Tanzania,General Environmental Protection,Environmental policy and administrative management,7778206.0,62830412,0.12
TZA,Tanzania,Agriculture,Agricultural development,7622153.0,62830412,0.12
TZA,Tanzania,Water Supply and Sanitation,River basins' development,6062197.0,62830412,0.10
TZA,Tanzania,Emergency Response,Emergency food assistance,5822464.0,62830412,0.09
TZA,Tanzania,Government and Civil Society,Democratic participation and civil society,5017296.0,62830412,0.08
TZA,Tanzania,Energy,Energy policy and administrative management,3924771.0,62830412,0.06
TZA,Tanzania,HIV/AIDS,STD control including HIV/AIDS,3207089.0,62830412,0.05
TZA,Tanzania,Government and Civil Society,Public finance management,2198272.0,62830412,0.03
TZA,Tanzania,"Maternal and Child Health, Family Planning",Population policy and administrative management,873362.0,62830412,0.01
TZA,Tanzania,Other Multisector,Multisector aid,753066.0,62830412,0.01
TZA,Tanzania,General Environmental Protection,Biosphere protection,724791.0,62830412,0.01
TZA,Tanzania,General Environmental Protection,Bio-diversity,675538.0,62830412,0.01
TZA,Tanzania,Government and Civil Society,Elections,498134.0,62830412,0.01
TZA,Tanzania,Basic Health,COVID-19 control,420316.0,62830412,0.01
TZA,Tanzania,Government and Civil Society,Countering violent extremism,287241.0,62830412,0.00
TZA,Tanzania,Post-Secondary Education,Higher education,268163.0,62830412,0.00
TZA,Tanzania,Government and Civil Society,Anti-corruption organisations and institutions,185878.0,62830412,0.00
TZA,Tanzania,Government and Civil Society,Public sector policy and administrative management,182457.0,62830412,0.00
TZA,Tanzania,"Health, General",Health policy and administrative management,141408.0,62830412,0.00
TZA,Tanzania,Government and Civil Society,Legal and judicial development,136000.0,62830412,0.00
TZA,Tanzania,Other Multisector,Research/scientific institutions,135526.0,62830412,0.00
TZA,Tanzania,Government and Civil Society,Fight against transnational organised crime,84985.0,62830412,0.00
TZA,Tanzania,Government and Civil Society,Domestic revenue mobilisation,81374.0,62830412,0.00
TZA,Tanzania,General Environmental Protection,Environmental research,80148.0,62830412,0.00
TZA,Tanzania,Water Supply and Sanitation,Basic drinking water supply,32047.0,62830412,0.00
TZA,Tanzania,Trade Policy and Regulations,Trade policy and administrative management,10817.0,62830412,0.00
TZA,Tanzania,Administration and Oversight,Administration and Oversight,-318.0,62830412,-0.00
UGA,Uganda,Emergency Response,Relief co-ordination; protection and support services,51438525.0,45910930,1.12
UGA,Uganda,Emergency Response,Emergency food assistance,38406931.0,45910930,0.84
UGA,Uganda,Agriculture,Agricultural policy and administrative management,34768077.0,45910930,0.76
UGA,Uganda,Operating Expenses,Operating Expenses,19495600.0,45910930,0.42
UGA,Uganda,Water Supply and Sanitation,Basic drinking water supply and basic sanitation,9154533.0,45910930,0.20
UGA,Uganda,Basic Education,Primary education,7833112.0,45910930,0.17
UGA,Uganda,Basic Health,Malaria control,6164616.0,45910930,0.13
UGA,Uganda,General Environmental Protection,Environmental policy and administrative management,4380925.0,45910930,0.10
UGA,Uganda,Basic Health,COVID-19 control,4075543.0,45910930,0.09
UGA,Uganda,Government and Civil Society,Ending violence against women and girls,1957099.0,45910930,0.04
UGA,Uganda,General Environmental Protection,Bio-diversity,1816083.0,45910930,0.04
UGA,Uganda,Water Supply and Sanitation,Water sector policy and administrative management,1642426.0,45910930,0.04
UGA,Uganda,Government and Civil Society,Domestic revenue mobilisation,1553855.0,45910930,0.03
UGA,Uganda,Government and Civil Society,Public finance management,1224434.0,45910930,0.03
UGA,Uganda,Post-Secondary Education,Higher education,1142864.0,45910930,0.02
UGA,Uganda,Energy,Energy policy and administrative management,1140250.0,45910930,0.02
UGA,Uganda,Other Multisector,Multisector aid,999578.0,45910930,0.02
UGA,Uganda,"Conflict, Peace, and Security","Civilian peace-building, conflict prevention and resolution",958177.0,45910930,0.02
UGA,Uganda,Government and Civil Society,Democratic participation and civil society,721436.0,45910930,0.02
UGA,Uganda,Water Supply and Sanitation,Water supply and sanitation - large systems,700954.0,45910930,0.02
UGA,Uganda,Government and Civil Society,Human rights,696114.0,45910930,0.02
UGA,Uganda,Business and Other Services,Business Policy and Administation,600000.0,45910930,0.01
UGA,Uganda,Administration and Oversight,Administration and Oversight,259321.0,45910930,0.01
UGA,Uganda,Basic Health,Tuberculosis control,245521.0,45910930,0.01
UGA,Uganda,Government and Civil Society,Legal and judicial development,204221.0,45910930,0.00
UGA,Uganda,Program Design and Learning,Program Design and Learning,192274.0,45910930,0.00
UGA,Uganda,Government and Civil Society,Elections,177606.0,45910930,0.00
UGA,Uganda,Other Social Infrastructure and Services,Social Protection,144721.0,45910930,0.00
UGA,Uganda,Basic Health,Basic health care,129678.0,45910930,0.00
UGA,Uganda,Industry,Small and medium-sized enterprises (SME) development,124266.0,45910930,0.00
UGA,Uganda,Government and Civil Society,Countering violent extremism,120421.0,45910930,0.00
UGA,Uganda,"Health, General",Health policy and administrative management,93383.0,45910930,0.00
UGA,Uganda,General Environmental Protection,Environmental research,49905.0,45910930,0.00
UGA,Uganda,Trade Policy and Regulations,Trade facilitation,29921.0,45910930,0.00
UGA,Uganda,Government and Civil Society,Legislatures and political parties,18513.0,45910930,0.00
UGA,Uganda,"Maternal and Child Health, Family Planning",Family planning,-2147.0,45910930,-0.00
UGA,Uganda,Government and Civil Society,Decentralisation and support to subnational government,-28646.0,45910930,-0.00
UGA,Uganda,General Environmental Protection,Biosphere protection,-216048.0,45910930,-0.00
UGA,Uganda,Agriculture,Agricultural development,-590396.0,45910930,-0.01
UKR,Ukraine,Business and Other Services,Business Policy and Administation,25318483.0,44298640,0.57
UKR,Ukraine,Government and Civil Society,Democratic participation and civil society,18944540.0,44298640,0.43
UKR,Ukraine,Operating Expenses,Operating Expenses,18616066.0,44298640,0.42
UKR,Ukraine,Government and Civil Society,Decentralisation and support to subnational government,18112107.0,44298640,0.41
UKR,Ukraine,Government and Civil Society,Anti-corruption organisations and institutions,17420003.0,44298640,0.39
UKR,Ukraine,Other Multisector,Multisector aid,17386449.0,44298640,0.39
UKR,Ukraine,Government and Civil Society,Media and free flow of information,15180274.0,44298640,0.34
UKR,Ukraine,"Conflict, Peace, and Security",Security system management and reform,14921878.0,44298640,0.34
UKR,Ukraine,Energy,Energy policy and administrative management,12198642.0,44298640,0.28
UKR,Ukraine,Emergency Response,Relief co-ordination; protection and support services,12055531.0,44298640,0.27
UKR,Ukraine,Trade Policy and Regulations,Trade facilitation,10965395.0,44298640,0.25
UKR,Ukraine,Basic Health,COVID-19 control,8338436.0,44298640,0.19
UKR,Ukraine,Energy,Electric power transmission and distribution (centralised grids),6600759.0,44298640,0.15
UKR,Ukraine,Government and Civil Society,Legislatures and political parties,6588903.0,44298640,0.15
UKR,Ukraine,Government and Civil Society,Elections,5222034.0,44298640,0.12
UKR,Ukraine,"Conflict, Peace, and Security","Civilian peace-building, conflict prevention and resolution",5158120.0,44298640,0.12
UKR,Ukraine,Banking and Financial Services,Financial policy and administrative management,4954900.0,44298640,0.11
UKR,Ukraine,Government and Civil Society,Legal and judicial development,4205201.0,44298640,0.09
UKR,Ukraine,Government and Civil Society,Public sector policy and administrative management,3349289.0,44298640,0.08
UKR,Ukraine,Agriculture,Agricultural policy and administrative management,3150000.0,44298640,0.07
UKR,Ukraine,Government and Civil Society,Human rights,2430340.0,44298640,0.05
UKR,Ukraine,Other Social Infrastructure and Services,Employment Creation,2318773.0,44298640,0.05
UKR,Ukraine,Emergency Response,Emergency food assistance,2036711.0,44298640,0.05
UKR,Ukraine,Upper Secondary Education,Vocational training,1678346.0,44298640,0.04
UKR,Ukraine,Basic Health,Infectious disease control,430364.0,44298640,0.01
UKR,Ukraine,Disaster Prevention and Preparedness,Multi-hazard response preparedness,300776.0,44298640,0.01
UKR,Ukraine,Trade Policy and Regulations,Trade policy and administrative management,197072.0,44298640,0.00
UKR,Ukraine,General Environmental Protection,Environmental research,157278.0,44298640,0.00
UKR,Ukraine,Post-Secondary Education,Higher education,83340.0,44298640,0.00
UKR,Ukraine,Emergency Response,Material relief assistance and services,63571.0,44298640,0.00
UKR,Ukraine,Basic Education,Primary education,41300.0,44298640,0.00
UKR,Ukraine,Other Social Infrastructure and Services,Social Protection,28959.0,44298640,0.00
UKR,Ukraine,Program Design and Learning,Program Design and Learning,8907.0,44298640,0.00
UKR,Ukraine,Government and Civil Society,Public finance management,708.0,44298640,0.00
UZB,Uzbekistan,Basic Education,Basic life skills for adults,4395035.0,34243696,0.13
UZB,Uzbekistan,Business and Other Services,Business Policy and Administation,3986837.0,34243696,0.12
UZB,Uzbekistan,Government and Civil Society,Legal and judicial development,3901476.0,34243696,0.11
UZB,Uzbekistan,Other Multisector,Multisector aid,1966957.0,34243696,0.06
UZB,Uzbekistan,Operating Expenses,Operating Expenses,1827094.0,34243696,0.05
UZB,Uzbekistan,Government and Civil Society,Human rights,930826.0,34243696,0.03
UZB,Uzbekistan,Government and Civil Society,Democratic participation and civil society,893824.0,34243696,0.03
UZB,Uzbekistan,Post-Secondary Education,Higher education,693138.0,34243696,0.02
UZB,Uzbekistan,"Education, Level Unspecified",Education policy and administrative management,602706.0,34243696,0.02
UZB,Uzbekistan,"Education, Level Unspecified",Teacher training,592927.0,34243696,0.02
UZB,Uzbekistan,Other Multisector,Multisector education/training,540015.0,34243696,0.02
UZB,Uzbekistan,Basic Education,Primary education,539714.0,34243696,0.02
UZB,Uzbekistan,Trade Policy and Regulations,Trade facilitation,306208.0,34243696,0.01
UZB,Uzbekistan,"Conflict, Peace, and Security",Prevention of Violent Extremism,300000.0,34243696,0.01
UZB,Uzbekistan,"Education, Level Unspecified",Education facilities and training,209549.0,34243696,0.01
UZB,Uzbekistan,Government and Civil Society,Fight against transnational organised crime,187601.0,34243696,0.01
UZB,Uzbekistan,Government and Civil Society,Ending violence against women and girls,179560.0,34243696,0.01
UZB,Uzbekistan,Energy,Energy policy and administrative management,141194.0,34243696,0.00
UZB,Uzbekistan,Government and Civil Society,Public finance management,122535.0,34243696,0.00
UZB,Uzbekistan,Government and Civil Society,Media and free flow of information,117480.0,34243696,0.00
UZB,Uzbekistan,Business and Other Services,Business development services,80228.0,34243696,0.00
UZB,Uzbekistan,Upper Secondary Education,Vocational training,69568.0,34243696,0.00
UZB,Uzbekistan,Agriculture,Agricultural development,50000.0,34243696,0.00
UZB,Uzbekistan,Basic Health,COVID-19 control,25979.0,34243696,0.00
UZB,Uzbekistan,"Education, Level Unspecified",Educational research,1280.0,34243696,0.00
VCT,St. Vincent and Grenadines,Emergency Response,Relief co-ordination; protection and support services,303810.0,102841,2.95
VCT,St. Vincent and Grenadines,Emergency Response,Emergency food assistance,64085.0,102841,0.62
VEN,Venezuela,Emergency Response,Relief co-ordination; protection and support services,49660847.0,28237826,1.76
VEN,Venezuela,Government and Civil Society,Democratic participation and civil society,22939604.0,28237826,0.81
VEN,Venezuela,Basic Health,COVID-19 control,8604666.0,28237826,0.30
VEN,Venezuela,Government and Civil Society,Media and free flow of information,5116168.0,28237826,0.18
VEN,Venezuela,Government and Civil Society,Human rights,4620170.0,28237826,0.16
VEN,Venezuela,Operating Expenses,Operating Expenses,2286647.0,28237826,0.08
VEN,Venezuela,Government and Civil Society,Public finance management,1944165.0,28237826,0.07
VEN,Venezuela,Agriculture,Agricultural policy and administrative management,1534123.0,28237826,0.05
VEN,Venezuela,Other Multisector,Multisector aid,546864.0,28237826,0.02
VNM,Vietnam,General Environmental Protection,Environmental policy and administrative management,19709464.0,98935098,0.20
VNM,Vietnam,Operating Expenses,Operating Expenses,13093617.0,98935098,0.13
VNM,Vietnam,Government and Civil Society,Democratic participation and civil society,8768228.0,98935098,0.09
VNM,Vietnam,Other Social Infrastructure and Services,Social Protection,8387014.0,98935098,0.08
VNM,Vietnam,Trade Policy and Regulations,Trade facilitation,8079940.0,98935098,0.08
VNM,Vietnam,Energy,Energy policy and administrative management,5407967.0,98935098,0.05
VNM,Vietnam,Program Design and Learning,Program Design and Learning,3461115.0,98935098,0.03
VNM,Vietnam,Post-Secondary Education,Higher education,2658123.0,98935098,0.03
VNM,Vietnam,Basic Health,COVID-19 control,1970608.0,98935098,0.02
VNM,Vietnam,Emergency Response,Relief co-ordination; protection and support services,1936525.0,98935098,0.02
VNM,Vietnam,Government and Civil Society,Legal and judicial development,1213071.0,98935098,0.01
VNM,Vietnam,Disaster Prevention and Preparedness,Multi-hazard response preparedness,1097588.0,98935098,0.01
VNM,Vietnam,Business and Other Services,Business Policy and Administation,566514.0,98935098,0.01
VNM,Vietnam,Other Multisector,Multisector aid,209543.0,98935098,0.00
VNM,Vietnam,Post-Secondary Education,Advanced technical and managerial training,104229.0,98935098,0.00
VNM,Vietnam,Trade Policy and Regulations,Trade policy and administrative management,70673.0,98935098,0.00
VNM,Vietnam,General Environmental Protection,Bio-diversity,56922.0,98935098,0.00
VNM,Vietnam,General Environmental Protection,Biosphere protection,-181300.0,98935098,-0.00
VUT,Vanuatu,Emergency Response,Relief co-ordination; protection and support services,741449.0,305868,2.42
VUT,Vanuatu,Disaster Prevention and Preparedness,Multi-hazard response preparedness,122740.0,305868,0.40
WLD,World,HIV/AIDS,STD control including HIV/AIDS,2035308209.0,7920861888,0.26
WLD,World,Operating Expenses,Operating Expenses,1603063943.0,7920861888,0.20
WLD,World,Agriculture,Agricultural policy and administrative management,157126886.0,7920861888,0.02
WLD,World,Other Multisector,Multisector aid,156025270.0,7920861888,0.02
WLD,World,Basic Education,Primary education,120803909.0,7920861888,0.02
WLD,World,Emergency Response,Material relief assistance and services,95098298.0,7920861888,0.01
WLD,World,Disaster Prevention and Preparedness,Multi-hazard response preparedness,76699860.0,7920861888,0.01
WLD,World,Basic Health,COVID-19 control,75527821.0,7920861888,0.01
WLD,World,Emergency Response,Relief co-ordination; protection and support services,58375373.0,7920861888,0.01
WLD,World,Business and Other Services,Business Policy and Administation,49306946.0,7920861888,0.01
WLD,World,Government and Civil Society,Human rights,27423952.0,7920861888,0.00
WLD,World,Basic Education,Basic life skills for adults,23211581.0,7920861888,0.00
WLD,World,General Environmental Protection,Environmental policy and administrative management,20832010.0,7920861888,0.00
WLD,World,Post-Secondary Education,Higher education,15218914.0,7920861888,0.00
WLD,World,Government and Civil Society,Democratic participation and civil society,11610037.0,7920861888,0.00
WLD,World,Other Social Infrastructure and Services,Social Protection,10380010.0,7920861888,0.00
WLD,World,Emergency Response,Emergency food assistance,9061802.0,7920861888,0.00
WLD,World,Trade Policy and Regulations,Trade facilitation,8619897.0,7920861888,0.00
WLD,World,Water Supply and Sanitation,Water supply and sanitation - large systems,8104944.0,7920861888,0.00
WLD,World,Other Multisector,Research/scientific institutions,8027007.0,7920861888,0.00
WLD,World,"Conflict, Peace, and Security","Civilian peace-building, conflict prevention and resolution",7968385.0,7920861888,0.00
WLD,World,Energy,Energy policy and administrative management,7076345.0,7920861888,0.00
WLD,World,Other Multisector,Food security policy and administrative management,5752040.0,7920861888,0.00
WLD,World,Trade Policy and Regulations,Trade policy and administrative management,5440213.0,7920861888,0.00
WLD,World,Banking and Financial Services,Financial policy and administrative management,4890628.0,7920861888,0.00
WLD,World,Program Design and Learning,Program Design and Learning,4202783.0,7920861888,0.00
WLD,World,Government and Civil Society,Public sector policy and administrative management,3880654.0,7920861888,0.00
WLD,World,Communications,Information and communication technology (ICT),3683215.0,7920861888,0.00
WLD,World,"Conflict, Peace, and Security",Security system management and reform,3614075.0,7920861888,0.00
WLD,World,General Environmental Protection,Bio-diversity,3547855.0,7920861888,0.00
WLD,World,Water Supply and Sanitation,Water sector policy and administrative management,3334006.0,7920861888,0.00
WLD,World,Government and Civil Society,Countering violent extremism,3125505.0,7920861888,0.00
WLD,World,Administration and Oversight,Administration and Oversight,3043391.0,7920861888,0.00
WLD,World,General Environmental Protection,Biosphere protection,2617296.0,7920861888,0.00
WLD,World,Industry,Small and medium-sized enterprises (SME) development,2041767.0,7920861888,0.00
WLD,World,Unallocated/ Unspecified,Sectors not specified,2000000.0,7920861888,0.00
WLD,World,"Education, Level Unspecified",Education policy and administrative management,1964463.0,7920861888,0.00
WLD,World,Water Supply and Sanitation,Basic drinking water supply and basic sanitation,1805722.0,7920861888,0.00
WLD,World,Government and Civil Society,Decentralisation and support to subnational government,1670350.0,7920861888,0.00
WLD,World,"Health, General",Health policy and administrative management,1618775.0,7920861888,0.00
WLD,World,Transport and Storage,Transport policy and administrative management,1476687.0,7920861888,0.00
WLD,World,General Environmental Protection,Environmental research,1404496.0,7920861888,0.00
WLD,World,Government and Civil Society,Legislatures and political parties,1343326.0,7920861888,0.00
WLD,World,Government and Civil Society,"Women’s rights organisations and movements, and government institutions",1289440.0,7920861888,0.00
WLD,World,Energy,"Energy generation, renewable sources - multiple technologies",1239797.0,7920861888,0.00
WLD,World,"Conflict, Peace, and Security",Prevention of Violent Extremism,999509.0,7920861888,0.00
WLD,World,Government and Civil Society,Cyber security,888375.0,7920861888,0.00
WLD,World,Water Supply and Sanitation,Basic drinking water supply,879847.0,7920861888,0.00
WLD,World,"Education, Level Unspecified",Educational research,752241.0,7920861888,0.00
WLD,World,Agriculture,Agricultural development,712502.0,7920861888,0.00
WLD,World,Government and Civil Society,Public finance management,581441.0,7920861888,0.00
WLD,World,Communications,Communications policy and administrative management,572141.0,7920861888,0.00
WLD,World,Basic Health,Basic health care,450713.0,7920861888,0.00
WLD,World,Agriculture,Agricultural research,424684.0,7920861888,0.00
WLD,World,Banking and Financial Services,Informal/semi-formal financial intermediaries,381969.0,7920861888,0.00
WLD,World,"Conflict, Peace, and Security",Removal of land mines and explosive remnants of war,333333.0,7920861888,0.00
WLD,World,Agriculture,Forestry policy and administrative management,259086.0,7920861888,0.00
WLD,World,Water Supply and Sanitation,Basic sanitation,234940.0,7920861888,0.00
WLD,World,"Maternal and Child Health, Family Planning",Reproductive health care,214985.0,7920861888,0.00
WLD,World,Government and Civil Society,Elections,186117.0,7920861888,0.00
WLD,World,Other Multisector,Disaster Risk Reduction,84750.0,7920861888,0.00
WLD,World,Government and Civil Society,Media and free flow of information,74534.0,7920861888,0.00
WLD,World,Government and Civil Society,Legal and judicial development,44380.0,7920861888,0.00
WLD,World,Communications,"Education and training in ICT, telecommunications and media",32532.0,7920861888,0.00
WLD,World,"Maternal and Child Health, Family Planning",Family planning,14124.0,7920861888,0.00
WLD,World,Mineral Resources and Mining,Mineral/mining policy and administrative management,3701.0,7920861888,0.00
WLD,World,Basic Health,Infectious disease control,-790453.0,7920861888,-0.00
WSM,Samoa,Disaster Prevention and Preparedness,Multi-hazard response preparedness,43487.0,213779,0.20
XKX,Kosovo,Operating Expenses,Operating Expenses,9788130.0,1786079,5.48
XKX,Kosovo,Government and Civil Society,Democratic participation and civil society,7741209.0,1786079,4.33
XKX,Kosovo,Business and Other Services,Business Policy and Administation,3802080.0,1786079,2.13
XKX,Kosovo,Government and Civil Society,Legal and judicial development,2483560.0,1786079,1.39
XKX,Kosovo,Other Multisector,Multisector aid,1271365.0,1786079,0.71
XKX,Kosovo,Government and Civil Society,Domestic revenue mobilisation,1221349.0,1786079,0.68
XKX,Kosovo,"Conflict, Peace, and Security","Civilian peace-building, conflict prevention and resolution",709842.0,1786079,0.40
XKX,Kosovo,Basic Education,Basic life skills for adults,663960.0,1786079,0.37
XKX,Kosovo,Agriculture,Agricultural policy and administrative management,642199.0,1786079,0.36
XKX,Kosovo,Post-Secondary Education,Higher education,628729.0,1786079,0.35
XKX,Kosovo,Basic Health,COVID-19 control,563132.0,1786079,0.32
XKX,Kosovo,Energy,Energy policy and administrative management,501736.0,1786079,0.28
XKX,Kosovo,Government and Civil Society,Human rights,410325.0,1786079,0.23
XKX,Kosovo,Government and Civil Society,Public finance management,304881.0,1786079,0.17
XKX,Kosovo,Banking and Financial Services,Financial policy and administrative management,81215.0,1786079,0.05
XKX,Kosovo,"Conflict, Peace, and Security",Security system management and reform,30000.0,1786079,0.02
XKX,Kosovo,Government and Civil Society,Media and free flow of information,21869.0,1786079,0.01
XKX,Kosovo,Government and Civil Society,Decentralisation and support to subnational government,-203.0,1786079,-0.00
XKX,Kosovo,Basic Education,Primary education,-32039.0,1786079,-0.02
YEM,Yemen,Emergency Response,Relief co-ordination; protection and support services,164679291.0,37140230,4.43
YEM,Yemen,Emergency Response,Emergency food assistance,39940955.0,37140230,1.08
YEM,Yemen,Basic Education,Primary education,8762558.0,37140230,0.24
YEM,Yemen,"Conflict, Peace, and Security","Civilian peace-building, conflict prevention and resolution",5324422.0,37140230,0.14
YEM,Yemen,Operating Expenses,Operating Expenses,4407674.0,37140230,0.12
YEM,Yemen,Government and Civil Society,Domestic revenue mobilisation,3888015.0,37140230,0.10
YEM,Yemen,Other Social Infrastructure and Services,Social Protection,3583600.0,37140230,0.10
YEM,Yemen,Water Supply and Sanitation,Basic drinking water supply and basic sanitation,3447030.0,37140230,0.09
YEM,Yemen,Government and Civil Society,Public sector policy and administrative management,3193832.0,37140230,0.09
YEM,Yemen,Other Multisector,Multisector aid,2995118.0,37140230,0.08
YEM,Yemen,Basic Health,Basic nutrition,2539712.0,37140230,0.07
YEM,Yemen,Agriculture,Agricultural development,2203723.0,37140230,0.06
YEM,Yemen,Government and Civil Society,Democratic participation and civil society,1817166.0,37140230,0.05
YEM,Yemen,Government and Civil Society,Decentralisation and support to subnational government,1644361.0,37140230,0.04
YEM,Yemen,Banking and Financial Services,Financial policy and administrative management,1429071.0,37140230,0.04
YEM,Yemen,Industry,Small and medium-sized enterprises (SME) development,1015470.0,37140230,0.03
YEM,Yemen,Government and Civil Society,Elections,693470.0,37140230,0.02
YEM,Yemen,Basic Education,Basic life skills for adults,668493.0,37140230,0.02
YEM,Yemen,Upper Secondary Education,Vocational training,477661.0,37140230,0.01
YEM,Yemen,Government and Civil Society,Legislatures and political parties,396767.0,37140230,0.01
YEM,Yemen,Banking and Financial Services,Monetary institutions,270671.0,37140230,0.01
YEM,Yemen,Program Design and Learning,Program Design and Learning,195938.0,37140230,0.01
YEM,Yemen,Banking and Financial Services,Informal/semi-formal financial intermediaries,60432.0,37140230,0.00
YEM,Yemen,Agriculture,Agricultural policy and administrative management,10436.0,37140230,0.00
YEM,Yemen,Disaster Prevention and Preparedness,Multi-hazard response preparedness,1249.0,37140230,0.00
YEM,Yemen,Energy,Energy policy and administrative management,122.0,37140230,0.00
YEM,Yemen,Business and Other Services,Business Policy and Administation,79.0,37140230,0.00
YEM,Yemen,Other Social Infrastructure and Services,Employment Creation,-5488.0,37140230,-0.00
ZAF,South Africa,Operating Expenses,Operating Expenses,23106115.0,61502603,0.38
ZAF,South Africa,Basic Health,COVID-19 control,6341321.0,61502603,0.10
ZAF,South Africa,HIV/AIDS,STD control including HIV/AIDS,5868000.0,61502603,0.10
ZAF,South Africa,Trade Policy and Regulations,Trade facilitation,5150276.0,61502603,0.08
ZAF,South Africa,Agriculture,Agricultural policy and administrative management,4141144.0,61502603,0.07
ZAF,South Africa,Basic Education,Primary education,3693103.0,61502603,0.06
ZAF,South Africa,Government and Civil Society,Democratic participation and civil society,2569341.0,61502603,0.04
ZAF,South Africa,Other Social Infrastructure and Services,Social Protection,1202239.0,61502603,0.02
ZAF,South Africa,Business and Other Services,Business Policy and Administation,600662.0,61502603,0.01
ZAF,South Africa,Government and Civil Society,Legal and judicial development,500000.0,61502603,0.01
ZAF,South Africa,Other Multisector,Multisector aid,486916.0,61502603,0.01
ZAF,South Africa,Agriculture,Agricultural development,411038.0,61502603,0.01
ZAF,South Africa,"Conflict, Peace, and Security","Civilian peace-building, conflict prevention and resolution",400000.0,61502603,0.01
ZAF,South Africa,Government and Civil Society,Anti-corruption organisations and institutions,337686.0,61502603,0.01
ZAF,South Africa,Upper Secondary Education,Upper Secondary education,223303.0,61502603,0.00
ZAF,South Africa,Emergency Response,Relief co-ordination; protection and support services,54710.0,61502603,0.00
ZAF,South Africa,"Education, Level Unspecified",Education policy and administrative management,53112.0,61502603,0.00
ZAF,South Africa,Post-Secondary Education,Higher education,30000.0,61502603,0.00
ZAF,South Africa,Basic Education,Basic life skills for adults,25129.0,61502603,0.00
ZAF,South Africa,Energy,Natural gas-fired electric power plants,14442.0,61502603,0.00
ZAF,South Africa,Basic Health,Basic health care,9900.0,61502603,0.00
ZAF,South Africa,General Environmental Protection,Bio-diversity,5820.0,61502603,0.00
ZAF,South Africa,General Environmental Protection,Biosphere protection,-34760.0,61502603,-0.00
ZMB,Zambia,Basic Education,Primary education,12848786.0,19603607,0.66
ZMB,Zambia,Operating Expenses,Operating Expenses,10008344.0,19603607,0.51
ZMB,Zambia,Water Supply and Sanitation,Basic drinking water supply and basic sanitation,4482789.0,19603607,0.23
ZMB,Zambia,Agriculture,Agricultural policy and administrative management,4044311.0,19603607,0.21
ZMB,Zambia,Government and Civil Society,Public finance management,3104491.0,19603607,0.16
ZMB,Zambia,Basic Health,COVID-19 control,2357350.0,19603607,0.12
ZMB,Zambia,Government and Civil Society,Democratic participation and civil society,2072218.0,19603607,0.11
ZMB,Zambia,Agriculture,Agricultural development,1982683.0,19603607,0.10
ZMB,Zambia,General Environmental Protection,Environmental policy and administrative management,1939189.0,19603607,0.10
ZMB,Zambia,Trade Policy and Regulations,Trade facilitation,1723216.0,19603607,0.09
ZMB,Zambia,"Education, Level Unspecified",Education policy and administrative management,755560.0,19603607,0.04
ZMB,Zambia,Water Supply and Sanitation,Water sector policy and administrative management,739817.0,19603607,0.04
ZMB,Zambia,Other Multisector,Multisector aid,694441.0,19603607,0.04
ZMB,Zambia,General Environmental Protection,Bio-diversity,598392.0,19603607,0.03
ZMB,Zambia,Energy,Energy policy and administrative management,548496.0,19603607,0.03
ZMB,Zambia,Government and Civil Society,Public sector policy and administrative management,536155.0,19603607,0.03
ZMB,Zambia,Government and Civil Society,Domestic revenue mobilisation,517535.0,19603607,0.03
ZMB,Zambia,Government and Civil Society,Elections,248715.0,19603607,0.01
ZMB,Zambia,General Environmental Protection,Biosphere protection,137364.0,19603607,0.01
ZMB,Zambia,Program Design and Learning,Program Design and Learning,136505.0,19603607,0.01
ZMB,Zambia,Post-Secondary Education,Higher education,133530.0,19603607,0.01
ZMB,Zambia,Government and Civil Society,Fight against transnational organised crime,106200.0,19603607,0.01
ZMB,Zambia,Other Multisector,Research/scientific institutions,96111.0,19603607,0.00
ZMB,Zambia,Communications,Communications policy and administrative management,83909.0,19603607,0.00
ZMB,Zambia,Basic Health,Basic health care,83640.0,19603607,0.00
ZMB,Zambia,Water Supply and Sanitation,Water supply and sanitation - large systems,78336.0,19603607,0.00
ZMB,Zambia,Emergency Response,Emergency food assistance,37230.0,19603607,0.00
ZMB,Zambia,Government and Civil Society,Media and free flow of information,18596.0,19603607,0.00
ZMB,Zambia,HIV/AIDS,STD control including HIV/AIDS,1471.0,19603607,0.00
ZWE,Zimbabwe,Emergency Response,Relief co-ordination; protection and support services,24517309.0,15797210,1.55
ZWE,Zimbabwe,Operating Expenses,Operating Expenses,14655389.0,15797210,0.93
ZWE,Zimbabwe,Basic Health,COVID-19 control,12219789.0,15797210,0.77
ZWE,Zimbabwe,Government and Civil Society,Democratic participation and civil society,10582004.0,15797210,0.67
ZWE,Zimbabwe,Emergency Response,Emergency food assistance,10569578.0,15797210,0.67
ZWE,Zimbabwe,Agriculture,Agricultural policy and administrative management,6112953.0,15797210,0.39
ZWE,Zimbabwe,Government and Civil Society,Public finance management,2537594.0,15797210,0.16
ZWE,Zimbabwe,Government and Civil Society,Human rights,2328296.0,15797210,0.15
ZWE,Zimbabwe,Government and Civil Society,Public sector policy and administrative management,1269241.0,15797210,0.08
ZWE,Zimbabwe,Disaster Prevention and Preparedness,Multi-hazard response preparedness,748898.0,15797210,0.05
ZWE,Zimbabwe,Other Social Infrastructure and Services,Social Protection,577749.0,15797210,0.04
ZWE,Zimbabwe,Other Multisector,Multisector aid,381364.0,15797210,0.02
ZWE,Zimbabwe,"Conflict, Peace, and Security","Civilian peace-building, conflict prevention and resolution",371029.0,15797210,0.02
ZWE,Zimbabwe,"Health, General",Health policy and administrative management,160000.0,15797210,0.01
ZWE,Zimbabwe,General Environmental Protection,Environmental research,43563.0,15797210,0.00
ZWE,Zimbabwe,Business and Other Services,Business Policy and Administation,10062.0,15797210,0.00
ZWE,Zimbabwe,Government and Civil Society,Media and free flow of information,3602.0,15797210,0.00
ZWE,Zimbabwe,Emergency Response,Material relief assistance and services,-2250.0,15797210,-0.00
ZWE,Zimbabwe,Industry,Small and medium-sized enterprises (SME) development,-20175.0,15797210,-0.00
