Country_Code,Country,US_Category,US_Sector,Total_Disbursement_USD,Population,Per_Capita_USD
AFG,Afghanistan,"Democracy, Human Rights, and Governance",Good Governance,223175685.0,40000412,5.58
AFG,Afghanistan,Humanitarian Assistance,"Protection, Assistance and Solutions",183320037.0,40000412,4.58
AFG,Afghanistan,Program Support,Direct Administrative Costs,97027797.0,40000412,2.43
AFG,Afghanistan,Economic Development,Infrastructure,94080204.0,40000412,2.35
AFG,Afghanistan,Economic Development,Agriculture,59083859.0,40000412,1.48
AFG,Afghanistan,Education and Social Services,Basic Education,30611496.0,40000412,0.77
AFG,Afghanistan,Economic Development,Trade and Investment,22229499.0,40000412,0.56
AFG,Afghanistan,"Democracy, Human Rights, and Governance",Rule of Law and Human Rights,17503344.0,40000412,0.44
AFG,Afghanistan,Education and Social Services,Higher Education,14835693.0,40000412,0.37
AFG,Afghanistan,Health,Maternal and Child Health,11832661.0,40000412,0.30
AFG,Afghanistan,Health,Water Supply and Sanitation,9441743.0,40000412,0.24
AFG,Afghanistan,Multi-sector,Multi-sector - Unspecified,8301300.0,40000412,0.21
AFG,Afghanistan,Education and Social Services,"Policies, Regulations, and Systems",7577112.0,40000412,0.19
AFG,Afghanistan,Health,Family Planning and Reproductive Health,6635452.0,40000412,0.17
AFG,Afghanistan,Economic Development,Financial Sector,4909454.0,40000412,0.12
AFG,Afghanistan,Peace and Security,Conflict Mitigation and Reconciliation,4767554.0,40000412,0.12
AFG,Afghanistan,"Democracy, Human Rights, and Governance",Political Competition and Consensus-Building,3630958.0,40000412,0.09
AFG,Afghanistan,Health,Nutrition,3533635.0,40000412,0.09
AFG,Afghanistan,Health,Tuberculosis,3467283.0,40000412,0.09
AFG,Afghanistan,Health,Other Public Health Threats,3447257.0,40000412,0.09
AFG,Afghanistan,Economic Development,Private Sector Competitiveness,3157784.0,40000412,0.08
AFG,Afghanistan,"Democracy, Human Rights, and Governance",Civil Society,2949483.0,40000412,0.07
AFG,Afghanistan,Peace and Security,Counter-Narcotics,2519257.0,40000412,0.06
AFG,Afghanistan,Economic Development,Macroeconomic Foundation for Growth,2493473.0,40000412,0.06
AFG,Afghanistan,Health,Pandemic Influenza and Other Emerging Threats (PIOET),2177449.0,40000412,0.05
AFG,Afghanistan,Environment,Clean Productive Environment,1593744.0,40000412,0.04
AFG,Afghanistan,Peace and Security,Transnational Crime,2872.0,40000412,0.00
AGO,Angola,Program Support,Direct Administrative Costs,2705627.0,34532429,0.08
AGO,Angola,Humanitarian Assistance,"Protection, Assistance and Solutions",2412566.0,34532429,0.07
AGO,Angola,Health,Pandemic Influenza and Other Emerging Threats (PIOET),570000.0,34532429,0.02
AGO,Angola,Health,Malaria,518972.0,34532429,0.02
AGO,Angola,Economic Development,Macroeconomic Foundation for Growth,482000.0,34532429,0.01
AGO,Angola,"Democracy, Human Rights, and Governance",Civil Society,370025.0,34532429,0.01
AGO,Angola,Economic Development,Agriculture,141594.0,34532429,0.00
AGO,Angola,Health,Water Supply and Sanitation,140895.0,34532429,0.00
AGO,Angola,Peace and Security,Conflict Mitigation and Reconciliation,45000.0,34532429,0.00
AGO,Angola,Multi-sector,Multi-sector - Unspecified,30000.0,34532429,0.00
AGO,Angola,"Democracy, Human Rights, and Governance",Good Governance,-5696.0,34532429,-0.00
ALB,Albania,Health,Pandemic Influenza and Other Emerging Threats (PIOET),2000000.0,2811666,0.71
ALB,Albania,"Democracy, Human Rights, and Governance",Good Governance,1438872.0,2811666,0.51
ALB,Albania,"Democracy, Human Rights, and Governance",Rule of Law and Human Rights,1326318.0,2811666,0.47
ALB,Albania,Program Support,Direct Administrative Costs,1214362.0,2811666,0.43
ALB,Albania,"Democracy, Human Rights, and Governance",Civil Society,1058362.0,2811666,0.38
ALB,Albania,Multi-sector,Multi-sector - Unspecified,837511.0,2811666,0.30
ALB,Albania,Economic Development,Financial Sector,672388.0,2811666,0.24
ALB,Albania,"Democracy, Human Rights, and Governance","Democracy, Human Rights, and Governance - General",455362.0,2811666,0.16
ALB,Albania,Peace and Security,Counter-Terrorism,364250.0,2811666,0.13
ALB,Albania,Economic Development,Private Sector Competitiveness,315609.0,2811666,0.11
ALB,Albania,Education and Social Services,Education and Social Services - General,190000.0,2811666,0.07
ALB,Albania,Humanitarian Assistance,"Protection, Assistance and Solutions",76000.0,2811666,0.03
ALB,Albania,Health,Other Public Health Threats,39934.0,2811666,0.01
ARE,United Arab Emirates,Humanitarian Assistance,Disaster Readiness,94465.0,9575152,0.01
ARG,Argentina,Program Support,Direct Administrative Costs,695903.0,45312281,0.02
ARM,Armenia,"Democracy, Human Rights, and Governance",Civil Society,7126915.0,2962300,2.41
ARM,Armenia,Program Support,Direct Administrative Costs,6643875.0,2962300,2.24
ARM,Armenia,Economic Development,Private Sector Competitiveness,4148974.0,2962300,1.40
ARM,Armenia,"Democracy, Human Rights, and Governance",Good Governance,2753948.0,2962300,0.93
ARM,Armenia,"Democracy, Human Rights, and Governance",Political Competition and Consensus-Building,2163403.0,2962300,0.73
ARM,Armenia,Economic Development,Infrastructure,2129652.0,2962300,0.72
ARM,Armenia,Multi-sector,Multi-sector - Unspecified,861374.0,2962300,0.29
ARM,Armenia,Humanitarian Assistance,"Protection, Assistance and Solutions",814870.0,2962300,0.28
ARM,Armenia,Education and Social Services,Higher Education,688269.0,2962300,0.23
ARM,Armenia,Health,Pandemic Influenza and Other Emerging Threats (PIOET),448126.0,2962300,0.15
ARM,Armenia,Education and Social Services,"Policies, Regulations, and Systems",328448.0,2962300,0.11
ARM,Armenia,Education and Social Services,Education and Social Services - General,93988.0,2962300,0.03
ARM,Armenia,"Democracy, Human Rights, and Governance",Rule of Law and Human Rights,46834.0,2962300,0.02
ARM,Armenia,Peace and Security,Conflict Mitigation and Reconciliation,30000.0,2962300,0.01
ARM,Armenia,Health,Other Public Health Threats,6419.0,2962300,0.00
ARM,Armenia,Peace and Security,Transnational Crime,5600.0,2962300,0.00
ARM,Armenia,Education and Social Services,Basic Education,1.0,2962300,0.00
AUT,Austria,Multi-sector,Multi-sector - Unspecified,10149578.0,8955797,1.13
AUT,Austria,Program Support,Direct Administrative Costs,1813203.0,8955797,0.20
AZE,Azerbaijan,Program Support,Direct Administrative Costs,3630545.0,10137750,0.36
AZE,Azerbaijan,"Democracy, Human Rights, and Governance",Civil Society,1751632.0,10137750,0.17
AZE,Azerbaijan,Economic Development,Financial Sector,1431071.0,10137750,0.14
AZE,Azerbaijan,"Democracy, Human Rights, and Governance",Good Governance,1375030.0,10137750,0.14
AZE,Azerbaijan,Economic Development,Private Sector Competitiveness,1088747.0,10137750,0.11
AZE,Azerbaijan,"Democracy, Human Rights, and Governance",Rule of Law and Human Rights,651155.0,10137750,0.06
AZE,Azerbaijan,Multi-sector,Multi-sector - Unspecified,609607.0,10137750,0.06
AZE,Azerbaijan,Economic Development,Trade and Investment,443928.0,10137750,0.04
AZE,Azerbaijan,Peace and Security,Counter-Terrorism,358888.0,10137750,0.04
AZE,Azerbaijan,Program Support,Monitoring and Evaluation,126752.0,10137750,0.01
AZE,Azerbaijan,Peace and Security,Conflict Mitigation and Reconciliation,100000.0,10137750,0.01
AZE,Azerbaijan,Health,Family Planning and Reproductive Health,100000.0,10137750,0.01
BDI,Burundi,Humanitarian Assistance,"Protection, Assistance and Solutions",12029266.0,12965481,0.93
BDI,Burundi,"Democracy, Human Rights, and Governance",Rule of Law and Human Rights,2238043.0,12965481,0.17
BDI,Burundi,Program Support,Direct Administrative Costs,1416562.0,12965481,0.11
BDI,Burundi,Peace and Security,Conflict Mitigation and Reconciliation,1385382.0,12965481,0.11
BDI,Burundi,"Democracy, Human Rights, and Governance",Civil Society,637500.0,12965481,0.05
BDI,Burundi,Economic Development,Agriculture,556445.0,12965481,0.04
BDI,Burundi,"Democracy, Human Rights, and Governance",Good Governance,404000.0,12965481,0.03
BDI,Burundi,Health,HIV/AIDS,285576.0,12965481,0.02
BDI,Burundi,"Democracy, Human Rights, and Governance",Political Competition and Consensus-Building,266078.0,12965481,0.02
BDI,Burundi,Multi-sector,Multi-sector - Unspecified,26914.0,12965481,0.00
BDI,Burundi,Humanitarian Assistance,Disaster Readiness,-19866.0,12965481,-0.00
BEL,Belgium,Program Support,Direct Administrative Costs,34609.0,11586195,0.00
BEN,Benin,Program Support,Direct Administrative Costs,3481931.0,13413417,0.26
BEN,Benin,Environment,Clean Productive Environment,611893.0,13413417,0.05
BEN,Benin,"Democracy, Human Rights, and Governance",Good Governance,311544.0,13413417,0.02
BEN,Benin,Education and Social Services,Basic Education,246546.0,13413417,0.02
BEN,Benin,"Democracy, Human Rights, and Governance",Rule of Law and Human Rights,195743.0,13413417,0.01
BEN,Benin,Health,HIV/AIDS,105125.0,13413417,0.01
BEN,Benin,Multi-sector,Multi-sector - Unspecified,58349.0,13413417,0.00
BFA,Burkina Faso,Humanitarian Assistance,"Protection, Assistance and Solutions",50054521.0,21995243,2.28
BFA,Burkina Faso,Peace and Security,Conflict Mitigation and Reconciliation,10154808.0,21995243,0.46
BFA,Burkina Faso,Program Support,Direct Administrative Costs,9448280.0,21995243,0.43
BFA,Burkina Faso,Economic Development,Agriculture,4499597.0,21995243,0.20
BFA,Burkina Faso,Peace and Security,Counter-Terrorism,3061955.0,21995243,0.14
BFA,Burkina Faso,Economic Development,Private Sector Competitiveness,944614.0,21995243,0.04
BFA,Burkina Faso,Health,Water Supply and Sanitation,938388.0,21995243,0.04
BFA,Burkina Faso,"Democracy, Human Rights, and Governance",Good Governance,369649.0,21995243,0.02
BFA,Burkina Faso,Health,HIV/AIDS,285576.0,21995243,0.01
BFA,Burkina Faso,"Democracy, Human Rights, and Governance",Civil Society,221657.0,21995243,0.01
BFA,Burkina Faso,Economic Development,Macroeconomic Foundation for Growth,208239.0,21995243,0.01
BFA,Burkina Faso,"Democracy, Human Rights, and Governance","Democracy, Human Rights, and Governance - General",86325.0,21995243,0.00
BFA,Burkina Faso,Multi-sector,Multi-sector - Unspecified,60001.0,21995243,0.00
BFA,Burkina Faso,Humanitarian Assistance,Disaster Readiness,38254.0,21995243,0.00
BGD,Bangladesh,Humanitarian Assistance,"Protection, Assistance and Solutions",161328492.0,167658854,0.96
BGD,Bangladesh,Economic Development,Agriculture,24565138.0,167658854,0.15
BGD,Bangladesh,Program Support,Direct Administrative Costs,21449088.0,167658854,0.13
BGD,Bangladesh,Economic Development,Macroeconomic Foundation for Growth,4690476.0,167658854,0.03
BGD,Bangladesh,Humanitarian Assistance,Disaster Readiness,4069811.0,167658854,0.02
BGD,Bangladesh,"Democracy, Human Rights, and Governance",Political Competition and Consensus-Building,3614140.0,167658854,0.02
BGD,Bangladesh,"Democracy, Human Rights, and Governance",Rule of Law and Human Rights,3343469.0,167658854,0.02
BGD,Bangladesh,Economic Development,Private Sector Competitiveness,3091200.0,167658854,0.02
BGD,Bangladesh,"Democracy, Human Rights, and Governance",Civil Society,2794390.0,167658854,0.02
BGD,Bangladesh,Peace and Security,Conflict Mitigation and Reconciliation,2401555.0,167658854,0.01
BGD,Bangladesh,Health,Pandemic Influenza and Other Emerging Threats (PIOET),1951212.0,167658854,0.01
BGD,Bangladesh,Education and Social Services,Basic Education,1336229.0,167658854,0.01
BGD,Bangladesh,Program Support,Monitoring and Evaluation,1310569.0,167658854,0.01
BGD,Bangladesh,Environment,Clean Productive Environment,934609.0,167658854,0.01
BGD,Bangladesh,"Democracy, Human Rights, and Governance",Good Governance,440199.0,167658854,0.00
BGD,Bangladesh,Peace and Security,Counter-Terrorism,187888.0,167658854,0.00
BGD,Bangladesh,Education and Social Services,"Policies, Regulations, and Systems",26505.0,167658854,0.00
BGR,Bulgaria,Program Support,Direct Administrative Costs,175285.0,6507301,0.03
BHR,Bahrain,Humanitarian Assistance,Disaster Readiness,6977.0,1504365,0.00
BHS,Bahamas,Humanitarian Assistance,"Protection, Assistance and Solutions",4608099.0,396373,11.63
BHS,Bahamas,Humanitarian Assistance,Disaster Readiness,43469.0,396373,0.11
BIH,Bosnia and Herzegovina,Program Support,Direct Administrative Costs,11004577.0,3244907,3.39
BIH,Bosnia and Herzegovina,Peace and Security,Conflict Mitigation and Reconciliation,10141946.0,3244907,3.13
BIH,Bosnia and Herzegovina,"Democracy, Human Rights, and Governance",Good Governance,5490221.0,3244907,1.69
BIH,Bosnia and Herzegovina,Economic Development,Trade and Investment,5330859.0,3244907,1.64
BIH,Bosnia and Herzegovina,"Democracy, Human Rights, and Governance",Civil Society,4933192.0,3244907,1.52
BIH,Bosnia and Herzegovina,Economic Development,Private Sector Competitiveness,4235138.0,3244907,1.31
BIH,Bosnia and Herzegovina,"Democracy, Human Rights, and Governance",Rule of Law and Human Rights,3726274.0,3244907,1.15
BIH,Bosnia and Herzegovina,Education and Social Services,Basic Education,3400328.0,3244907,1.05
BIH,Bosnia and Herzegovina,Multi-sector,Multi-sector - Unspecified,2620310.0,3244907,0.81
BIH,Bosnia and Herzegovina,Economic Development,Infrastructure,1844904.0,3244907,0.57
BIH,Bosnia and Herzegovina,"Democracy, Human Rights, and Governance",Political Competition and Consensus-Building,1364424.0,3244907,0.42
BIH,Bosnia and Herzegovina,Economic Development,Financial Sector,871949.0,3244907,0.27
BIH,Bosnia and Herzegovina,Peace and Security,Stabilization Operations and Security Sector Reform,515505.0,3244907,0.16
BIH,Bosnia and Herzegovina,"Democracy, Human Rights, and Governance","Democracy, Human Rights, and Governance - General",290802.0,3244907,0.09
BIH,Bosnia and Herzegovina,Peace and Security,Counter-Terrorism,179896.0,3244907,0.06
BIH,Bosnia and Herzegovina,Education and Social Services,Education and Social Services - General,91000.0,3244907,0.03
BIH,Bosnia and Herzegovina,Education and Social Services,"Policies, Regulations, and Systems",84837.0,3244907,0.03
BIH,Bosnia and Herzegovina,Program Support,Monitoring and Evaluation,6765.0,3244907,0.00
BIH,Bosnia and Herzegovina,Humanitarian Assistance,"Protection, Assistance and Solutions",2539.0,3244907,0.00
BLR,Belarus,"Democracy, Human Rights, and Governance",Civil Society,1646457.0,9302585,0.18
BLR,Belarus,Program Support,Direct Administrative Costs,1493674.0,9302585,0.16
BLR,Belarus,Economic Development,Private Sector Competitiveness,1485339.0,9302585,0.16
BLR,Belarus,"Democracy, Human Rights, and Governance",Good Governance,1226785.0,9302585,0.13
BLR,Belarus,"Democracy, Human Rights, and Governance",Rule of Law and Human Rights,1192045.0,9302585,0.13
BLR,Belarus,"Democracy, Human Rights, and Governance",Political Competition and Consensus-Building,622434.0,9302585,0.07
BLR,Belarus,Program Support,Monitoring and Evaluation,340946.0,9302585,0.04
BLR,Belarus,Education and Social Services,"Policies, Regulations, and Systems",45724.0,9302585,0.00
BLR,Belarus,Economic Development,Economic Opportunity,33187.0,9302585,0.00
BLR,Belarus,Health,Water Supply and Sanitation,-24870.0,9302585,-0.00
BLR,Belarus,Education and Social Services,Education and Social Services - General,-41000.0,9302585,-0.00
BLR,Belarus,Education and Social Services,Social Services,-44937.0,9302585,-0.00
BLR,Belarus,Multi-sector,Multi-sector - Unspecified,-54656.0,9302585,-0.01
BLZ,Belize,Multi-sector,Multi-sector - Unspecified,491142.0,395346,1.24
BLZ,Belize,"Democracy, Human Rights, and Governance",Rule of Law and Human Rights,252650.0,395346,0.64
BLZ,Belize,Environment,Environment,165456.0,395346,0.42
BLZ,Belize,"Democracy, Human Rights, and Governance","Democracy, Human Rights, and Governance - General",57131.0,395346,0.14
BLZ,Belize,Education and Social Services,Education and Social Services - General,45800.0,395346,0.12
BLZ,Belize,Peace and Security,Transnational Crime,45274.0,395346,0.11
BOL,Bolivia,Health,Pandemic Influenza and Other Emerging Threats (PIOET),4589389.0,11937360,0.38
BOL,Bolivia,Peace and Security,Conflict Mitigation and Reconciliation,2169120.0,11937360,0.18
BOL,Bolivia,Education and Social Services,Higher Education,1027700.0,11937360,0.09
BOL,Bolivia,Multi-sector,Multi-sector - Unspecified,503703.0,11937360,0.04
BOL,Bolivia,Humanitarian Assistance,Disaster Readiness,340000.0,11937360,0.03
BOL,Bolivia,Humanitarian Assistance,"Protection, Assistance and Solutions",275000.0,11937360,0.02
BOL,Bolivia,Program Support,Direct Administrative Costs,69802.0,11937360,0.01
BOL,Bolivia,Environment,Natural Resources and Biodiversity,21894.0,11937360,0.00
BRA,Brazil,Humanitarian Assistance,"Protection, Assistance and Solutions",16664679.0,209550294,0.08
BRA,Brazil,Health,Pandemic Influenza and Other Emerging Threats (PIOET),6705530.0,209550294,0.03
BRA,Brazil,Environment,Clean Productive Environment,3016290.0,209550294,0.01
BRA,Brazil,Economic Development,Macroeconomic Foundation for Growth,2720575.0,209550294,0.01
BRA,Brazil,Program Support,Direct Administrative Costs,1840628.0,209550294,0.01
BRA,Brazil,Economic Development,Private Sector Competitiveness,500000.0,209550294,0.00
BRA,Brazil,Health,Other Public Health Threats,450000.0,209550294,0.00
BRB,Barbados,Humanitarian Assistance,Disaster Readiness,11547.0,282147,0.04
BTN,Bhutan,Health,Pandemic Influenza and Other Emerging Threats (PIOET),353582.0,775442,0.46
BTN,Bhutan,Education and Social Services,Education and Social Services - General,254687.0,775442,0.33
BTN,Bhutan,Humanitarian Assistance,Disaster Readiness,24752.0,775442,0.03
BWA,Botswana,Program Support,Direct Administrative Costs,2288059.0,2401441,0.95
BWA,Botswana,"Democracy, Human Rights, and Governance",Political Competition and Consensus-Building,127135.0,2401441,0.05
BWA,Botswana,Economic Development,Private Sector Competitiveness,75000.0,2401441,0.03
BWA,Botswana,Health,HIV/AIDS,47926.0,2401441,0.02
BWA,Botswana,Multi-sector,Multi-sector - Unspecified,19750.0,2401441,0.01
BWA,Botswana,Economic Development,Economic Development - General,11700.0,2401441,0.00
BWA,Botswana,Education and Social Services,Basic Education,4200.0,2401441,0.00
CAF,Central African Republic,Humanitarian Assistance,"Protection, Assistance and Solutions",76405133.0,5112100,14.95
CAF,Central African Republic,"Democracy, Human Rights, and Governance",Good Governance,2322487.0,5112100,0.45
CAF,Central African Republic,Program Support,Direct Administrative Costs,618863.0,5112100,0.12
CAF,Central African Republic,"Democracy, Human Rights, and Governance",Rule of Law and Human Rights,553706.0,5112100,0.11
CAN,Canada,Environment,Clean Productive Environment,1113495.0,38239864,0.03
CAN,Canada,Program Support,Monitoring and Evaluation,67210.0,38239864,0.00
CHL,Chile,Humanitarian Assistance,Disaster Readiness,45000.0,19456334,0.00
CHN,China (P.R.C.),Economic Development,Macroeconomic Foundation for Growth,3369745.0,1412360000,0.00
CHN,China (P.R.C.),Economic Development,Private Sector Competitiveness,3242900.0,1412360000,0.00
CHN,China (P.R.C.),Program Support,Direct Administrative Costs,1728585.0,1412360000,0.00
CHN,China (P.R.C.),Environment,Clean Productive Environment,745159.0,1412360000,0.00
CHN,China (P.R.C.),Education and Social Services,"Policies, Regulations, and Systems",563050.0,1412360000,0.00
CHN,China (P.R.C.),Education and Social Services,Higher Education,102411.0,1412360000,0.00
CHN,China (P.R.C.),Environment,Natural Resources and Biodiversity,85410.0,1412360000,0.00
CIV,Cote d'Ivoire,"Democracy, Human Rights, and Governance",Political Competition and Consensus-Building,3574444.0,29639736,0.12
CIV,Cote d'Ivoire,Economic Development,Infrastructure,3208800.0,29639736,0.11
CIV,Cote d'Ivoire,Program Support,Direct Administrative Costs,2380665.0,29639736,0.08
CIV,Cote d'Ivoire,"Democracy, Human Rights, and Governance",Civil Society,2311703.0,29639736,0.08
CIV,Cote d'Ivoire,Health,HIV/AIDS,1100779.0,29639736,0.04
CIV,Cote d'Ivoire,Economic Development,Private Sector Competitiveness,203516.0,29639736,0.01
CIV,Cote d'Ivoire,Peace and Security,Conflict Mitigation and Reconciliation,159634.0,29639736,0.01
CIV,Cote d'Ivoire,Humanitarian Assistance,"Protection, Assistance and Solutions",93494.0,29639736,0.00
CIV,Cote d'Ivoire,Multi-sector,Multi-sector - Unspecified,69223.0,29639736,0.00
CIV,Cote d'Ivoire,Program Support,Monitoring and Evaluation,22359.0,29639736,0.00
CIV,Cote d'Ivoire,Health,Pandemic Influenza and Other Emerging Threats (PIOET),15000.0,29639736,0.00
CIV,Cote d'Ivoire,"Democracy, Human Rights, and Governance",Good Governance,10751.0,29639736,0.00
CIV,Cote d'Ivoire,Environment,Natural Resources and Biodiversity,4255.0,29639736,0.00
CIV,Cote d'Ivoire,"Democracy, Human Rights, and Governance",Rule of Law and Human Rights,-3670.0,29639736,-0.00
CMR,Cameroon,Humanitarian Assistance,"Protection, Assistance and Solutions",33831821.0,26915758,1.26
CMR,Cameroon,Program Support,Direct Administrative Costs,1274786.0,26915758,0.05
CMR,Cameroon,Multi-sector,Multi-sector - Unspecified,568768.0,26915758,0.02
CMR,Cameroon,Environment,Natural Resources and Biodiversity,381979.0,26915758,0.01
CMR,Cameroon,Health,HIV/AIDS,205743.0,26915758,0.01
CMR,Cameroon,Peace and Security,Counter-Terrorism,139108.0,26915758,0.01
CMR,Cameroon,"Democracy, Human Rights, and Governance",Good Governance,84720.0,26915758,0.00
CMR,Cameroon,Health,Other Public Health Threats,71505.0,26915758,0.00
COD,Democratic Republic of the Congo,Humanitarian Assistance,"Protection, Assistance and Solutions",295698527.0,99148932,2.98
COD,Democratic Republic of the Congo,Program Support,Direct Administrative Costs,31181843.0,99148932,0.31
COD,Democratic Republic of the Congo,Education and Social Services,Basic Education,20718376.0,99148932,0.21
COD,Democratic Republic of the Congo,Health,Water Supply and Sanitation,14620002.0,99148932,0.15
COD,Democratic Republic of the Congo,"Democracy, Human Rights, and Governance",Good Governance,13652697.0,99148932,0.14
COD,Democratic Republic of the Congo,Economic Development,Agriculture,12580976.0,99148932,0.13
COD,Democratic Republic of the Congo,Economic Development,Macroeconomic Foundation for Growth,6630956.0,99148932,0.07
COD,Democratic Republic of the Congo,"Democracy, Human Rights, and Governance",Rule of Law and Human Rights,4344582.0,99148932,0.04
COD,Democratic Republic of the Congo,Health,HIV/AIDS,4213069.0,99148932,0.04
COD,Democratic Republic of the Congo,"Democracy, Human Rights, and Governance",Civil Society,3338734.0,99148932,0.03
COD,Democratic Republic of the Congo,Health,Other Public Health Threats,2000000.0,99148932,0.02
COD,Democratic Republic of the Congo,Peace and Security,Conflict Mitigation and Reconciliation,1076409.0,99148932,0.01
COD,Democratic Republic of the Congo,Environment,Natural Resources and Biodiversity,839795.0,99148932,0.01
COD,Democratic Republic of the Congo,Economic Development,Infrastructure,788770.0,99148932,0.01
COD,Democratic Republic of the Congo,"Democracy, Human Rights, and Governance",Political Competition and Consensus-Building,751658.0,99148932,0.01
COD,Democratic Republic of the Congo,Program Support,Monitoring and Evaluation,634134.0,99148932,0.01
COD,Democratic Republic of the Congo,Education and Social Services,"Policies, Regulations, and Systems",225604.0,99148932,0.00
COD,Democratic Republic of the Congo,Economic Development,Mining and Natural Resources,216442.0,99148932,0.00
COD,Democratic Republic of the Congo,Humanitarian Assistance,Disaster Readiness,77016.0,99148932,0.00
COD,Democratic Republic of the Congo,Peace and Security,Stabilization Operations and Security Sector Reform,76839.0,99148932,0.00
COD,Democratic Republic of the Congo,Multi-sector,Multi-sector - Unspecified,65000.0,99148932,0.00
COD,Democratic Republic of the Congo,Peace and Security,Transnational Crime,4403.0,99148932,0.00
COG,Congo,Humanitarian Assistance,"Protection, Assistance and Solutions",4681957.0,5892183,0.79
COG,Congo,Environment,Natural Resources and Biodiversity,86916.0,5892183,0.01
COG,Congo,Multi-sector,Multi-sector - Unspecified,24988.0,5892183,0.00
COL,Colombia,Humanitarian Assistance,"Protection, Assistance and Solutions",223262968.0,51188173,4.36
COL,Colombia,Economic Development,Agriculture,76928772.0,51188173,1.50
COL,Colombia,Economic Development,Macroeconomic Foundation for Growth,18895827.0,51188173,0.37
COL,Colombia,Program Support,Direct Administrative Costs,17092725.0,51188173,0.33
COL,Colombia,"Democracy, Human Rights, and Governance",Rule of Law and Human Rights,17059662.0,51188173,0.33
COL,Colombia,Humanitarian Assistance,Disaster Readiness,16722658.0,51188173,0.33
COL,Colombia,Peace and Security,Conflict Mitigation and Reconciliation,16689432.0,51188173,0.33
COL,Colombia,Education and Social Services,"Policies, Regulations, and Systems",8934178.0,51188173,0.17
COL,Colombia,"Democracy, Human Rights, and Governance",Civil Society,8201623.0,51188173,0.16
COL,Colombia,Program Support,Monitoring and Evaluation,7620969.0,51188173,0.15
COL,Colombia,Environment,Clean Productive Environment,4445124.0,51188173,0.09
COL,Colombia,"Democracy, Human Rights, and Governance",Good Governance,4395153.0,51188173,0.09
COL,Colombia,Health,Pandemic Influenza and Other Emerging Threats (PIOET),1206110.0,51188173,0.02
COL,Colombia,"Democracy, Human Rights, and Governance",Political Competition and Consensus-Building,1129847.0,51188173,0.02
COL,Colombia,Economic Development,Infrastructure,646842.0,51188173,0.01
COL,Colombia,Peace and Security,Counter-Narcotics,391524.0,51188173,0.01
COL,Colombia,Education and Social Services,Education and Social Services - General,360000.0,51188173,0.01
COL,Colombia,Health,Water Supply and Sanitation,179283.0,51188173,0.00
COL,Colombia,Environment,Environment - General,169075.0,51188173,0.00
COL,Colombia,Environment,Natural Resources and Biodiversity,19534.0,51188173,0.00
COL,Colombia,Multi-sector,Multi-sector - Unspecified,-3383.0,51188173,-0.00
COM,Comoros,Humanitarian Assistance,"Protection, Assistance and Solutions",49027.0,818174,0.06
COM,Comoros,Multi-sector,Multi-sector - Unspecified,8400.0,818174,0.01
CPV,Cabo Verde,Multi-sector,Multi-sector - Unspecified,126777.0,516649,0.25
CPV,Cabo Verde,"Democracy, Human Rights, and Governance",Rule of Law and Human Rights,66277.0,516649,0.13
CRI,Costa Rica,Program Support,Direct Administrative Costs,2910388.0,5059988,0.58
CRI,Costa Rica,Education and Social Services,Higher Education,1273591.0,5059988,0.25
CRI,Costa Rica,Environment,Environment - General,673499.0,5059988,0.13
CRI,Costa Rica,"Democracy, Human Rights, and Governance",Good Governance,432393.0,5059988,0.09
CRI,Costa Rica,Humanitarian Assistance,Disaster Readiness,423035.0,5059988,0.08
CRI,Costa Rica,Economic Development,Agriculture,321599.0,5059988,0.06
CRI,Costa Rica,Health,Other Public Health Threats,300652.0,5059988,0.06
CRI,Costa Rica,Health,Water Supply and Sanitation,280049.0,5059988,0.06
CRI,Costa Rica,Environment,Clean Productive Environment,80754.0,5059988,0.02
CRI,Costa Rica,Environment,Natural Resources and Biodiversity,78880.0,5059988,0.02
CRI,Costa Rica,Multi-sector,Multi-sector - Unspecified,77089.0,5059988,0.02
CRI,Costa Rica,"Democracy, Human Rights, and Governance",Civil Society,69922.0,5059988,0.01
CRI,Costa Rica,Economic Development,Economic Development - General,24014.0,5059988,0.00
CRI,Costa Rica,Humanitarian Assistance,Migration Management,21866.0,5059988,0.00
CRI,Costa Rica,Humanitarian Assistance,"Protection, Assistance and Solutions",17633.0,5059988,0.00
CUB,Cuba,"Democracy, Human Rights, and Governance",Rule of Law and Human Rights,3480884.0,11122168,0.31
CUB,Cuba,"Democracy, Human Rights, and Governance",Good Governance,2479554.0,11122168,0.22
CUB,Cuba,"Democracy, Human Rights, and Governance",Civil Society,1614401.0,11122168,0.15
CUB,Cuba,Program Support,Direct Administrative Costs,1167551.0,11122168,0.10
CUB,Cuba,Humanitarian Assistance,Disaster Readiness,14700.0,11122168,0.00
CZE,Czechia,"Democracy, Human Rights, and Governance",Rule of Law and Human Rights,772323.0,10505772,0.07
CZE,Czechia,"Democracy, Human Rights, and Governance",Civil Society,671006.0,10505772,0.06
CZE,Czechia,Education and Social Services,Higher Education,21828.0,10505772,0.00
DJI,Djibouti,Economic Development,Private Sector Competitiveness,4656594.0,1121248,4.15
DJI,Djibouti,Humanitarian Assistance,"Protection, Assistance and Solutions",4181740.0,1121248,3.73
DJI,Djibouti,Education and Social Services,Basic Education,2527626.0,1121248,2.25
DJI,Djibouti,Program Support,Direct Administrative Costs,1472654.0,1121248,1.31
DJI,Djibouti,Education and Social Services,Higher Education,767721.0,1121248,0.68
DJI,Djibouti,"Democracy, Human Rights, and Governance",Civil Society,480945.0,1121248,0.43
DJI,Djibouti,Program Support,Monitoring and Evaluation,65634.0,1121248,0.06
DJI,Djibouti,Health,Other Public Health Threats,5000.0,1121248,0.00
DJI,Djibouti,Health,Pandemic Influenza and Other Emerging Threats (PIOET),1456.0,1121248,0.00
DMA,Dominica,Humanitarian Assistance,Disaster Readiness,799769.0,67202,11.90
DMA,Dominica,Humanitarian Assistance,"Protection, Assistance and Solutions",509999.0,67202,7.59
DOM,Dominican Republic,Program Support,Direct Administrative Costs,8879982.0,11123476,0.80
DOM,Dominican Republic,"Democracy, Human Rights, and Governance",Rule of Law and Human Rights,4786615.0,11123476,0.43
DOM,Dominican Republic,Education and Social Services,Basic Education,2963782.0,11123476,0.27
DOM,Dominican Republic,Health,Other Public Health Threats,1547558.0,11123476,0.14
DOM,Dominican Republic,Health,Pandemic Influenza and Other Emerging Threats (PIOET),1373983.0,11123476,0.12
DOM,Dominican Republic,Humanitarian Assistance,Disaster Readiness,1289331.0,11123476,0.12
DOM,Dominican Republic,Economic Development,Private Sector Competitiveness,814903.0,11123476,0.07
DOM,Dominican Republic,Education and Social Services,Higher Education,464650.0,11123476,0.04
DOM,Dominican Republic,Health,Water Supply and Sanitation,431919.0,11123476,0.04
DOM,Dominican Republic,Environment,Clean Productive Environment,267755.0,11123476,0.02
DOM,Dominican Republic,Education and Social Services,"Policies, Regulations, and Systems",235364.0,11123476,0.02
DOM,Dominican Republic,Health,HIV/AIDS,44809.0,11123476,0.00
DOM,Dominican Republic,"Democracy, Human Rights, and Governance",Good Governance,-65787.0,11123476,-0.01
DZA,Algeria,Economic Development,Trade and Investment,1500000.0,44761099,0.03
DZA,Algeria,Humanitarian Assistance,"Protection, Assistance and Solutions",1234200.0,44761099,0.03
DZA,Algeria,Multi-sector,Multi-sector - Unspecified,354204.0,44761099,0.01
DZA,Algeria,Economic Development,Financial Sector,196384.0,44761099,0.00
DZA,Algeria,"Democracy, Human Rights, and Governance",Rule of Law and Human Rights,10992.0,44761099,0.00
ECU,Ecuador,Humanitarian Assistance,"Protection, Assistance and Solutions",28486657.0,17682454,1.61
ECU,Ecuador,Health,Pandemic Influenza and Other Emerging Threats (PIOET),5000000.0,17682454,0.28
ECU,Ecuador,Humanitarian Assistance,Disaster Readiness,1214665.0,17682454,0.07
ECU,Ecuador,"Democracy, Human Rights, and Governance",Good Governance,1100453.0,17682454,0.06
ECU,Ecuador,Program Support,Direct Administrative Costs,997936.0,17682454,0.06
ECU,Ecuador,"Democracy, Human Rights, and Governance",Political Competition and Consensus-Building,991535.0,17682454,0.06
ECU,Ecuador,Economic Development,Macroeconomic Foundation for Growth,409446.0,17682454,0.02
ECU,Ecuador,"Democracy, Human Rights, and Governance",Rule of Law and Human Rights,314242.0,17682454,0.02
ECU,Ecuador,Environment,Environment - General,247234.0,17682454,0.01
ECU,Ecuador,"Democracy, Human Rights, and Governance",Civil Society,160002.0,17682454,0.01
EGY,Egypt,Economic Development,Financial Sector,76959589.0,110957008,0.69
EGY,Egypt,Education and Social Services,Higher Education,24358823.0,110957008,0.22
EGY,Egypt,Program Support,Direct Administrative Costs,23106291.0,110957008,0.21
EGY,Egypt,Humanitarian Assistance,"Protection, Assistance and Solutions",22999961.0,110957008,0.21
EGY,Egypt,Education and Social Services,Basic Education,13051755.0,110957008,0.12
EGY,Egypt,"Democracy, Human Rights, and Governance",Good Governance,9499911.0,110957008,0.09
EGY,Egypt,Economic Development,Private Sector Competitiveness,7470298.0,110957008,0.07
EGY,Egypt,Health,Water Supply and Sanitation,6015632.0,110957008,0.05
EGY,Egypt,"Democracy, Human Rights, and Governance",Rule of Law and Human Rights,4101947.0,110957008,0.04
EGY,Egypt,Health,Pandemic Influenza and Other Emerging Threats (PIOET),4000000.0,110957008,0.04
EGY,Egypt,Health,Family Planning and Reproductive Health,3691371.0,110957008,0.03
EGY,Egypt,Economic Development,Agriculture,2161639.0,110957008,0.02
EGY,Egypt,Education and Social Services,"Policies, Regulations, and Systems",1747722.0,110957008,0.02
EGY,Egypt,Health,Other Public Health Threats,755915.0,110957008,0.01
EGY,Egypt,Economic Development,Infrastructure,251529.0,110957008,0.00
EGY,Egypt,Program Support,Monitoring and Evaluation,1.0,110957008,0.00
EGY,Egypt,"Democracy, Human Rights, and Governance",Political Competition and Consensus-Building,0.0,110957008,0.00
EGY,Egypt,"Democracy, Human Rights, and Governance",Civil Society,-28739.0,110957008,-0.00
ETH,Ethiopia,Humanitarian Assistance,"Protection, Assistance and Solutions",299755267.0,122138588,2.45
ETH,Ethiopia,Economic Development,Agriculture,39815303.0,122138588,0.33
ETH,Ethiopia,Program Support,Direct Administrative Costs,26492623.0,122138588,0.22
ETH,Ethiopia,"Democracy, Human Rights, and Governance",Political Competition and Consensus-Building,16491715.0,122138588,0.14
ETH,Ethiopia,Education and Social Services,Basic Education,13258126.0,122138588,0.11
ETH,Ethiopia,Health,Water Supply and Sanitation,10648087.0,122138588,0.09
ETH,Ethiopia,Peace and Security,Conflict Mitigation and Reconciliation,6714958.0,122138588,0.05
ETH,Ethiopia,"Democracy, Human Rights, and Governance",Good Governance,4417360.0,122138588,0.04
ETH,Ethiopia,"Democracy, Human Rights, and Governance",Rule of Law and Human Rights,4195872.0,122138588,0.03
ETH,Ethiopia,Economic Development,Macroeconomic Foundation for Growth,2762029.0,122138588,0.02
ETH,Ethiopia,Program Support,Monitoring and Evaluation,2136938.0,122138588,0.02
ETH,Ethiopia,Economic Development,Private Sector Competitiveness,1829609.0,122138588,0.01
ETH,Ethiopia,Health,Maternal and Child Health,1246519.0,122138588,0.01
ETH,Ethiopia,"Democracy, Human Rights, and Governance",Civil Society,833221.0,122138588,0.01
ETH,Ethiopia,Environment,Clean Productive Environment,558212.0,122138588,0.00
ETH,Ethiopia,Economic Development,Infrastructure,287066.0,122138588,0.00
ETH,Ethiopia,Health,Family Planning and Reproductive Health,232186.0,122138588,0.00
ETH,Ethiopia,Health,Pandemic Influenza and Other Emerging Threats (PIOET),220028.0,122138588,0.00
ETH,Ethiopia,Health,Other Public Health Threats,208741.0,122138588,0.00
ETH,Ethiopia,Health,HIV/AIDS,141893.0,122138588,0.00
ETH,Ethiopia,Environment,Environment - General,77545.0,122138588,0.00
ETH,Ethiopia,Humanitarian Assistance,Disaster Readiness,50902.0,122138588,0.00
ETH,Ethiopia,Education and Social Services,Higher Education,-5313.0,122138588,-0.00
FJI,Fiji,Humanitarian Assistance,"Protection, Assistance and Solutions",440586.0,916711,0.48
FJI,Fiji,Program Support,Direct Administrative Costs,363861.0,916711,0.40
FJI,Fiji,Humanitarian Assistance,Disaster Readiness,158878.0,916711,0.17
FJI,Fiji,Environment,Environment - General,15500.0,916711,0.02
FJI,Fiji,Environment,Natural Resources and Biodiversity,11227.0,916711,0.01
FSM,"Micronesia, Federated States of",Humanitarian Assistance,"Protection, Assistance and Solutions",1909578.0,111624,17.11
FSM,"Micronesia, Federated States of",Humanitarian Assistance,Disaster Readiness,1279229.0,111624,11.46
FSM,"Micronesia, Federated States of","Democracy, Human Rights, and Governance",Good Governance,307455.0,111624,2.75
FSM,"Micronesia, Federated States of",Program Support,Direct Administrative Costs,254197.0,111624,2.28
FSM,"Micronesia, Federated States of",Environment,Natural Resources and Biodiversity,10000.0,111624,0.09
GAB,Gabon,Environment,Natural Resources and Biodiversity,2254644.0,2376722,0.95
GAB,Gabon,Multi-sector,Multi-sector - Unspecified,2000.0,2376722,0.00
GEO,Georgia,Economic Development,Private Sector Competitiveness,14527999.0,3708610,3.92
GEO,Georgia,Program Support,Direct Administrative Costs,11075752.0,3708610,2.99
GEO,Georgia,Peace and Security,Conflict Mitigation and Reconciliation,6194549.0,3708610,1.67
GEO,Georgia,"Democracy, Human Rights, and Governance",Political Competition and Consensus-Building,5384248.0,3708610,1.45
GEO,Georgia,"Democracy, Human Rights, and Governance",Good Governance,5128959.0,3708610,1.38
GEO,Georgia,"Democracy, Human Rights, and Governance",Rule of Law and Human Rights,4641618.0,3708610,1.25
GEO,Georgia,"Democracy, Human Rights, and Governance",Civil Society,3441010.0,3708610,0.93
GEO,Georgia,Economic Development,Agriculture,2318856.0,3708610,0.63
GEO,Georgia,Education and Social Services,Basic Education,2087041.0,3708610,0.56
GEO,Georgia,Environment,Environment - General,1198300.0,3708610,0.32
GEO,Georgia,Economic Development,Infrastructure,1012820.0,3708610,0.27
GEO,Georgia,Education and Social Services,"Policies, Regulations, and Systems",965820.0,3708610,0.26
GEO,Georgia,Multi-sector,Multi-sector - Unspecified,818988.0,3708610,0.22
GEO,Georgia,Humanitarian Assistance,"Protection, Assistance and Solutions",358319.0,3708610,0.10
GEO,Georgia,Education and Social Services,Education and Social Services - General,246259.0,3708610,0.07
GEO,Georgia,Education and Social Services,Higher Education,225728.0,3708610,0.06
GEO,Georgia,Health,Other Public Health Threats,98209.0,3708610,0.03
GEO,Georgia,Peace and Security,Stabilization Operations and Security Sector Reform,90682.0,3708610,0.02
GEO,Georgia,Program Support,Monitoring and Evaluation,2171.0,3708610,0.00
GEO,Georgia,Environment,Clean Productive Environment,-1520.0,3708610,-0.00
GEO,Georgia,Economic Development,Macroeconomic Foundation for Growth,-74129.0,3708610,-0.02
GHA,Ghana,Program Support,Direct Administrative Costs,10031298.0,32518665,0.31
GHA,Ghana,Education and Social Services,Basic Education,8320792.0,32518665,0.26
GHA,Ghana,Economic Development,Agriculture,7583207.0,32518665,0.23
GHA,Ghana,Health,Water Supply and Sanitation,7028276.0,32518665,0.22
GHA,Ghana,Economic Development,Infrastructure,4497784.0,32518665,0.14
GHA,Ghana,"Democracy, Human Rights, and Governance",Good Governance,1435962.0,32518665,0.04
GHA,Ghana,Education and Social Services,Higher Education,1406086.0,32518665,0.04
GHA,Ghana,Economic Development,Private Sector Competitiveness,1059131.0,32518665,0.03
GHA,Ghana,"Democracy, Human Rights, and Governance",Political Competition and Consensus-Building,935030.0,32518665,0.03
GHA,Ghana,Economic Development,Trade and Investment,879470.0,32518665,0.03
GHA,Ghana,"Democracy, Human Rights, and Governance",Rule of Law and Human Rights,648002.0,32518665,0.02
GHA,Ghana,Environment,Clean Productive Environment,215235.0,32518665,0.01
GHA,Ghana,Multi-sector,Multi-sector - Unspecified,113081.0,32518665,0.00
GHA,Ghana,Peace and Security,Stabilization Operations and Security Sector Reform,84156.0,32518665,0.00
GHA,Ghana,Environment,Environment - General,60339.0,32518665,0.00
GHA,Ghana,"Democracy, Human Rights, and Governance",Civil Society,21702.0,32518665,0.00
GHA,Ghana,Health,Health - General,8000.0,32518665,0.00
GHA,Ghana,Health,Other Public Health Threats,3358.0,32518665,0.00
GIN,Guinea,Program Support,Direct Administrative Costs,7161131.0,13710513,0.52
GIN,Guinea,"Democracy, Human Rights, and Governance",Good Governance,1041385.0,13710513,0.08
GIN,Guinea,"Democracy, Human Rights, and Governance",Political Competition and Consensus-Building,892326.0,13710513,0.07
GIN,Guinea,Education and Social Services,Basic Education,502374.0,13710513,0.04
GIN,Guinea,Peace and Security,Conflict Mitigation and Reconciliation,309297.0,13710513,0.02
GIN,Guinea,"Democracy, Human Rights, and Governance",Civil Society,178383.0,13710513,0.01
GIN,Guinea,Economic Development,Financial Sector,91252.0,13710513,0.01
GIN,Guinea,Multi-sector,Multi-sector - Unspecified,69712.0,13710513,0.01
GIN,Guinea,Environment,Clean Productive Environment,35884.0,13710513,0.00
GIN,Guinea,Health,Maternal and Child Health,20000.0,13710513,0.00
GIN,Guinea,Health,Water Supply and Sanitation,5449.0,13710513,0.00
GIN,Guinea,Education and Social Services,"Policies, Regulations, and Systems",819.0,13710513,0.00
GIN,Guinea,Health,HIV/AIDS,372.0,13710513,0.00
GIN,Guinea,Economic Development,Agriculture,369.0,13710513,0.00
GIN,Guinea,Humanitarian Assistance,"Protection, Assistance and Solutions",-3612.0,13710513,-0.00
GMB,Gambia,"Democracy, Human Rights, and Governance",Political Competition and Consensus-Building,137706.0,2576010,0.05
GMB,Gambia,"Democracy, Human Rights, and Governance",Civil Society,100000.0,2576010,0.04
GMB,Gambia,"Democracy, Human Rights, and Governance",Good Governance,100000.0,2576010,0.04
GNB,Guinea-Bissau,Multi-sector,Multi-sector - Unspecified,41636.0,2058841,0.02
GNQ,Equatorial Guinea,Multi-sector,Multi-sector - Unspecified,330000.0,1758786,0.19
GNQ,Equatorial Guinea,Environment,Natural Resources and Biodiversity,305130.0,1758786,0.17
GRC,Greece,Health,Other Public Health Threats,391265.0,10569207,0.04
GRC,Greece,Education and Social Services,Higher Education,234643.0,10569207,0.02
GRL,Greenland,Economic Development,Mining and Natural Resources,173387.0,56653,3.06
GRL,Greenland,Environment,Environment,4000.0,56653,0.07
GTM,Guatemala,Humanitarian Assistance,"Protection, Assistance and Solutions",41386038.0,17598650,2.35
GTM,Guatemala,Economic Development,Agriculture,17626889.0,17598650,1.00
GTM,Guatemala,Program Support,Direct Administrative Costs,17239150.0,17598650,0.98
GTM,Guatemala,"Democracy, Human Rights, and Governance",Good Governance,17115454.0,17598650,0.97
GTM,Guatemala,Economic Development,Private Sector Competitiveness,9789365.0,17598650,0.56
GTM,Guatemala,"Democracy, Human Rights, and Governance",Rule of Law and Human Rights,7668178.0,17598650,0.44
GTM,Guatemala,Economic Development,Macroeconomic Foundation for Growth,5952739.0,17598650,0.34
GTM,Guatemala,"Democracy, Human Rights, and Governance",Civil Society,5776134.0,17598650,0.33
GTM,Guatemala,Humanitarian Assistance,Disaster Readiness,4584175.0,17598650,0.26
GTM,Guatemala,Education and Social Services,Basic Education,4092047.0,17598650,0.23
GTM,Guatemala,Health,Water Supply and Sanitation,3264621.0,17598650,0.19
GTM,Guatemala,Environment,Clean Productive Environment,3130758.0,17598650,0.18
GTM,Guatemala,Environment,Environment - General,2825200.0,17598650,0.16
GTM,Guatemala,Education and Social Services,Higher Education,1393641.0,17598650,0.08
GTM,Guatemala,Health,Pandemic Influenza and Other Emerging Threats (PIOET),1096706.0,17598650,0.06
GTM,Guatemala,Multi-sector,Multi-sector - Unspecified,690775.0,17598650,0.04
GTM,Guatemala,"Democracy, Human Rights, and Governance",Political Competition and Consensus-Building,355790.0,17598650,0.02
GTM,Guatemala,Economic Development,Trade and Investment,332951.0,17598650,0.02
GTM,Guatemala,Economic Development,Economic Opportunity,230435.0,17598650,0.01
GTM,Guatemala,Education and Social Services,Education and Social Services - General,174949.0,17598650,0.01
GTM,Guatemala,Program Support,Monitoring and Evaluation,150000.0,17598650,0.01
GTM,Guatemala,Peace and Security,Transnational Crime,6136.0,17598650,0.00
GTM,Guatemala,Health,Other Public Health Threats,3500.0,17598650,0.00
GTM,Guatemala,Economic Development,Financial Sector,-6732.0,17598650,-0.00
GUY,Guyana,"Democracy, Human Rights, and Governance",Good Governance,95960.0,815482,0.12
HND,Honduras,Humanitarian Assistance,"Protection, Assistance and Solutions",41133561.0,10289877,4.00
HND,Honduras,"Democracy, Human Rights, and Governance",Good Governance,22183890.0,10289877,2.16
HND,Honduras,Program Support,Direct Administrative Costs,14544758.0,10289877,1.41
HND,Honduras,Economic Development,Agriculture,11069568.0,10289877,1.08
HND,Honduras,Education and Social Services,Basic Education,8084308.0,10289877,0.79
HND,Honduras,Economic Development,Macroeconomic Foundation for Growth,3343749.0,10289877,0.32
HND,Honduras,Humanitarian Assistance,Disaster Readiness,2860238.0,10289877,0.28
HND,Honduras,"Democracy, Human Rights, and Governance",Rule of Law and Human Rights,1856905.0,10289877,0.18
HND,Honduras,"Democracy, Human Rights, and Governance",Civil Society,1326995.0,10289877,0.13
HND,Honduras,Economic Development,Private Sector Competitiveness,681518.0,10289877,0.07
HND,Honduras,Peace and Security,Conflict Mitigation and Reconciliation,460919.0,10289877,0.04
HND,Honduras,Education and Social Services,Education and Social Services - General,460031.0,10289877,0.04
HND,Honduras,Program Support,Monitoring and Evaluation,431497.0,10289877,0.04
HND,Honduras,Education and Social Services,Higher Education,290509.0,10289877,0.03
HND,Honduras,Environment,Environment,69000.0,10289877,0.01
HND,Honduras,Economic Development,Economic Opportunity,55545.0,10289877,0.01
HND,Honduras,Health,Pandemic Influenza and Other Emerging Threats (PIOET),40000.0,10289877,0.00
HND,Honduras,Economic Development,Economic Development - General,39050.0,10289877,0.00
HND,Honduras,"Democracy, Human Rights, and Governance",Political Competition and Consensus-Building,968.0,10289877,0.00
HRV,Croatia,Program Support,Direct Administrative Costs,857460.0,3878981,0.22
HTI,Haiti,Humanitarian Assistance,"Protection, Assistance and Solutions",37599255.0,11374586,3.31
HTI,Haiti,Program Support,Direct Administrative Costs,20522036.0,11374586,1.80
HTI,Haiti,Health,Water Supply and Sanitation,12145030.0,11374586,1.07
HTI,Haiti,Economic Development,Infrastructure,9895411.0,11374586,0.87
HTI,Haiti,Economic Development,Macroeconomic Foundation for Growth,7993787.0,11374586,0.70
HTI,Haiti,Education and Social Services,Basic Education,5819680.0,11374586,0.51
HTI,Haiti,"Democracy, Human Rights, and Governance",Rule of Law and Human Rights,5473852.0,11374586,0.48
HTI,Haiti,"Democracy, Human Rights, and Governance",Good Governance,4485141.0,11374586,0.39
HTI,Haiti,Humanitarian Assistance,Disaster Readiness,4439360.0,11374586,0.39
HTI,Haiti,Economic Development,Agriculture,3735640.0,11374586,0.33
HTI,Haiti,"Democracy, Human Rights, and Governance",Political Competition and Consensus-Building,2835952.0,11374586,0.25
HTI,Haiti,Health,Maternal and Child Health,1849382.0,11374586,0.16
HTI,Haiti,Economic Development,Financial Sector,1338497.0,11374586,0.12
HTI,Haiti,Health,HIV/AIDS,1161444.0,11374586,0.10
HTI,Haiti,Program Support,Monitoring and Evaluation,940927.0,11374586,0.08
HTI,Haiti,"Democracy, Human Rights, and Governance",Civil Society,737886.0,11374586,0.06
HTI,Haiti,Health,Pandemic Influenza and Other Emerging Threats (PIOET),735734.0,11374586,0.06
HTI,Haiti,Economic Development,Private Sector Competitiveness,575174.0,11374586,0.05
HTI,Haiti,Education and Social Services,"Policies, Regulations, and Systems",556412.0,11374586,0.05
HTI,Haiti,Health,Other Public Health Threats,306238.0,11374586,0.03
HTI,Haiti,Environment,Clean Productive Environment,291606.0,11374586,0.03
HTI,Haiti,Peace and Security,Transnational Crime,53873.0,11374586,0.00
HTI,Haiti,Health,Nutrition,13868.0,11374586,0.00
HTI,Haiti,Multi-sector,Multi-sector - Unspecified,4000.0,11374586,0.00
HTI,Haiti,Economic Development,Trade and Investment,-5224.0,11374586,-0.00
HTI,Haiti,Economic Development,Economic Opportunity,-6028.0,11374586,-0.00
HUN,Hungary,Program Support,Direct Administrative Costs,1937319.0,9630932,0.20
HUN,Hungary,Humanitarian Assistance,"Protection, Assistance and Solutions",211820.0,9630932,0.02
HUN,Hungary,Humanitarian Assistance,Disaster Readiness,24850.0,9630932,0.00
IDN,Indonesia,Program Support,Direct Administrative Costs,15823581.0,276758053,0.06
IDN,Indonesia,Economic Development,Macroeconomic Foundation for Growth,11598549.0,276758053,0.04
IDN,Indonesia,Health,Water Supply and Sanitation,9852204.0,276758053,0.04
IDN,Indonesia,"Democracy, Human Rights, and Governance",Civil Society,9400666.0,276758053,0.03
IDN,Indonesia,"Democracy, Human Rights, and Governance",Good Governance,5166519.0,276758053,0.02
IDN,Indonesia,Humanitarian Assistance,Disaster Readiness,4357787.0,276758053,0.02
IDN,Indonesia,Economic Development,Trade and Investment,4110983.0,276758053,0.01
IDN,Indonesia,"Democracy, Human Rights, and Governance",Rule of Law and Human Rights,3384823.0,276758053,0.01
IDN,Indonesia,Economic Development,Private Sector Competitiveness,3095904.0,276758053,0.01
IDN,Indonesia,Education and Social Services,Higher Education,2332585.0,276758053,0.01
IDN,Indonesia,Health,Pandemic Influenza and Other Emerging Threats (PIOET),1495328.0,276758053,0.01
IDN,Indonesia,Economic Development,Infrastructure,702729.0,276758053,0.00
IDN,Indonesia,Education and Social Services,Basic Education,602332.0,276758053,0.00
IDN,Indonesia,Humanitarian Assistance,"Protection, Assistance and Solutions",375393.0,276758053,0.00
IDN,Indonesia,Environment,Clean Productive Environment,320697.0,276758053,0.00
IDN,Indonesia,Education and Social Services,"Policies, Regulations, and Systems",227312.0,276758053,0.00
IDN,Indonesia,Peace and Security,Peace and Security - General,191356.0,276758053,0.00
IDN,Indonesia,Environment,Natural Resources and Biodiversity,180682.0,276758053,0.00
IDN,Indonesia,Peace and Security,Transnational Crime,156935.0,276758053,0.00
IND,India,Program Support,Direct Administrative Costs,11621748.0,1414203896,0.01
IND,India,Health,Pandemic Influenza and Other Emerging Threats (PIOET),10891097.0,1414203896,0.01
IND,India,Economic Development,Infrastructure,7560179.0,1414203896,0.01
IND,India,Health,Water Supply and Sanitation,6609539.0,1414203896,0.00
IND,India,Education and Social Services,"Policies, Regulations, and Systems",3403701.0,1414203896,0.00
IND,India,Economic Development,Private Sector Competitiveness,3268885.0,1414203896,0.00
IND,India,Economic Development,Macroeconomic Foundation for Growth,3263826.0,1414203896,0.00
IND,India,Environment,Clean Productive Environment,1345248.0,1414203896,0.00
IND,India,Education and Social Services,Basic Education,1239638.0,1414203896,0.00
IND,India,Humanitarian Assistance,"Protection, Assistance and Solutions",1198636.0,1414203896,0.00
IND,India,Health,Other Public Health Threats,882770.0,1414203896,0.00
IND,India,Economic Development,Financial Sector,836021.0,1414203896,0.00
IND,India,"Democracy, Human Rights, and Governance",Good Governance,548384.0,1414203896,0.00
IND,India,Health,Maternal and Child Health,538387.0,1414203896,0.00
IND,India,Program Support,Monitoring and Evaluation,388439.0,1414203896,0.00
IND,India,Humanitarian Assistance,Disaster Readiness,378269.0,1414203896,0.00
IND,India,Economic Development,Economic Opportunity,231712.0,1414203896,0.00
IND,India,Education and Social Services,Higher Education,200000.0,1414203896,0.00
IND,India,Environment,Environment - General,176254.0,1414203896,0.00
IND,India,Multi-sector,Multi-sector - Unspecified,145480.0,1414203896,0.00
IND,India,Economic Development,Agriculture,-136625.0,1414203896,-0.00
IRQ,Iraq,Humanitarian Assistance,"Protection, Assistance and Solutions",172453435.0,43071211,4.00
IRQ,Iraq,Peace and Security,Conflict Mitigation and Reconciliation,117962668.0,43071211,2.74
IRQ,Iraq,"Democracy, Human Rights, and Governance",Good Governance,41021983.0,43071211,0.95
IRQ,Iraq,Program Support,Direct Administrative Costs,18708880.0,43071211,0.43
IRQ,Iraq,Economic Development,Private Sector Competitiveness,9414863.0,43071211,0.22
IRQ,Iraq,"Democracy, Human Rights, and Governance",Political Competition and Consensus-Building,8171786.0,43071211,0.19
IRQ,Iraq,"Democracy, Human Rights, and Governance","Democracy, Human Rights, and Governance - General",7100000.0,43071211,0.16
IRQ,Iraq,Education and Social Services,Higher Education,6723679.0,43071211,0.16
IRQ,Iraq,Economic Development,Macroeconomic Foundation for Growth,5850000.0,43071211,0.14
IRQ,Iraq,Peace and Security,Stabilization Operations and Security Sector Reform,2028078.0,43071211,0.05
IRQ,Iraq,Health,Pandemic Influenza and Other Emerging Threats (PIOET),670000.0,43071211,0.02
IRQ,Iraq,Program Support,Monitoring and Evaluation,543989.0,43071211,0.01
IRQ,Iraq,Education and Social Services,Education and Social Services - General,168765.0,43071211,0.00
IRQ,Iraq,Multi-sector,Multi-sector - Unspecified,168502.0,43071211,0.00
IRQ,Iraq,"Democracy, Human Rights, and Governance",Rule of Law and Human Rights,102562.0,43071211,0.00
IRQ,Iraq,Humanitarian Assistance,Disaster Readiness,1043.0,43071211,0.00
IRQ,Iraq,Education and Social Services,Basic Education,-178849.0,43071211,-0.00
ISR,Israel,Health,Other Public Health Threats,747993.0,9371400,0.08
ISR,Israel,Economic Development,Agriculture,568083.0,9371400,0.06
ISR,Israel,Multi-sector,Multi-sector - Unspecified,468279.0,9371400,0.05
ISR,Israel,Education and Social Services,Higher Education,280433.0,9371400,0.03
ISR,Israel,Peace and Security,Conflict Mitigation and Reconciliation,236476.0,9371400,0.03
ISR,Israel,Environment,Environment - General,229847.0,9371400,0.02
ISR,Israel,"Democracy, Human Rights, and Governance","Democracy, Human Rights, and Governance - General",160209.0,9371400,0.02
ISR,Israel,Health,Water Supply and Sanitation,110514.0,9371400,0.01
ISR,Israel,"Democracy, Human Rights, and Governance",Rule of Law and Human Rights,25440.0,9371400,0.00
ISR,Israel,Environment,Natural Resources and Biodiversity,14620.0,9371400,0.00
ISR,Israel,Program Support,Direct Administrative Costs,447.0,9371400,0.00
ITA,Italy,Health,Pandemic Influenza and Other Emerging Threats (PIOET),4996554.0,59133173,0.08
ITA,Italy,Humanitarian Assistance,"Protection, Assistance and Solutions",2000000.0,59133173,0.03
ITA,Italy,Health,Other Public Health Threats,1550000.0,59133173,0.03
JAM,Jamaica,Program Support,Direct Administrative Costs,3522132.0,2837682,1.24
JAM,Jamaica,"Democracy, Human Rights, and Governance",Civil Society,2666455.0,2837682,0.94
JAM,Jamaica,Education and Social Services,Basic Education,1232265.0,2837682,0.43
JAM,Jamaica,"Democracy, Human Rights, and Governance",Rule of Law and Human Rights,874243.0,2837682,0.31
JAM,Jamaica,Humanitarian Assistance,Disaster Readiness,517955.0,2837682,0.18
JAM,Jamaica,Health,Other Public Health Threats,414844.0,2837682,0.15
JAM,Jamaica,"Democracy, Human Rights, and Governance",Good Governance,338994.0,2837682,0.12
JAM,Jamaica,Education and Social Services,"Policies, Regulations, and Systems",320083.0,2837682,0.11
JAM,Jamaica,Economic Development,Private Sector Competitiveness,86221.0,2837682,0.03
JAM,Jamaica,Health,Pandemic Influenza and Other Emerging Threats (PIOET),35000.0,2837682,0.01
JAM,Jamaica,Environment,Natural Resources and Biodiversity,13600.0,2837682,0.00
JAM,Jamaica,Economic Development,Macroeconomic Foundation for Growth,-1078.0,2837682,-0.00
JOR,Jordan,Economic Development,Macroeconomic Foundation for Growth,613257947.0,11066356,55.42
JOR,Jordan,Education and Social Services,Basic Education,104480090.0,11066356,9.44
JOR,Jordan,Humanitarian Assistance,"Protection, Assistance and Solutions",81355960.0,11066356,7.35
JOR,Jordan,Health,Water Supply and Sanitation,57161760.0,11066356,5.17
JOR,Jordan,Economic Development,Private Sector Competitiveness,37864513.0,11066356,3.42
JOR,Jordan,Education and Social Services,"Policies, Regulations, and Systems",34648771.0,11066356,3.13
JOR,Jordan,Program Support,Direct Administrative Costs,24646292.0,11066356,2.23
JOR,Jordan,"Democracy, Human Rights, and Governance",Good Governance,18438838.0,11066356,1.67
JOR,Jordan,Health,Family Planning and Reproductive Health,16167205.0,11066356,1.46
JOR,Jordan,Health,Maternal and Child Health,8716796.0,11066356,0.79
JOR,Jordan,"Democracy, Human Rights, and Governance",Political Competition and Consensus-Building,7983012.0,11066356,0.72
JOR,Jordan,"Democracy, Human Rights, and Governance",Rule of Law and Human Rights,7944903.0,11066356,0.72
JOR,Jordan,"Democracy, Human Rights, and Governance",Civil Society,2955301.0,11066356,0.27
JOR,Jordan,Health,Other Public Health Threats,2771547.0,11066356,0.25
JOR,Jordan,Health,Pandemic Influenza and Other Emerging Threats (PIOET),2295451.0,11066356,0.21
JOR,Jordan,Program Support,Monitoring and Evaluation,2150001.0,11066356,0.19
JOR,Jordan,Health,Nutrition,2140899.0,11066356,0.19
JOR,Jordan,Peace and Security,Conflict Mitigation and Reconciliation,1550000.0,11066356,0.14
JOR,Jordan,Humanitarian Assistance,Disaster Readiness,415181.0,11066356,0.04
JOR,Jordan,Environment,Clean Productive Environment,300000.0,11066356,0.03
JOR,Jordan,Economic Development,Trade and Investment,158423.0,11066356,0.01
JOR,Jordan,Multi-sector,Multi-sector - Unspecified,103929.0,11066356,0.01
JOR,Jordan,Economic Development,Infrastructure,100560.0,11066356,0.01
JOR,Jordan,"Democracy, Human Rights, and Governance","Democracy, Human Rights, and Governance - General",81215.0,11066356,0.01
JOR,Jordan,Education and Social Services,Education and Social Services - General,4843.0,11066356,0.00
JOR,Jordan,Environment,Environment - General,2000.0,11066356,0.00
JPN,Japan,Humanitarian Assistance,Disaster Readiness,126448.0,125681593,0.00
KAZ,Kazakhstan,Program Support,Direct Administrative Costs,3571480.0,19743603,0.18
KAZ,Kazakhstan,"Democracy, Human Rights, and Governance",Civil Society,2057184.0,19743603,0.10
KAZ,Kazakhstan,Multi-sector,Multi-sector - Unspecified,1451659.0,19743603,0.07
KAZ,Kazakhstan,Economic Development,Infrastructure,996966.0,19743603,0.05
KAZ,Kazakhstan,"Democracy, Human Rights, and Governance",Rule of Law and Human Rights,624321.0,19743603,0.03
KAZ,Kazakhstan,Education and Social Services,Higher Education,282839.0,19743603,0.01
KAZ,Kazakhstan,Education and Social Services,Education and Social Services - General,228593.0,19743603,0.01
KAZ,Kazakhstan,Peace and Security,Transnational Crime,136288.0,19743603,0.01
KAZ,Kazakhstan,Peace and Security,Peace and Security - General,111812.0,19743603,0.01
KAZ,Kazakhstan,Environment,Clean Productive Environment,110509.0,19743603,0.01
KAZ,Kazakhstan,Health,Pandemic Influenza and Other Emerging Threats (PIOET),73513.0,19743603,0.00
KAZ,Kazakhstan,Environment,Environment - General,46374.0,19743603,0.00
KAZ,Kazakhstan,Education and Social Services,Basic Education,39782.0,19743603,0.00
KEN,Kenya,Humanitarian Assistance,"Protection, Assistance and Solutions",59500777.0,53219166,1.12
KEN,Kenya,Economic Development,Agriculture,45118878.0,53219166,0.85
KEN,Kenya,Program Support,Direct Administrative Costs,28789253.0,53219166,0.54
KEN,Kenya,Health,Water Supply and Sanitation,11984753.0,53219166,0.23
KEN,Kenya,Education and Social Services,Basic Education,6611784.0,53219166,0.12
KEN,Kenya,Economic Development,Macroeconomic Foundation for Growth,6275560.0,53219166,0.12
KEN,Kenya,Economic Development,Private Sector Competitiveness,3280147.0,53219166,0.06
KEN,Kenya,"Democracy, Human Rights, and Governance",Civil Society,2372047.0,53219166,0.04
KEN,Kenya,Peace and Security,Conflict Mitigation and Reconciliation,1610115.0,53219166,0.03
KEN,Kenya,Peace and Security,Counter-Terrorism,1283372.0,53219166,0.02
KEN,Kenya,"Democracy, Human Rights, and Governance",Good Governance,988848.0,53219166,0.02
KEN,Kenya,Program Support,Monitoring and Evaluation,458286.0,53219166,0.01
KEN,Kenya,Health,Other Public Health Threats,418347.0,53219166,0.01
KEN,Kenya,"Democracy, Human Rights, and Governance",Political Competition and Consensus-Building,361967.0,53219166,0.01
KEN,Kenya,Economic Development,Infrastructure,275523.0,53219166,0.01
KEN,Kenya,Environment,Clean Productive Environment,273480.0,53219166,0.01
KEN,Kenya,Education and Social Services,Higher Education,243009.0,53219166,0.00
KEN,Kenya,Multi-sector,Multi-sector - Unspecified,82500.0,53219166,0.00
KEN,Kenya,Health,Pandemic Influenza and Other Emerging Threats (PIOET),25532.0,53219166,0.00
KEN,Kenya,Health,HIV/AIDS,18280.0,53219166,0.00
KGZ,Kyrgyzstan,Economic Development,Private Sector Competitiveness,7592714.0,6851224,1.11
KGZ,Kyrgyzstan,Education and Social Services,Basic Education,5756478.0,6851224,0.84
KGZ,Kyrgyzstan,Program Support,Direct Administrative Costs,4308917.0,6851224,0.63
KGZ,Kyrgyzstan,"Democracy, Human Rights, and Governance",Good Governance,3970208.0,6851224,0.58
KGZ,Kyrgyzstan,"Democracy, Human Rights, and Governance",Civil Society,3458410.0,6851224,0.50
KGZ,Kyrgyzstan,Peace and Security,Conflict Mitigation and Reconciliation,2418393.0,6851224,0.35
KGZ,Kyrgyzstan,Multi-sector,Multi-sector - Unspecified,1558572.0,6851224,0.23
KGZ,Kyrgyzstan,"Democracy, Human Rights, and Governance",Rule of Law and Human Rights,1280268.0,6851224,0.19
KGZ,Kyrgyzstan,Peace and Security,Counter-Terrorism,687861.0,6851224,0.10
KGZ,Kyrgyzstan,Education and Social Services,Education and Social Services - General,590977.0,6851224,0.09
KGZ,Kyrgyzstan,Health,Nutrition,568090.0,6851224,0.08
KGZ,Kyrgyzstan,Education and Social Services,Higher Education,477547.0,6851224,0.07
KGZ,Kyrgyzstan,Health,Pandemic Influenza and Other Emerging Threats (PIOET),170000.0,6851224,0.02
KGZ,Kyrgyzstan,"Democracy, Human Rights, and Governance","Democracy, Human Rights, and Governance - General",106861.0,6851224,0.02
KGZ,Kyrgyzstan,Program Support,Monitoring and Evaluation,89245.0,6851224,0.01
KGZ,Kyrgyzstan,Peace and Security,Transnational Crime,78332.0,6851224,0.01
KGZ,Kyrgyzstan,Economic Development,Economic Opportunity,26300.0,6851224,0.00
KGZ,Kyrgyzstan,Environment,Environment - General,15000.0,6851224,0.00
KGZ,Kyrgyzstan,Environment,Clean Productive Environment,4000.0,6851224,0.00
KGZ,Kyrgyzstan,Economic Development,Infrastructure,-48140.0,6851224,-0.01
KHM,Cambodia,"Democracy, Human Rights, and Governance",Civil Society,16099610.0,16974305,0.95
KHM,Cambodia,Economic Development,Macroeconomic Foundation for Growth,10294744.0,16974305,0.61
KHM,Cambodia,Program Support,Direct Administrative Costs,10196651.0,16974305,0.60
KHM,Cambodia,Economic Development,Agriculture,8457622.0,16974305,0.50
KHM,Cambodia,Education and Social Services,Basic Education,6908339.0,16974305,0.41
KHM,Cambodia,"Democracy, Human Rights, and Governance",Rule of Law and Human Rights,4067746.0,16974305,0.24
KHM,Cambodia,Health,Pandemic Influenza and Other Emerging Threats (PIOET),1126754.0,16974305,0.07
KHM,Cambodia,"Democracy, Human Rights, and Governance",Good Governance,878810.0,16974305,0.05
KHM,Cambodia,Multi-sector,Multi-sector - Unspecified,665182.0,16974305,0.04
KHM,Cambodia,Economic Development,Private Sector Competitiveness,633336.0,16974305,0.04
KHM,Cambodia,Health,Other Public Health Threats,616668.0,16974305,0.04
KHM,Cambodia,Humanitarian Assistance,Disaster Readiness,533972.0,16974305,0.03
KHM,Cambodia,Program Support,Monitoring and Evaluation,371675.0,16974305,0.02
KHM,Cambodia,Humanitarian Assistance,"Protection, Assistance and Solutions",173661.0,16974305,0.01
KHM,Cambodia,Health,Health - General,49376.0,16974305,0.00
KHM,Cambodia,Education and Social Services,"Policies, Regulations, and Systems",12918.0,16974305,0.00
KHM,Cambodia,Peace and Security,Transnational Crime,12844.0,16974305,0.00
KHM,Cambodia,Health,Water Supply and Sanitation,139.0,16974305,0.00
KHM,Cambodia,"Democracy, Human Rights, and Governance",Political Competition and Consensus-Building,-52510.0,16974305,-0.00
KOR,"Korea, Republic of",Humanitarian Assistance,Disaster Readiness,244992.0,51769539,0.00
KWT,Kuwait,Multi-sector,Multi-sector - Unspecified,898117.0,4360865,0.21
KWT,Kuwait,"Democracy, Human Rights, and Governance",Civil Society,129106.0,4360865,0.03
KWT,Kuwait,Economic Development,Labor Policies and Markets,123400.0,4360865,0.03
KWT,Kuwait,"Democracy, Human Rights, and Governance",Rule of Law and Human Rights,66688.0,4360865,0.02
KWT,Kuwait,"Democracy, Human Rights, and Governance","Democracy, Human Rights, and Governance - General",52056.0,4360865,0.01
KWT,Kuwait,Economic Development,Trade and Investment,39830.0,4360865,0.01
LAO,Laos,Education and Social Services,Basic Education,5357289.0,7453194,0.72
LAO,Laos,Program Support,Direct Administrative Costs,3576670.0,7453194,0.48
LAO,Laos,"Democracy, Human Rights, and Governance",Rule of Law and Human Rights,3182345.0,7453194,0.43
LAO,Laos,Economic Development,Private Sector Competitiveness,2049999.0,7453194,0.28
LAO,Laos,Economic Development,Trade and Investment,1500000.0,7453194,0.20
LAO,Laos,Education and Social Services,"Policies, Regulations, and Systems",1328020.0,7453194,0.18
LAO,Laos,Economic Development,Infrastructure,884435.0,7453194,0.12
LAO,Laos,Health,Nutrition,873170.0,7453194,0.12
LAO,Laos,Health,Pandemic Influenza and Other Emerging Threats (PIOET),699882.0,7453194,0.09
LAO,Laos,"Democracy, Human Rights, and Governance",Civil Society,466299.0,7453194,0.06
LAO,Laos,Humanitarian Assistance,Disaster Readiness,428445.0,7453194,0.06
LAO,Laos,Multi-sector,Multi-sector - Unspecified,-129.0,7453194,-0.00
LBN,Lebanon,Humanitarian Assistance,"Protection, Assistance and Solutions",90920019.0,5718122,15.90
LBN,Lebanon,Education and Social Services,Higher Education,36667670.0,5718122,6.41
LBN,Lebanon,Economic Development,Private Sector Competitiveness,33438394.0,5718122,5.85
LBN,Lebanon,Health,Water Supply and Sanitation,21706952.0,5718122,3.80
LBN,Lebanon,"Democracy, Human Rights, and Governance",Good Governance,14390213.0,5718122,2.52
LBN,Lebanon,Program Support,Direct Administrative Costs,12119072.0,5718122,2.12
LBN,Lebanon,Education and Social Services,Basic Education,11121003.0,5718122,1.94
LBN,Lebanon,"Democracy, Human Rights, and Governance",Civil Society,4791129.0,5718122,0.84
LBN,Lebanon,Health,Other Public Health Threats,2005341.0,5718122,0.35
LBN,Lebanon,"Democracy, Human Rights, and Governance",Rule of Law and Human Rights,2000000.0,5718122,0.35
LBN,Lebanon,Economic Development,Economic Opportunity,1007314.0,5718122,0.18
LBN,Lebanon,Multi-sector,Multi-sector - Unspecified,867274.0,5718122,0.15
LBN,Lebanon,Program Support,Monitoring and Evaluation,827637.0,5718122,0.14
LBN,Lebanon,"Democracy, Human Rights, and Governance","Democracy, Human Rights, and Governance - General",344500.0,5718122,0.06
LBN,Lebanon,Peace and Security,Conflict Mitigation and Reconciliation,226315.0,5718122,0.04
LBN,Lebanon,Humanitarian Assistance,Disaster Readiness,180671.0,5718122,0.03
LBN,Lebanon,Economic Development,Trade and Investment,110959.0,5718122,0.02
LBN,Lebanon,Economic Development,Macroeconomic Foundation for Growth,58828.0,5718122,0.01
LBR,Liberia,Program Support,Direct Administrative Costs,20042014.0,5259323,3.81
LBR,Liberia,Education and Social Services,Basic Education,17325989.0,5259323,3.29
LBR,Liberia,"Democracy, Human Rights, and Governance",Good Governance,5275837.0,5259323,1.00
LBR,Liberia,Health,Water Supply and Sanitation,4872760.0,5259323,0.93
LBR,Liberia,Education and Social Services,"Policies, Regulations, and Systems",3899212.0,5259323,0.74
LBR,Liberia,Economic Development,Agriculture,3848859.0,5259323,0.73
LBR,Liberia,"Democracy, Human Rights, and Governance",Civil Society,2814381.0,5259323,0.54
LBR,Liberia,Economic Development,Private Sector Competitiveness,2687367.0,5259323,0.51
LBR,Liberia,Humanitarian Assistance,"Protection, Assistance and Solutions",2564704.0,5259323,0.49
LBR,Liberia,Economic Development,Infrastructure,1546784.0,5259323,0.29
LBR,Liberia,Economic Development,Macroeconomic Foundation for Growth,1470995.0,5259323,0.28
LBR,Liberia,"Democracy, Human Rights, and Governance",Political Competition and Consensus-Building,800300.0,5259323,0.15
LBR,Liberia,Education and Social Services,Higher Education,730319.0,5259323,0.14
LBR,Liberia,Peace and Security,Conflict Mitigation and Reconciliation,270996.0,5259323,0.05
LBR,Liberia,"Democracy, Human Rights, and Governance",Rule of Law and Human Rights,193527.0,5259323,0.04
LBR,Liberia,Multi-sector,Multi-sector - Unspecified,75000.0,5259323,0.01
LBR,Liberia,Environment,Natural Resources and Biodiversity,16888.0,5259323,0.00
LBR,Liberia,Health,Maternal and Child Health,-852935.0,5259323,-0.16
LBY,Libya,Peace and Security,Conflict Mitigation and Reconciliation,20939682.0,7135175,2.93
LBY,Libya,"Democracy, Human Rights, and Governance",Good Governance,15160092.0,7135175,2.12
LBY,Libya,Humanitarian Assistance,"Protection, Assistance and Solutions",11619760.0,7135175,1.63
LBY,Libya,"Democracy, Human Rights, and Governance",Political Competition and Consensus-Building,8522223.0,7135175,1.19
LBY,Libya,Economic Development,Macroeconomic Foundation for Growth,8381173.0,7135175,1.17
LBY,Libya,Program Support,Direct Administrative Costs,4278848.0,7135175,0.60
LBY,Libya,Education and Social Services,Education and Social Services - General,941922.0,7135175,0.13
LBY,Libya,Program Support,Monitoring and Evaluation,390000.0,7135175,0.05
LBY,Libya,"Democracy, Human Rights, and Governance",Civil Society,192000.0,7135175,0.03
LBY,Libya,Multi-sector,Multi-sector - Unspecified,105648.0,7135175,0.01
LBY,Libya,Humanitarian Assistance,Disaster Readiness,78650.0,7135175,0.01
LCN,Latin America and Caribbean Region,Humanitarian Assistance,Disaster Readiness,13586448.0,649234493,0.02
LCN,Latin America and Caribbean Region,Program Support,Direct Administrative Costs,7172900.0,649234493,0.01
LCN,Latin America and Caribbean Region,Education and Social Services,Basic Education,6329177.0,649234493,0.01
LCN,Latin America and Caribbean Region,Education and Social Services,Higher Education,4746313.0,649234493,0.01
LCN,Latin America and Caribbean Region,Economic Development,Macroeconomic Foundation for Growth,2748430.0,649234493,0.00
LCN,Latin America and Caribbean Region,"Democracy, Human Rights, and Governance",Good Governance,1709727.0,649234493,0.00
LCN,Latin America and Caribbean Region,Economic Development,Infrastructure,1560000.0,649234493,0.00
LCN,Latin America and Caribbean Region,"Democracy, Human Rights, and Governance",Civil Society,1348255.0,649234493,0.00
LCN,Latin America and Caribbean Region,Humanitarian Assistance,"Protection, Assistance and Solutions",1187981.0,649234493,0.00
LCN,Latin America and Caribbean Region,"Democracy, Human Rights, and Governance",Rule of Law and Human Rights,791627.0,649234493,0.00
LCN,Latin America and Caribbean Region,Economic Development,Private Sector Competitiveness,644625.0,649234493,0.00
LCN,Latin America and Caribbean Region,Program Support,Monitoring and Evaluation,634276.0,649234493,0.00
LCN,Latin America and Caribbean Region,Economic Development,Agriculture,355819.0,649234493,0.00
LCN,Latin America and Caribbean Region,Environment,Clean Productive Environment,-5516.0,649234493,-0.00
LKA,Sri Lanka,"Democracy, Human Rights, and Governance",Good Governance,13248842.0,22156000,0.60
LKA,Sri Lanka,Program Support,Direct Administrative Costs,7073525.0,22156000,0.32
LKA,Sri Lanka,Economic Development,Private Sector Competitiveness,5500350.0,22156000,0.25
LKA,Sri Lanka,"Democracy, Human Rights, and Governance",Rule of Law and Human Rights,4721249.0,22156000,0.21
LKA,Sri Lanka,"Democracy, Human Rights, and Governance",Civil Society,3049132.0,22156000,0.14
LKA,Sri Lanka,"Democracy, Human Rights, and Governance","Democracy, Human Rights, and Governance - General",2102497.0,22156000,0.09
LKA,Sri Lanka,Health,Pandemic Influenza and Other Emerging Threats (PIOET),1927179.0,22156000,0.09
LKA,Sri Lanka,Economic Development,Trade and Investment,1671208.0,22156000,0.08
LKA,Sri Lanka,Humanitarian Assistance,Disaster Readiness,1561591.0,22156000,0.07
LKA,Sri Lanka,Economic Development,Financial Sector,1546111.0,22156000,0.07
LKA,Sri Lanka,Economic Development,Macroeconomic Foundation for Growth,1328462.0,22156000,0.06
LKA,Sri Lanka,Peace and Security,Conflict Mitigation and Reconciliation,882214.0,22156000,0.04
LKA,Sri Lanka,Multi-sector,Multi-sector - Unspecified,580521.0,22156000,0.03
LKA,Sri Lanka,Peace and Security,Transnational Crime,540689.0,22156000,0.02
LKA,Sri Lanka,Peace and Security,Counter-Terrorism,455073.0,22156000,0.02
LKA,Sri Lanka,Program Support,Monitoring and Evaluation,222214.0,22156000,0.01
LKA,Sri Lanka,Education and Social Services,"Policies, Regulations, and Systems",157922.0,22156000,0.01
LKA,Sri Lanka,Economic Development,Infrastructure,116482.0,22156000,0.01
LKA,Sri Lanka,Environment,Clean Productive Environment,23380.0,22156000,0.00
LKA,Sri Lanka,Peace and Security,Stabilization Operations and Security Sector Reform,12775.0,22156000,0.00
LKA,Sri Lanka,Humanitarian Assistance,"Protection, Assistance and Solutions",8619.0,22156000,0.00
LSO,Lesotho,Humanitarian Assistance,"Protection, Assistance and Solutions",2396809.0,2261542,1.06
LSO,Lesotho,Multi-sector,Multi-sector - Unspecified,67815.0,2261542,0.03
LTU,Lithuania,Education and Social Services,Higher Education,120000.0,2808380,0.04
LTU,Lithuania,Multi-sector,Multi-sector - Unspecified,20000.0,2808380,0.01
LVA,Latvia,Education and Social Services,Higher Education,160000.0,1884490,0.08
LVA,Latvia,Program Support,Direct Administrative Costs,144991.0,1884490,0.08
MAR,Morocco,Peace and Security,Counter-Terrorism,5899705.0,36954442,0.16
MAR,Morocco,Program Support,Direct Administrative Costs,5548209.0,36954442,0.15
MAR,Morocco,Education and Social Services,Basic Education,3468576.0,36954442,0.09
MAR,Morocco,Economic Development,Private Sector Competitiveness,2561588.0,36954442,0.07
MAR,Morocco,"Democracy, Human Rights, and Governance",Civil Society,1333824.0,36954442,0.04
MAR,Morocco,Education and Social Services,Higher Education,1212868.0,36954442,0.03
MAR,Morocco,"Democracy, Human Rights, and Governance",Good Governance,1104141.0,36954442,0.03
MAR,Morocco,Multi-sector,Multi-sector - Unspecified,900959.0,36954442,0.02
MAR,Morocco,Economic Development,Labor Policies and Markets,837896.0,36954442,0.02
MAR,Morocco,Economic Development,Financial Sector,534756.0,36954442,0.01
MAR,Morocco,Health,Other Public Health Threats,439315.0,36954442,0.01
MAR,Morocco,Peace and Security,Conflict Mitigation and Reconciliation,296500.0,36954442,0.01
MAR,Morocco,"Democracy, Human Rights, and Governance","Democracy, Human Rights, and Governance - General",213157.0,36954442,0.01
MAR,Morocco,Economic Development,Trade and Investment,209856.0,36954442,0.01
MAR,Morocco,Economic Development,Economic Development - General,152861.0,36954442,0.00
MAR,Morocco,"Democracy, Human Rights, and Governance",Rule of Law and Human Rights,128799.0,36954442,0.00
MAR,Morocco,Education and Social Services,Education and Social Services - General,83590.0,36954442,0.00
MAR,Morocco,Economic Development,Economic Opportunity,64734.0,36954442,0.00
MAR,Morocco,"Democracy, Human Rights, and Governance",Political Competition and Consensus-Building,15660.0,36954442,0.00
MAR,Morocco,Environment,Natural Resources and Biodiversity,4500.0,36954442,0.00
MAR,Morocco,Program Support,Monitoring and Evaluation,3956.0,36954442,0.00
MAR,Morocco,Economic Development,Infrastructure,-1865.0,36954442,-0.00
MDA,Moldova,Economic Development,Private Sector Competitiveness,14245448.0,2595809,5.49
MDA,Moldova,"Democracy, Human Rights, and Governance",Good Governance,6311233.0,2595809,2.43
MDA,Moldova,Program Support,Direct Administrative Costs,5485641.0,2595809,2.11
MDA,Moldova,"Democracy, Human Rights, and Governance",Rule of Law and Human Rights,4100657.0,2595809,1.58
MDA,Moldova,"Democracy, Human Rights, and Governance",Civil Society,3656209.0,2595809,1.41
MDA,Moldova,Economic Development,Financial Sector,1400202.0,2595809,0.54
MDA,Moldova,"Democracy, Human Rights, and Governance",Political Competition and Consensus-Building,1324289.0,2595809,0.51
MDA,Moldova,Multi-sector,Multi-sector - Unspecified,1165937.0,2595809,0.45
MDA,Moldova,Economic Development,Infrastructure,1071838.0,2595809,0.41
MDA,Moldova,Peace and Security,Stabilization Operations and Security Sector Reform,428989.0,2595809,0.17
MDA,Moldova,Peace and Security,Transnational Crime,54889.0,2595809,0.02
MDA,Moldova,Education and Social Services,Higher Education,41619.0,2595809,0.02
MDA,Moldova,Health,Pandemic Influenza and Other Emerging Threats (PIOET),31964.0,2595809,0.01
MDA,Moldova,Program Support,Monitoring and Evaluation,16000.0,2595809,0.01
MDG,Madagascar,Economic Development,Macroeconomic Foundation for Growth,8649326.0,29691083,0.29
MDG,Madagascar,Humanitarian Assistance,"Protection, Assistance and Solutions",7831644.0,29691083,0.26
MDG,Madagascar,Health,Water Supply and Sanitation,6563767.0,29691083,0.22
MDG,Madagascar,Program Support,Direct Administrative Costs,5421521.0,29691083,0.18
MDG,Madagascar,Health,Pandemic Influenza and Other Emerging Threats (PIOET),2864547.0,29691083,0.10
MDG,Madagascar,Environment,Clean Productive Environment,695658.0,29691083,0.02
MDG,Madagascar,"Democracy, Human Rights, and Governance",Good Governance,577534.0,29691083,0.02
MDG,Madagascar,Economic Development,Infrastructure,530680.0,29691083,0.02
MDG,Madagascar,"Democracy, Human Rights, and Governance",Rule of Law and Human Rights,192908.0,29691083,0.01
MDG,Madagascar,Multi-sector,Multi-sector - Unspecified,191666.0,29691083,0.01
MDV,Maldives,Health,Pandemic Influenza and Other Emerging Threats (PIOET),2390255.0,516154,4.63
MDV,Maldives,Peace and Security,Counter-Terrorism,177152.0,516154,0.34
MEX,Mexico,"Democracy, Human Rights, and Governance",Good Governance,12279808.0,127648148,0.10
MEX,Mexico,"Democracy, Human Rights, and Governance",Rule of Law and Human Rights,12059062.0,127648148,0.09
MEX,Mexico,Program Support,Direct Administrative Costs,5958584.0,127648148,0.05
MEX,Mexico,Economic Development,Macroeconomic Foundation for Growth,5128885.0,127648148,0.04
MEX,Mexico,Program Support,Monitoring and Evaluation,1660334.0,127648148,0.01
MEX,Mexico,"Democracy, Human Rights, and Governance",Civil Society,1375040.0,127648148,0.01
MEX,Mexico,Economic Development,Infrastructure,464032.0,127648148,0.00
MEX,Mexico,Humanitarian Assistance,Disaster Readiness,375506.0,127648148,0.00
MEX,Mexico,Health,Other Public Health Threats,246623.0,127648148,0.00
MEX,Mexico,Humanitarian Assistance,"Protection, Assistance and Solutions",60000.0,127648148,0.00
MEX,Mexico,Environment,Clean Productive Environment,0.0,127648148,0.00
MEX,Mexico,Education and Social Services,Higher Education,-304.0,127648148,-0.00
MHL,Marshall Islands,Program Support,Direct Administrative Costs,385002.0,41367,9.31
MHL,Marshall Islands,Humanitarian Assistance,Disaster Readiness,117858.0,41367,2.85
MKD,North Macedonia,Program Support,Direct Administrative Costs,4168771.0,1837114,2.27
MKD,North Macedonia,"Democracy, Human Rights, and Governance",Civil Society,2403909.0,1837114,1.31
MKD,North Macedonia,Economic Development,Private Sector Competitiveness,1940399.0,1837114,1.06
MKD,North Macedonia,"Democracy, Human Rights, and Governance",Good Governance,953450.0,1837114,0.52
MKD,North Macedonia,Peace and Security,Conflict Mitigation and Reconciliation,921128.0,1837114,0.50
MKD,North Macedonia,Peace and Security,Counter-Terrorism,852606.0,1837114,0.46
MKD,North Macedonia,Education and Social Services,Basic Education,474726.0,1837114,0.26
MKD,North Macedonia,Multi-sector,Multi-sector - Unspecified,393991.0,1837114,0.21
MKD,North Macedonia,Education and Social Services,Higher Education,167253.0,1837114,0.09
MKD,North Macedonia,"Democracy, Human Rights, and Governance",Political Competition and Consensus-Building,161130.0,1837114,0.09
MKD,North Macedonia,"Democracy, Human Rights, and Governance",Rule of Law and Human Rights,130418.0,1837114,0.07
MKD,North Macedonia,Economic Development,Economic Opportunity,101344.0,1837114,0.06
MKD,North Macedonia,Peace and Security,Peace and Security - General,41729.0,1837114,0.02
MKD,North Macedonia,"Democracy, Human Rights, and Governance","Democracy, Human Rights, and Governance - General",30000.0,1837114,0.02
MKD,North Macedonia,Health,Pandemic Influenza and Other Emerging Threats (PIOET),25000.0,1837114,0.01
MKD,North Macedonia,Economic Development,Infrastructure,20715.0,1837114,0.01
MKD,North Macedonia,Education and Social Services,"Policies, Regulations, and Systems",-10304.0,1837114,-0.01
MLI,Mali,Humanitarian Assistance,"Protection, Assistance and Solutions",56455193.0,22388630,2.52
MLI,Mali,Education and Social Services,Basic Education,19066354.0,22388630,0.85
MLI,Mali,Economic Development,Agriculture,15872107.0,22388630,0.71
MLI,Mali,Program Support,Direct Administrative Costs,11976050.0,22388630,0.53
MLI,Mali,Peace and Security,Conflict Mitigation and Reconciliation,6462679.0,22388630,0.29
MLI,Mali,"Democracy, Human Rights, and Governance",Rule of Law and Human Rights,3091659.0,22388630,0.14
MLI,Mali,"Democracy, Human Rights, and Governance",Civil Society,2944800.0,22388630,0.13
MLI,Mali,"Democracy, Human Rights, and Governance",Political Competition and Consensus-Building,2459544.0,22388630,0.11
MLI,Mali,"Democracy, Human Rights, and Governance",Good Governance,2322401.0,22388630,0.10
MLI,Mali,Health,Water Supply and Sanitation,2171838.0,22388630,0.10
MLI,Mali,Peace and Security,Counter-Terrorism,1450000.0,22388630,0.06
MLI,Mali,Economic Development,Private Sector Competitiveness,600000.0,22388630,0.03
MLI,Mali,Environment,Clean Productive Environment,37532.0,22388630,0.00
MLI,Mali,Education and Social Services,"Policies, Regulations, and Systems",12888.0,22388630,0.00
MLI,Mali,Multi-sector,Multi-sector - Unspecified,10000.0,22388630,0.00
MLI,Mali,Health,Pandemic Influenza and Other Emerging Threats (PIOET),96.0,22388630,0.00
MLI,Mali,Health,Other Public Health Threats,-12189.0,22388630,-0.00
MMR,Burma (Myanmar),Humanitarian Assistance,"Protection, Assistance and Solutions",54771583.0,53387102,1.03
MMR,Burma (Myanmar),Peace and Security,Conflict Mitigation and Reconciliation,14287458.0,53387102,0.27
MMR,Burma (Myanmar),Economic Development,Agriculture,10829038.0,53387102,0.20
MMR,Burma (Myanmar),Program Support,Direct Administrative Costs,10331787.0,53387102,0.19
MMR,Burma (Myanmar),"Democracy, Human Rights, and Governance",Political Competition and Consensus-Building,7742912.0,53387102,0.15
MMR,Burma (Myanmar),"Democracy, Human Rights, and Governance",Civil Society,7297857.0,53387102,0.14
MMR,Burma (Myanmar),"Democracy, Human Rights, and Governance",Rule of Law and Human Rights,6531776.0,53387102,0.12
MMR,Burma (Myanmar),"Democracy, Human Rights, and Governance",Good Governance,5916171.0,53387102,0.11
MMR,Burma (Myanmar),Economic Development,Private Sector Competitiveness,4792981.0,53387102,0.09
MMR,Burma (Myanmar),Health,Pandemic Influenza and Other Emerging Threats (PIOET),2794350.0,53387102,0.05
MMR,Burma (Myanmar),Economic Development,Trade and Investment,2224162.0,53387102,0.04
MMR,Burma (Myanmar),Economic Development,Macroeconomic Foundation for Growth,1210637.0,53387102,0.02
MMR,Burma (Myanmar),Education and Social Services,Basic Education,760974.0,53387102,0.01
MMR,Burma (Myanmar),Program Support,Monitoring and Evaluation,226728.0,53387102,0.00
MMR,Burma (Myanmar),Multi-sector,Multi-sector - Unspecified,219779.0,53387102,0.00
MMR,Burma (Myanmar),Humanitarian Assistance,Disaster Readiness,141961.0,53387102,0.00
MMR,Burma (Myanmar),Environment,Natural Resources and Biodiversity,11180.0,53387102,0.00
MNA,North Africa Region,Economic Development,Economic Opportunity,425000.0,704458802,0.00
MNA,North Africa Region,Economic Development,Labor Policies and Markets,55109.0,704458802,0.00
MNA,North Africa Region,"Democracy, Human Rights, and Governance",Civil Society,-27852.0,704458802,-0.00
MNE,Montenegro,Program Support,Direct Administrative Costs,805843.0,625053,1.29
MNE,Montenegro,"Democracy, Human Rights, and Governance",Civil Society,375000.0,625053,0.60
MNE,Montenegro,"Democracy, Human Rights, and Governance",Good Governance,193656.0,625053,0.31
MNE,Montenegro,Multi-sector,Multi-sector - Unspecified,150258.0,625053,0.24
MNE,Montenegro,Economic Development,Infrastructure,130000.0,625053,0.21
MNE,Montenegro,"Democracy, Human Rights, and Governance",Rule of Law and Human Rights,101496.0,625053,0.16
MNE,Montenegro,Education and Social Services,Education and Social Services - General,64670.0,625053,0.10
MNE,Montenegro,Health,Pandemic Influenza and Other Emerging Threats (PIOET),42595.0,625053,0.07
MNE,Montenegro,Economic Development,Trade and Investment,2000.0,625053,0.00
MNG,Mongolia,Economic Development,Trade and Investment,1721540.0,3383741,0.51
MNG,Mongolia,Program Support,Direct Administrative Costs,1118995.0,3383741,0.33
MNG,Mongolia,Health,Pandemic Influenza and Other Emerging Threats (PIOET),1009374.0,3383741,0.30
MNG,Mongolia,"Democracy, Human Rights, and Governance",Civil Society,945336.0,3383741,0.28
MNG,Mongolia,"Democracy, Human Rights, and Governance",Good Governance,694078.0,3383741,0.21
MNG,Mongolia,Humanitarian Assistance,Disaster Readiness,550606.0,3383741,0.16
MNG,Mongolia,Economic Development,Private Sector Competitiveness,-516.0,3383741,-0.00
MOZ,Mozambique,Humanitarian Assistance,"Protection, Assistance and Solutions",66711800.0,31707800,2.10
MOZ,Mozambique,Program Support,Direct Administrative Costs,20678049.0,31707800,0.65
MOZ,Mozambique,Education and Social Services,Basic Education,12582654.0,31707800,0.40
MOZ,Mozambique,Economic Development,Agriculture,10248245.0,31707800,0.32
MOZ,Mozambique,Health,Water Supply and Sanitation,10046715.0,31707800,0.32
MOZ,Mozambique,Peace and Security,Conflict Mitigation and Reconciliation,9822192.0,31707800,0.31
MOZ,Mozambique,Economic Development,Macroeconomic Foundation for Growth,4028213.0,31707800,0.13
MOZ,Mozambique,Environment,Clean Productive Environment,1938493.0,31707800,0.06
MOZ,Mozambique,Humanitarian Assistance,Disaster Readiness,1373355.0,31707800,0.04
MOZ,Mozambique,Health,Other Public Health Threats,1269724.0,31707800,0.04
MOZ,Mozambique,"Democracy, Human Rights, and Governance",Good Governance,740946.0,31707800,0.02
MOZ,Mozambique,"Democracy, Human Rights, and Governance",Civil Society,715279.0,31707800,0.02
MOZ,Mozambique,Health,HIV/AIDS,696446.0,31707800,0.02
MOZ,Mozambique,Economic Development,Private Sector Competitiveness,353555.0,31707800,0.01
MOZ,Mozambique,"Democracy, Human Rights, and Governance",Political Competition and Consensus-Building,94213.0,31707800,0.00
MOZ,Mozambique,Multi-sector,Multi-sector - Unspecified,61010.0,31707800,0.00
MOZ,Mozambique,Environment,Natural Resources and Biodiversity,5000.0,31707800,0.00
MOZ,Mozambique,Economic Development,Trade and Investment,3154.0,31707800,0.00
MRT,Mauritania,Humanitarian Assistance,"Protection, Assistance and Solutions",4248613.0,4734874,0.90
MRT,Mauritania,Program Support,Direct Administrative Costs,523218.0,4734874,0.11
MRT,Mauritania,Peace and Security,Counter-Terrorism,260033.0,4734874,0.05
MRT,Mauritania,"Democracy, Human Rights, and Governance",Rule of Law and Human Rights,200000.0,4734874,0.04
MRT,Mauritania,Education and Social Services,Social Services,140000.0,4734874,0.03
MRT,Mauritania,Multi-sector,Multi-sector - Unspecified,62500.0,4734874,0.01
MUS,Mauritius,Multi-sector,Multi-sector - Unspecified,64872.0,1266334,0.05
MUS,Mauritius,Environment,Natural Resources and Biodiversity,3750.0,1266334,0.00
MUS,Mauritius,Health,HIV/AIDS,3087.0,1266334,0.00
MUS,Mauritius,Economic Development,Agriculture,2864.0,1266334,0.00
MUS,Mauritius,Education and Social Services,Education and Social Services - General,2500.0,1266334,0.00
MWI,Malawi,Economic Development,Agriculture,20929172.0,20047258,1.04
MWI,Malawi,Humanitarian Assistance,"Protection, Assistance and Solutions",18711080.0,20047258,0.93
MWI,Malawi,Program Support,Direct Administrative Costs,15485125.0,20047258,0.77
MWI,Malawi,"Democracy, Human Rights, and Governance",Good Governance,9704019.0,20047258,0.48
MWI,Malawi,Education and Social Services,Basic Education,7436772.0,20047258,0.37
MWI,Malawi,Economic Development,Macroeconomic Foundation for Growth,4891502.0,20047258,0.24
MWI,Malawi,Health,Water Supply and Sanitation,2768115.0,20047258,0.14
MWI,Malawi,Education and Social Services,Higher Education,2499676.0,20047258,0.12
MWI,Malawi,Education and Social Services,"Policies, Regulations, and Systems",1147334.0,20047258,0.06
MWI,Malawi,"Democracy, Human Rights, and Governance",Civil Society,526188.0,20047258,0.03
MWI,Malawi,Economic Development,Private Sector Competitiveness,499832.0,20047258,0.02
MWI,Malawi,"Democracy, Human Rights, and Governance",Political Competition and Consensus-Building,458296.0,20047258,0.02
MWI,Malawi,"Democracy, Human Rights, and Governance",Rule of Law and Human Rights,363691.0,20047258,0.02
MWI,Malawi,Environment,Clean Productive Environment,235064.0,20047258,0.01
MWI,Malawi,Multi-sector,Multi-sector - Unspecified,69590.0,20047258,0.00
MWI,Malawi,Economic Development,Infrastructure,63616.0,20047258,0.00
MWI,Malawi,Health,HIV/AIDS,9720.0,20047258,0.00
MWI,Malawi,Humanitarian Assistance,Disaster Readiness,-87.0,20047258,-0.00
MWI,Malawi,Health,Maternal and Child Health,-49989.0,20047258,-0.00
MYS,Malaysia,Peace and Security,Conflict Mitigation and Reconciliation,4922637.0,34282399,0.14
MYS,Malaysia,Program Support,Direct Administrative Costs,829487.0,34282399,0.02
MYS,Malaysia,Environment,Natural Resources and Biodiversity,44075.0,34282399,0.00
NAM,Namibia,Health,HIV/AIDS,1502155.0,2810548,0.53
NAM,Namibia,Program Support,Direct Administrative Costs,1015770.0,2810548,0.36
NAM,Namibia,Health,Pandemic Influenza and Other Emerging Threats (PIOET),487992.0,2810548,0.17
NAM,Namibia,Humanitarian Assistance,"Protection, Assistance and Solutions",48845.0,2810548,0.02
NAM,Namibia,Multi-sector,Multi-sector - Unspecified,41965.0,2810548,0.01
NAM,Namibia,Environment,Natural Resources and Biodiversity,39600.0,2810548,0.01
NAM,Namibia,Environment,Environment - General,9943.0,2810548,0.00
NER,Niger,Humanitarian Assistance,"Protection, Assistance and Solutions",40192020.0,24502140,1.64
NER,Niger,Economic Development,Agriculture,37068503.0,24502140,1.51
NER,Niger,Program Support,Direct Administrative Costs,5995799.0,24502140,0.24
NER,Niger,"Democracy, Human Rights, and Governance",Good Governance,3476416.0,24502140,0.14
NER,Niger,Peace and Security,Conflict Mitigation and Reconciliation,2679255.0,24502140,0.11
NER,Niger,"Democracy, Human Rights, and Governance",Civil Society,1616126.0,24502140,0.07
NER,Niger,Education and Social Services,Basic Education,857313.0,24502140,0.03
NER,Niger,Health,Water Supply and Sanitation,369761.0,24502140,0.02
NER,Niger,Economic Development,Macroeconomic Foundation for Growth,211986.0,24502140,0.01
NER,Niger,"Democracy, Human Rights, and Governance",Political Competition and Consensus-Building,100000.0,24502140,0.00
NER,Niger,"Democracy, Human Rights, and Governance",Rule of Law and Human Rights,80443.0,24502140,0.00
NER,Niger,Humanitarian Assistance,Disaster Readiness,7206.0,24502140,0.00
NGA,Nigeria,Humanitarian Assistance,"Protection, Assistance and Solutions",297160274.0,218529286,1.36
NGA,Nigeria,Program Support,Direct Administrative Costs,26754367.0,218529286,0.12
NGA,Nigeria,Economic Development,Agriculture,23153882.0,218529286,0.11
NGA,Nigeria,Education and Social Services,Basic Education,19435666.0,218529286,0.09
NGA,Nigeria,Peace and Security,Conflict Mitigation and Reconciliation,14999170.0,218529286,0.07
NGA,Nigeria,Health,Water Supply and Sanitation,12960149.0,218529286,0.06
NGA,Nigeria,"Democracy, Human Rights, and Governance",Good Governance,6614392.0,218529286,0.03
NGA,Nigeria,"Democracy, Human Rights, and Governance",Political Competition and Consensus-Building,3901998.0,218529286,0.02
NGA,Nigeria,Economic Development,Infrastructure,2986383.0,218529286,0.01
NGA,Nigeria,"Democracy, Human Rights, and Governance",Civil Society,1910637.0,218529286,0.01
NGA,Nigeria,Humanitarian Assistance,Disaster Readiness,826070.0,218529286,0.00
NGA,Nigeria,Peace and Security,Counter-Terrorism,480767.0,218529286,0.00
NGA,Nigeria,Program Support,Monitoring and Evaluation,361078.0,218529286,0.00
NGA,Nigeria,Environment,Natural Resources and Biodiversity,324845.0,218529286,0.00
NGA,Nigeria,Economic Development,Private Sector Competitiveness,321361.0,218529286,0.00
NGA,Nigeria,"Democracy, Human Rights, and Governance",Rule of Law and Human Rights,299274.0,218529286,0.00
NGA,Nigeria,"Democracy, Human Rights, and Governance","Democracy, Human Rights, and Governance - General",155040.0,218529286,0.00
NGA,Nigeria,Multi-sector,Multi-sector - Unspecified,79529.0,218529286,0.00
NGA,Nigeria,Health,Pandemic Influenza and Other Emerging Threats (PIOET),20302.0,218529286,0.00
NIC,Nicaragua,Humanitarian Assistance,"Protection, Assistance and Solutions",7997539.0,6644741,1.20
NIC,Nicaragua,Program Support,Direct Administrative Costs,5785844.0,6644741,0.87
NIC,Nicaragua,"Democracy, Human Rights, and Governance",Civil Society,4944284.0,6644741,0.74
NIC,Nicaragua,"Democracy, Human Rights, and Governance",Good Governance,2868722.0,6644741,0.43
NIC,Nicaragua,"Democracy, Human Rights, and Governance",Political Competition and Consensus-Building,2418180.0,6644741,0.36
NIC,Nicaragua,Education and Social Services,Basic Education,931778.0,6644741,0.14
NIC,Nicaragua,Economic Development,Agriculture,686029.0,6644741,0.10
NIC,Nicaragua,Education and Social Services,Higher Education,582309.0,6644741,0.09
NIC,Nicaragua,Education and Social Services,Education and Social Services - General,370786.0,6644741,0.06
NIC,Nicaragua,Multi-sector,Multi-sector - Unspecified,279960.0,6644741,0.04
NIC,Nicaragua,Education and Social Services,"Policies, Regulations, and Systems",250391.0,6644741,0.04
NIC,Nicaragua,Program Support,Monitoring and Evaluation,204888.0,6644741,0.03
NIC,Nicaragua,Health,Other Public Health Threats,90868.0,6644741,0.01
NIC,Nicaragua,Health,Health - General,47000.0,6644741,0.01
NIC,Nicaragua,Environment,Environment - General,15385.0,6644741,0.00
NLD,Netherlands,Program Support,Direct Administrative Costs,143521.0,17533044,0.01
NPL,Nepal,Education and Social Services,Basic Education,15239256.0,29475010,0.52
NPL,Nepal,Program Support,Direct Administrative Costs,14248145.0,29475010,0.48
NPL,Nepal,Humanitarian Assistance,Disaster Readiness,10630166.0,29475010,0.36
NPL,Nepal,Economic Development,Agriculture,9905069.0,29475010,0.34
NPL,Nepal,Economic Development,Macroeconomic Foundation for Growth,9593284.0,29475010,0.33
NPL,Nepal,Health,Pandemic Influenza and Other Emerging Threats (PIOET),6614802.0,29475010,0.22
NPL,Nepal,"Democracy, Human Rights, and Governance",Rule of Law and Human Rights,5569651.0,29475010,0.19
NPL,Nepal,Humanitarian Assistance,"Protection, Assistance and Solutions",3961849.0,29475010,0.13
NPL,Nepal,Health,Maternal and Child Health,3763581.0,29475010,0.13
NPL,Nepal,"Democracy, Human Rights, and Governance",Good Governance,3514472.0,29475010,0.12
NPL,Nepal,"Democracy, Human Rights, and Governance",Political Competition and Consensus-Building,3202188.0,29475010,0.11
NPL,Nepal,"Democracy, Human Rights, and Governance",Civil Society,2490409.0,29475010,0.08
NPL,Nepal,Economic Development,Infrastructure,1819763.0,29475010,0.06
NPL,Nepal,Economic Development,Private Sector Competitiveness,1565420.0,29475010,0.05
NPL,Nepal,Health,Water Supply and Sanitation,1399589.0,29475010,0.05
NPL,Nepal,Peace and Security,Conflict Mitigation and Reconciliation,869457.0,29475010,0.03
NPL,Nepal,Health,Other Public Health Threats,342486.0,29475010,0.01
NPL,Nepal,Education and Social Services,"Policies, Regulations, and Systems",333974.0,29475010,0.01
NPL,Nepal,Environment,Clean Productive Environment,317870.0,29475010,0.01
NPL,Nepal,Peace and Security,Transnational Crime,154176.0,29475010,0.01
NPL,Nepal,Health,Family Planning and Reproductive Health,88676.0,29475010,0.00
PAK,Pakistan,Economic Development,Infrastructure,66681962.0,239477801,0.28
PAK,Pakistan,Health,Water Supply and Sanitation,30326783.0,239477801,0.13
PAK,Pakistan,Program Support,Direct Administrative Costs,27746354.0,239477801,0.12
PAK,Pakistan,Economic Development,Private Sector Competitiveness,18722680.0,239477801,0.08
PAK,Pakistan,Education and Social Services,Basic Education,16875786.0,239477801,0.07
PAK,Pakistan,Humanitarian Assistance,"Protection, Assistance and Solutions",15520489.0,239477801,0.06
PAK,Pakistan,Peace and Security,Conflict Mitigation and Reconciliation,14141909.0,239477801,0.06
PAK,Pakistan,Economic Development,Agriculture,11569820.0,239477801,0.05
PAK,Pakistan,"Democracy, Human Rights, and Governance",Good Governance,7361928.0,239477801,0.03
PAK,Pakistan,Health,Pandemic Influenza and Other Emerging Threats (PIOET),5549779.0,239477801,0.02
PAK,Pakistan,Health,Family Planning and Reproductive Health,5000727.0,239477801,0.02
PAK,Pakistan,"Democracy, Human Rights, and Governance",Civil Society,4840768.0,239477801,0.02
PAK,Pakistan,Health,Maternal and Child Health,1542751.0,239477801,0.01
PAK,Pakistan,Economic Development,Trade and Investment,1526236.0,239477801,0.01
PAK,Pakistan,"Democracy, Human Rights, and Governance",Rule of Law and Human Rights,1162380.0,239477801,0.00
PAK,Pakistan,Education and Social Services,Higher Education,974791.0,239477801,0.00
PAK,Pakistan,Economic Development,Financial Sector,793998.0,239477801,0.00
PAK,Pakistan,Education and Social Services,"Policies, Regulations, and Systems",385785.0,239477801,0.00
PAK,Pakistan,Multi-sector,Multi-sector - Unspecified,229551.0,239477801,0.00
PAK,Pakistan,Health,Other Public Health Threats,115305.0,239477801,0.00
PAK,Pakistan,Economic Development,Economic Opportunity,8844.0,239477801,0.00
PAK,Pakistan,"Democracy, Human Rights, and Governance",Political Competition and Consensus-Building,902.0,239477801,0.00
PAN,Panama,Health,Pandemic Influenza and Other Emerging Threats (PIOET),1774643.0,4345405,0.41
PAN,Panama,"Democracy, Human Rights, and Governance",Rule of Law and Human Rights,217575.0,4345405,0.05
PAN,Panama,Environment,Environment,185740.0,4345405,0.04
PAN,Panama,Economic Development,Agriculture,159335.0,4345405,0.04
PAN,Panama,"Democracy, Human Rights, and Governance",Political Competition and Consensus-Building,123731.0,4345405,0.03
PAN,Panama,"Democracy, Human Rights, and Governance",Good Governance,117764.0,4345405,0.03
PAN,Panama,Environment,Environment - General,114759.0,4345405,0.03
PAN,Panama,Multi-sector,Multi-sector - Unspecified,81076.0,4345405,0.02
PAN,Panama,Economic Development,Economic Development - General,49872.0,4345405,0.01
PAN,Panama,"Democracy, Human Rights, and Governance",Civil Society,46539.0,4345405,0.01
PAN,Panama,Humanitarian Assistance,Disaster Readiness,-9404.0,4345405,-0.00
PER,Peru,Humanitarian Assistance,"Protection, Assistance and Solutions",41186358.0,33155882,1.24
PER,Peru,Economic Development,Agriculture,22870092.0,33155882,0.69
PER,Peru,Economic Development,Macroeconomic Foundation for Growth,22622060.0,33155882,0.68
PER,Peru,Program Support,Direct Administrative Costs,14790553.0,33155882,0.45
PER,Peru,Environment,Clean Productive Environment,8888533.0,33155882,0.27
PER,Peru,"Democracy, Human Rights, and Governance",Good Governance,3596324.0,33155882,0.11
PER,Peru,Humanitarian Assistance,Disaster Readiness,2655858.0,33155882,0.08
PER,Peru,Economic Development,Private Sector Competitiveness,1450392.0,33155882,0.04
PER,Peru,Program Support,Monitoring and Evaluation,1021221.0,33155882,0.03
PER,Peru,"Democracy, Human Rights, and Governance",Rule of Law and Human Rights,983354.0,33155882,0.03
PER,Peru,Peace and Security,Conflict Mitigation and Reconciliation,310434.0,33155882,0.01
PER,Peru,Environment,Environment - General,268633.0,33155882,0.01
PER,Peru,Peace and Security,Counter-Narcotics,83166.0,33155882,0.00
PER,Peru,Multi-sector,Multi-sector - Unspecified,2564.0,33155882,0.00
PER,Peru,Education and Social Services,Basic Education,1193.0,33155882,0.00
PHL,Philippines,Program Support,Direct Administrative Costs,18335223.0,113100950,0.16
PHL,Philippines,"Democracy, Human Rights, and Governance",Good Governance,13006593.0,113100950,0.11
PHL,Philippines,Humanitarian Assistance,"Protection, Assistance and Solutions",12973131.0,113100950,0.11
PHL,Philippines,Education and Social Services,Basic Education,12838264.0,113100950,0.11
PHL,Philippines,Economic Development,Macroeconomic Foundation for Growth,12449350.0,113100950,0.11
PHL,Philippines,Economic Development,Trade and Investment,9271210.0,113100950,0.08
PHL,Philippines,Humanitarian Assistance,Disaster Readiness,6897595.0,113100950,0.06
PHL,Philippines,Health,Water Supply and Sanitation,6664008.0,113100950,0.06
PHL,Philippines,Education and Social Services,Higher Education,5015009.0,113100950,0.04
PHL,Philippines,"Democracy, Human Rights, and Governance",Civil Society,3626181.0,113100950,0.03
PHL,Philippines,Economic Development,Private Sector Competitiveness,3309251.0,113100950,0.03
PHL,Philippines,"Democracy, Human Rights, and Governance",Political Competition and Consensus-Building,3196202.0,113100950,0.03
PHL,Philippines,"Democracy, Human Rights, and Governance",Rule of Law and Human Rights,3010213.0,113100950,0.03
PHL,Philippines,Peace and Security,Counter-Terrorism,2145830.0,113100950,0.02
PHL,Philippines,Economic Development,Infrastructure,1550033.0,113100950,0.01
PHL,Philippines,Environment,Clean Productive Environment,1114769.0,113100950,0.01
PHL,Philippines,Health,Pandemic Influenza and Other Emerging Threats (PIOET),1056201.0,113100950,0.01
PHL,Philippines,Peace and Security,Conflict Mitigation and Reconciliation,756881.0,113100950,0.01
PHL,Philippines,Peace and Security,Transnational Crime,400175.0,113100950,0.00
PHL,Philippines,Health,Other Public Health Threats,147058.0,113100950,0.00
PHL,Philippines,Economic Development,Financial Sector,91174.0,113100950,0.00
PLW,Palau,Humanitarian Assistance,Disaster Readiness,217689.0,17783,12.24
PLW,Palau,Humanitarian Assistance,"Protection, Assistance and Solutions",59370.0,17783,3.34
PLW,Palau,Program Support,Direct Administrative Costs,41167.0,17783,2.31
PNG,Papua New Guinea,Economic Development,Infrastructure,2103702.0,10012896,0.21
PNG,Papua New Guinea,Humanitarian Assistance,Disaster Readiness,1467078.0,10012896,0.15
PNG,Papua New Guinea,Economic Development,Private Sector Competitiveness,753827.0,10012896,0.08
PNG,Papua New Guinea,Program Support,Direct Administrative Costs,575223.0,10012896,0.06
PNG,Papua New Guinea,Economic Development,Trade and Investment,262521.0,10012896,0.03
PNG,Papua New Guinea,"Democracy, Human Rights, and Governance",Good Governance,247019.0,10012896,0.02
PNG,Papua New Guinea,Environment,Clean Productive Environment,50000.0,10012896,0.00
PNG,Papua New Guinea,Environment,Natural Resources and Biodiversity,13128.0,10012896,0.00
PNG,Papua New Guinea,Health,Pandemic Influenza and Other Emerging Threats (PIOET),2606.0,10012896,0.00
PRY,Paraguay,Program Support,Direct Administrative Costs,2787013.0,6684182,0.42
PRY,Paraguay,"Democracy, Human Rights, and Governance",Good Governance,2535757.0,6684182,0.38
PRY,Paraguay,Education and Social Services,Higher Education,1797521.0,6684182,0.27
PRY,Paraguay,"Democracy, Human Rights, and Governance",Rule of Law and Human Rights,1209309.0,6684182,0.18
PRY,Paraguay,Humanitarian Assistance,Disaster Readiness,808958.0,6684182,0.12
PRY,Paraguay,Economic Development,Private Sector Competitiveness,616294.0,6684182,0.09
PRY,Paraguay,Economic Development,Macroeconomic Foundation for Growth,49000.0,6684182,0.01
PRY,Paraguay,Health,Pandemic Influenza and Other Emerging Threats (PIOET),579.0,6684182,0.00
PSE,West Bank and Gaza,Program Support,Direct Administrative Costs,12604066.0,4922749,2.56
PSE,West Bank and Gaza,Humanitarian Assistance,"Protection, Assistance and Solutions",7755102.0,4922749,1.58
PSE,West Bank and Gaza,Peace and Security,Conflict Mitigation and Reconciliation,4621738.0,4922749,0.94
PSE,West Bank and Gaza,Economic Development,Infrastructure,4271325.0,4922749,0.87
PSE,West Bank and Gaza,Health,Water Supply and Sanitation,416198.0,4922749,0.08
PSE,West Bank and Gaza,Economic Development,Financial Sector,83754.0,4922749,0.02
PSE,West Bank and Gaza,Education and Social Services,Higher Education,-2886.0,4922749,-0.00
PSE,West Bank and Gaza,Economic Development,Private Sector Competitiveness,-4571.0,4922749,-0.00
PSE,West Bank and Gaza,Education and Social Services,Basic Education,-10793.0,4922749,-0.00
PSE,West Bank and Gaza,Education and Social Services,"Policies, Regulations, and Systems",-691059.0,4922749,-0.14
ROU,Romania,"Democracy, Human Rights, and Governance",Good Governance,815827.0,19122059,0.04
ROU,Romania,Program Support,Direct Administrative Costs,154860.0,19122059,0.01
RWA,Rwanda,Economic Development,Agriculture,15492128.0,13355260,1.16
RWA,Rwanda,Humanitarian Assistance,"Protection, Assistance and Solutions",14666700.0,13355260,1.10
RWA,Rwanda,Education and Social Services,Basic Education,11188801.0,13355260,0.84
RWA,Rwanda,Program Support,Direct Administrative Costs,10377000.0,13355260,0.78
RWA,Rwanda,Health,Water Supply and Sanitation,2105339.0,13355260,0.16
RWA,Rwanda,"Democracy, Human Rights, and Governance",Rule of Law and Human Rights,1309321.0,13355260,0.10
RWA,Rwanda,Education and Social Services,Higher Education,979249.0,13355260,0.07
RWA,Rwanda,Economic Development,Private Sector Competitiveness,867160.0,13355260,0.06
RWA,Rwanda,Program Support,Monitoring and Evaluation,800000.0,13355260,0.06
RWA,Rwanda,Education and Social Services,"Policies, Regulations, and Systems",485755.0,13355260,0.04
RWA,Rwanda,Economic Development,Infrastructure,437500.0,13355260,0.03
RWA,Rwanda,Peace and Security,Conflict Mitigation and Reconciliation,231127.0,13355260,0.02
RWA,Rwanda,"Democracy, Human Rights, and Governance",Civil Society,129182.0,13355260,0.01
RWA,Rwanda,"Democracy, Human Rights, and Governance",Good Governance,37232.0,13355260,0.00
RWA,Rwanda,Environment,Natural Resources and Biodiversity,35475.0,13355260,0.00
RWA,Rwanda,Multi-sector,Multi-sector - Unspecified,30074.0,13355260,0.00
RWA,Rwanda,Environment,Clean Productive Environment,24878.0,13355260,0.00
RWA,Rwanda,Health,HIV/AIDS,13006.0,13355260,0.00
SAU,Saudi Arabia,Program Support,Direct Administrative Costs,1273.0,30784383,0.00
SDN,Sudan,Humanitarian Assistance,"Protection, Assistance and Solutions",252113373.0,48066924,5.25
SDN,Sudan,Economic Development,Agriculture,21232426.0,48066924,0.44
SDN,Sudan,Peace and Security,Conflict Mitigation and Reconciliation,14273889.0,48066924,0.30
SDN,Sudan,Program Support,Direct Administrative Costs,7753301.0,48066924,0.16
SDN,Sudan,"Democracy, Human Rights, and Governance","Democracy, Human Rights, and Governance - General",3537652.0,48066924,0.07
SDN,Sudan,"Democracy, Human Rights, and Governance",Civil Society,2000000.0,48066924,0.04
SDN,Sudan,Humanitarian Assistance,Disaster Readiness,1699874.0,48066924,0.04
SDN,Sudan,"Democracy, Human Rights, and Governance",Political Competition and Consensus-Building,1458790.0,48066924,0.03
SDN,Sudan,Education and Social Services,"Policies, Regulations, and Systems",1140637.0,48066924,0.02
SDN,Sudan,Health,Other Public Health Threats,618789.0,48066924,0.01
SDN,Sudan,Economic Development,Private Sector Competitiveness,413000.0,48066924,0.01
SDN,Sudan,Health,Water Supply and Sanitation,2946.0,48066924,0.00
SEN,Senegal,Education and Social Services,Basic Education,19965140.0,17220867,1.16
SEN,Senegal,Economic Development,Agriculture,19520548.0,17220867,1.13
SEN,Senegal,Program Support,Direct Administrative Costs,17803978.0,17220867,1.03
SEN,Senegal,Health,Water Supply and Sanitation,6316928.0,17220867,0.37
SEN,Senegal,Economic Development,Infrastructure,3162558.0,17220867,0.18
SEN,Senegal,"Democracy, Human Rights, and Governance",Good Governance,3058876.0,17220867,0.18
SEN,Senegal,Economic Development,Macroeconomic Foundation for Growth,2074403.0,17220867,0.12
SEN,Senegal,Economic Development,Trade and Investment,1815410.0,17220867,0.11
SEN,Senegal,Program Support,Monitoring and Evaluation,1100820.0,17220867,0.06
SEN,Senegal,Education and Social Services,Higher Education,993139.0,17220867,0.06
SEN,Senegal,Humanitarian Assistance,Disaster Readiness,856993.0,17220867,0.05
SEN,Senegal,Peace and Security,Conflict Mitigation and Reconciliation,649037.0,17220867,0.04
SEN,Senegal,"Democracy, Human Rights, and Governance",Civil Society,494598.0,17220867,0.03
SEN,Senegal,"Democracy, Human Rights, and Governance",Political Competition and Consensus-Building,455133.0,17220867,0.03
SEN,Senegal,Humanitarian Assistance,"Protection, Assistance and Solutions",392682.0,17220867,0.02
SEN,Senegal,Multi-sector,Multi-sector - Unspecified,107825.0,17220867,0.01
SEN,Senegal,Environment,Natural Resources and Biodiversity,35485.0,17220867,0.00
SEN,Senegal,Health,Pandemic Influenza and Other Emerging Threats (PIOET),1539.0,17220867,0.00
SLB,Solomon Islands,Humanitarian Assistance,Disaster Readiness,658050.0,762591,0.86
SLB,Solomon Islands,Economic Development,Macroeconomic Foundation for Growth,359790.0,762591,0.47
SLB,Solomon Islands,Program Support,Direct Administrative Costs,111685.0,762591,0.15
SLE,Sierra Leone,Humanitarian Assistance,"Protection, Assistance and Solutions",4743720.0,8094602,0.59
SLE,Sierra Leone,"Democracy, Human Rights, and Governance",Good Governance,1230195.0,8094602,0.15
SLE,Sierra Leone,Program Support,Direct Administrative Costs,1000878.0,8094602,0.12
SLE,Sierra Leone,"Democracy, Human Rights, and Governance",Political Competition and Consensus-Building,380673.0,8094602,0.05
SLE,Sierra Leone,Education and Social Services,Basic Education,250000.0,8094602,0.03
SLE,Sierra Leone,Economic Development,Agriculture,164844.0,8094602,0.02
SLE,Sierra Leone,Economic Development,Infrastructure,63573.0,8094602,0.01
SLE,Sierra Leone,Education and Social Services,"Policies, Regulations, and Systems",16040.0,8094602,0.00
SLE,Sierra Leone,Health,Maternal and Child Health,129.0,8094602,0.00
SLE,Sierra Leone,Health,Other Public Health Threats,-61.0,8094602,-0.00
SLV,El Salvador,"Democracy, Human Rights, and Governance",Good Governance,16470714.0,6255782,2.63
SLV,El Salvador,Program Support,Direct Administrative Costs,14156813.0,6255782,2.26
SLV,El Salvador,Humanitarian Assistance,"Protection, Assistance and Solutions",10412709.0,6255782,1.66
SLV,El Salvador,Economic Development,Private Sector Competitiveness,4078485.0,6255782,0.65
SLV,El Salvador,"Democracy, Human Rights, and Governance",Rule of Law and Human Rights,2498210.0,6255782,0.40
SLV,El Salvador,Education and Social Services,Basic Education,2126360.0,6255782,0.34
SLV,El Salvador,Economic Development,Trade and Investment,1889300.0,6255782,0.30
SLV,El Salvador,"Democracy, Human Rights, and Governance",Civil Society,1825365.0,6255782,0.29
SLV,El Salvador,Economic Development,Macroeconomic Foundation for Growth,1429283.0,6255782,0.23
SLV,El Salvador,Humanitarian Assistance,Disaster Readiness,1337100.0,6255782,0.21
SLV,El Salvador,Economic Development,Economic Opportunity,574142.0,6255782,0.09
SLV,El Salvador,Economic Development,Agriculture,420042.0,6255782,0.07
SLV,El Salvador,Health,Other Public Health Threats,359868.0,6255782,0.06
SLV,El Salvador,Education and Social Services,Education and Social Services - General,122548.0,6255782,0.02
SLV,El Salvador,Economic Development,Financial Sector,80203.0,6255782,0.01
SLV,El Salvador,Environment,Environment,75600.0,6255782,0.01
SLV,El Salvador,Health,Pandemic Influenza and Other Emerging Threats (PIOET),34458.0,6255782,0.01
SLV,El Salvador,Program Support,Monitoring and Evaluation,25000.0,6255782,0.00
SLV,El Salvador,"Democracy, Human Rights, and Governance",Political Competition and Consensus-Building,-14255.0,6255782,-0.00
SOM,Somalia,Humanitarian Assistance,"Protection, Assistance and Solutions",329770715.0,17271431,19.09
SOM,Somalia,Education and Social Services,Basic Education,18205671.0,17271431,1.05
SOM,Somalia,Economic Development,Agriculture,15347586.0,17271431,0.89
SOM,Somalia,Program Support,Direct Administrative Costs,12496188.0,17271431,0.72
SOM,Somalia,"Democracy, Human Rights, and Governance",Good Governance,9038154.0,17271431,0.52
SOM,Somalia,"Democracy, Human Rights, and Governance",Rule of Law and Human Rights,5442823.0,17271431,0.32
SOM,Somalia,"Democracy, Human Rights, and Governance",Civil Society,2790114.0,17271431,0.16
SOM,Somalia,"Democracy, Human Rights, and Governance",Political Competition and Consensus-Building,1923346.0,17271431,0.11
SOM,Somalia,Peace and Security,Counter-Terrorism,1387382.0,17271431,0.08
SOM,Somalia,Program Support,Monitoring and Evaluation,752448.0,17271431,0.04
SOM,Somalia,Education and Social Services,Higher Education,501909.0,17271431,0.03
SOM,Somalia,Economic Development,Infrastructure,176899.0,17271431,0.01
SOM,Somalia,Economic Development,Private Sector Competitiveness,98134.0,17271431,0.01
SOM,Somalia,Environment,Natural Resources and Biodiversity,17312.0,17271431,0.00
SOM,Somalia,Peace and Security,Conflict Mitigation and Reconciliation,3573.0,17271431,0.00
SRB,Serbia,Program Support,Direct Administrative Costs,8119520.0,6834326,1.19
SRB,Serbia,Economic Development,Private Sector Competitiveness,5395158.0,6834326,0.79
SRB,Serbia,"Democracy, Human Rights, and Governance",Good Governance,5293382.0,6834326,0.77
SRB,Serbia,"Democracy, Human Rights, and Governance",Civil Society,3202860.0,6834326,0.47
SRB,Serbia,"Democracy, Human Rights, and Governance",Rule of Law and Human Rights,2709686.0,6834326,0.40
SRB,Serbia,"Democracy, Human Rights, and Governance",Political Competition and Consensus-Building,1784161.0,6834326,0.26
SRB,Serbia,Multi-sector,Multi-sector - Unspecified,990704.0,6834326,0.14
SRB,Serbia,Health,Pandemic Influenza and Other Emerging Threats (PIOET),401064.0,6834326,0.06
SRB,Serbia,Economic Development,Infrastructure,216640.0,6834326,0.03
SRB,Serbia,Education and Social Services,Higher Education,132787.0,6834326,0.02
SRB,Serbia,Education and Social Services,"Policies, Regulations, and Systems",76446.0,6834326,0.01
SRB,Serbia,Program Support,Monitoring and Evaluation,64758.0,6834326,0.01
SRB,Serbia,Education and Social Services,Social Services,46981.0,6834326,0.01
SRB,Serbia,Education and Social Services,Basic Education,9463.0,6834326,0.00
SRB,Serbia,Economic Development,Agriculture,6520.0,6834326,0.00
SSD,South Sudan,Humanitarian Assistance,"Protection, Assistance and Solutions",463708143.0,10865780,42.68
SSD,South Sudan,Program Support,Direct Administrative Costs,44986715.0,10865780,4.14
SSD,South Sudan,Peace and Security,Conflict Mitigation and Reconciliation,11762026.0,10865780,1.08
SSD,South Sudan,Education and Social Services,Basic Education,11468599.0,10865780,1.06
SSD,South Sudan,Economic Development,Agriculture,7484452.0,10865780,0.69
SSD,South Sudan,"Democracy, Human Rights, and Governance",Civil Society,6267907.0,10865780,0.58
SSD,South Sudan,Health,Water Supply and Sanitation,5412707.0,10865780,0.50
SSD,South Sudan,Economic Development,Infrastructure,3549818.0,10865780,0.33
SSD,South Sudan,Economic Development,Macroeconomic Foundation for Growth,1936404.0,10865780,0.18
SSD,South Sudan,Health,Pandemic Influenza and Other Emerging Threats (PIOET),870979.0,10865780,0.08
SSD,South Sudan,"Democracy, Human Rights, and Governance",Good Governance,702981.0,10865780,0.06
SSD,South Sudan,Peace and Security,Stabilization Operations and Security Sector Reform,289797.0,10865780,0.03
SSD,South Sudan,Education and Social Services,Higher Education,151461.0,10865780,0.01
SSD,South Sudan,"Democracy, Human Rights, and Governance",Political Competition and Consensus-Building,117779.0,10865780,0.01
SSD,South Sudan,Humanitarian Assistance,Disaster Readiness,91015.0,10865780,0.01
SSD,South Sudan,Economic Development,Private Sector Competitiveness,16443.0,10865780,0.00
SSD,South Sudan,Environment,Environment,12500.0,10865780,0.00
STP,Sao Tome and Principe,Environment,Natural Resources and Biodiversity,31686.0,221961,0.14
SUR,Suriname,Environment,Clean Productive Environment,150000.0,617896,0.24
SVN,Slovenia,Program Support,Direct Administrative Costs,154376.0,2108079,0.07
SWZ,Eswatini,Health,HIV/AIDS,1710473.0,1206593,1.42
SWZ,Eswatini,"Democracy, Human Rights, and Governance",Political Competition and Consensus-Building,250000.0,1206593,0.21
SWZ,Eswatini,Economic Development,Economic Development - General,46747.0,1206593,0.04
SWZ,Eswatini,Multi-sector,Multi-sector - Unspecified,26994.0,1206593,0.02
SYC,Seychelles,Environment,Natural Resources and Biodiversity,2500.0,99258,0.03
SYR,Syria,Humanitarian Assistance,"Protection, Assistance and Solutions",741949104.0,21628839,34.30
SYR,Syria,Peace and Security,Conflict Mitigation and Reconciliation,25086176.0,21628839,1.16
SYR,Syria,Program Support,Direct Administrative Costs,6268530.0,21628839,0.29
SYR,Syria,Peace and Security,Stabilization Operations and Security Sector Reform,689555.0,21628839,0.03
SYR,Syria,Education and Social Services,Basic Education,339363.0,21628839,0.02
TCD,Chad,Humanitarian Assistance,"Protection, Assistance and Solutions",39934051.0,17828273,2.24
TCD,Chad,"Democracy, Human Rights, and Governance",Civil Society,2010070.0,17828273,0.11
TCD,Chad,Program Support,Direct Administrative Costs,491892.0,17828273,0.03
TCD,Chad,"Democracy, Human Rights, and Governance",Good Governance,490833.0,17828273,0.03
TCD,Chad,"Democracy, Human Rights, and Governance",Rule of Law and Human Rights,230000.0,17828273,0.01
TCD,Chad,Peace and Security,Transnational Crime,200000.0,17828273,0.01
TCD,Chad,Economic Development,Economic Development - General,144904.0,17828273,0.01
TCD,Chad,Multi-sector,Multi-sector - Unspecified,93990.0,17828273,0.01
TCD,Chad,Environment,Natural Resources and Biodiversity,12920.0,17828273,0.00
TGO,Togo,Multi-sector,Multi-sector - Unspecified,325000.0,8878379,0.04
TGO,Togo,Health,Water Supply and Sanitation,19906.0,8878379,0.00
THA,Thailand,"Democracy, Human Rights, and Governance",Rule of Law and Human Rights,4866972.0,71727332,0.07
THA,Thailand,Program Support,Direct Administrative Costs,1953615.0,71727332,0.03
THA,Thailand,Health,Pandemic Influenza and Other Emerging Threats (PIOET),1031966.0,71727332,0.01
THA,Thailand,Peace and Security,Conflict Mitigation and Reconciliation,755781.0,71727332,0.01
THA,Thailand,Humanitarian Assistance,Disaster Readiness,251790.0,71727332,0.00
THA,Thailand,"Democracy, Human Rights, and Governance",Political Competition and Consensus-Building,56819.0,71727332,0.00
THA,Thailand,Economic Development,Macroeconomic Foundation for Growth,50000.0,71727332,0.00
THA,Thailand,"Democracy, Human Rights, and Governance",Civil Society,42728.0,71727332,0.00
TJK,Tajikistan,Economic Development,Agriculture,5596647.0,9966908,0.56
TJK,Tajikistan,Education and Social Services,Basic Education,5396978.0,9966908,0.54
TJK,Tajikistan,Health,Water Supply and Sanitation,2626895.0,9966908,0.26
TJK,Tajikistan,Program Support,Direct Administrative Costs,2525596.0,9966908,0.25
TJK,Tajikistan,Economic Development,Private Sector Competitiveness,2503133.0,9966908,0.25
TJK,Tajikistan,Economic Development,Infrastructure,1669209.0,9966908,0.17
TJK,Tajikistan,"Democracy, Human Rights, and Governance",Good Governance,1352370.0,9966908,0.14
TJK,Tajikistan,Peace and Security,Stabilization Operations and Security Sector Reform,1130714.0,9966908,0.11
TJK,Tajikistan,"Democracy, Human Rights, and Governance",Civil Society,824398.0,9966908,0.08
TJK,Tajikistan,Multi-sector,Multi-sector - Unspecified,602849.0,9966908,0.06
TJK,Tajikistan,Economic Development,Financial Sector,504345.0,9966908,0.05
TJK,Tajikistan,Education and Social Services,Higher Education,354090.0,9966908,0.04
TJK,Tajikistan,Peace and Security,Transnational Crime,251267.0,9966908,0.03
TJK,Tajikistan,"Democracy, Human Rights, and Governance",Rule of Law and Human Rights,194726.0,9966908,0.02
TJK,Tajikistan,Education and Social Services,Education and Social Services - General,105947.0,9966908,0.01
TJK,Tajikistan,"Democracy, Human Rights, and Governance","Democracy, Human Rights, and Governance - General",21375.0,9966908,0.00
TJK,Tajikistan,Environment,Environment - General,17010.0,9966908,0.00
TJK,Tajikistan,Education and Social Services,Social Services,4460.0,9966908,0.00
TJK,Tajikistan,Peace and Security,Counter-Terrorism,2707.0,9966908,0.00
TJK,Tajikistan,Program Support,Monitoring and Evaluation,66.0,9966908,0.00
TKM,Turkmenistan,Economic Development,Private Sector Competitiveness,1209639.0,7092043,0.17
TKM,Turkmenistan,Education and Social Services,Higher Education,550593.0,7092043,0.08
TKM,Turkmenistan,"Democracy, Human Rights, and Governance",Good Governance,542777.0,7092043,0.08
TKM,Turkmenistan,Program Support,Direct Administrative Costs,487097.0,7092043,0.07
TKM,Turkmenistan,"Democracy, Human Rights, and Governance",Civil Society,315902.0,7092043,0.04
TKM,Turkmenistan,Economic Development,Financial Sector,260000.0,7092043,0.04
TKM,Turkmenistan,"Democracy, Human Rights, and Governance",Rule of Law and Human Rights,136824.0,7092043,0.02
TKM,Turkmenistan,Education and Social Services,Basic Education,119447.0,7092043,0.02
TKM,Turkmenistan,Multi-sector,Multi-sector - Unspecified,85547.0,7092043,0.01
TKM,Turkmenistan,Economic Development,Trade and Investment,70574.0,7092043,0.01
TKM,Turkmenistan,Education and Social Services,Education and Social Services - General,67507.0,7092043,0.01
TLS,Timor-Leste,Program Support,Direct Administrative Costs,6371961.0,1350139,4.72
TLS,Timor-Leste,"Democracy, Human Rights, and Governance",Good Governance,5842876.0,1350139,4.33
TLS,Timor-Leste,Economic Development,Private Sector Competitiveness,3455407.0,1350139,2.56
TLS,Timor-Leste,"Democracy, Human Rights, and Governance",Civil Society,1229781.0,1350139,0.91
TLS,Timor-Leste,Economic Development,Infrastructure,826436.0,1350139,0.61
TLS,Timor-Leste,Peace and Security,Conflict Mitigation and Reconciliation,563489.0,1350139,0.42
TLS,Timor-Leste,Humanitarian Assistance,Disaster Readiness,394772.0,1350139,0.29
TLS,Timor-Leste,"Democracy, Human Rights, and Governance",Political Competition and Consensus-Building,378216.0,1350139,0.28
TLS,Timor-Leste,Economic Development,Agriculture,60000.0,1350139,0.04
TLS,Timor-Leste,Multi-sector,Multi-sector - Unspecified,30000.0,1350139,0.02
TLS,Timor-Leste,"Democracy, Human Rights, and Governance",Rule of Law and Human Rights,23616.0,1350139,0.02
TON,Tonga,Humanitarian Assistance,Disaster Readiness,390424.0,105490,3.70
TON,Tonga,Humanitarian Assistance,"Protection, Assistance and Solutions",80873.0,105490,0.77
TTO,Trinidad and Tobago,Humanitarian Assistance,Disaster Readiness,386279.0,1367558,0.28
TTO,Trinidad and Tobago,Environment,Natural Resources and Biodiversity,45370.0,1367558,0.03
TTO,Trinidad and Tobago,Multi-sector,Multi-sector - Unspecified,9650.0,1367558,0.01
TUN,Tunisia,Economic Development,Private Sector Competitiveness,20684350.0,12048622,1.72
TUN,Tunisia,"Democracy, Human Rights, and Governance",Good Governance,17495524.0,12048622,1.45
TUN,Tunisia,Economic Development,Macroeconomic Foundation for Growth,14318967.0,12048622,1.19
TUN,Tunisia,"Democracy, Human Rights, and Governance",Civil Society,10649169.0,12048622,0.88
TUN,Tunisia,Health,Other Public Health Threats,8867926.0,12048622,0.74
TUN,Tunisia,Program Support,Direct Administrative Costs,4341970.0,12048622,0.36
TUN,Tunisia,"Democracy, Human Rights, and Governance",Political Competition and Consensus-Building,2467338.0,12048622,0.20
TUN,Tunisia,Multi-sector,Multi-sector - Unspecified,1586919.0,12048622,0.13
TUN,Tunisia,Economic Development,Agriculture,1292153.0,12048622,0.11
TUN,Tunisia,Economic Development,Economic Opportunity,1055330.0,12048622,0.09
TUN,Tunisia,Economic Development,Labor Policies and Markets,931600.0,12048622,0.08
TUN,Tunisia,Economic Development,Trade and Investment,900000.0,12048622,0.07
TUN,Tunisia,Economic Development,Infrastructure,590410.0,12048622,0.05
TUN,Tunisia,"Democracy, Human Rights, and Governance","Democracy, Human Rights, and Governance - General",500000.0,12048622,0.04
TUN,Tunisia,Education and Social Services,Higher Education,420614.0,12048622,0.03
TUN,Tunisia,Economic Development,Financial Sector,332724.0,12048622,0.03
TUN,Tunisia,"Democracy, Human Rights, and Governance",Rule of Law and Human Rights,330518.0,12048622,0.03
TUN,Tunisia,Peace and Security,Counter-Terrorism,267235.0,12048622,0.02
TUN,Tunisia,Health,Health - General,217593.0,12048622,0.02
TUN,Tunisia,Education and Social Services,Basic Education,141391.0,12048622,0.01
TUN,Tunisia,Peace and Security,Conflict Mitigation and Reconciliation,97001.0,12048622,0.01
TUN,Tunisia,Education and Social Services,Education and Social Services - General,88323.0,12048622,0.01
TUN,Tunisia,Economic Development,Economic Development - General,7415.0,12048622,0.00
TUN,Tunisia,Environment,Environment - General,6250.0,12048622,0.00
TUN,Tunisia,Program Support,Monitoring and Evaluation,3587.0,12048622,0.00
TUR,Turkey,Humanitarian Assistance,"Protection, Assistance and Solutions",12649628.0,84147318,0.15
TUR,Turkey,Program Support,Direct Administrative Costs,821661.0,84147318,0.01
TUR,Turkey,Environment,Clean Productive Environment,11900.0,84147318,0.00
TUR,Turkey,Economic Development,Economic Opportunity,3840.0,84147318,0.00
TZA,Tanzania,Economic Development,Agriculture,19581504.0,62830412,0.31
TZA,Tanzania,Program Support,Direct Administrative Costs,17051659.0,62830412,0.27
TZA,Tanzania,Education and Social Services,Basic Education,16557064.0,62830412,0.26
TZA,Tanzania,Humanitarian Assistance,"Protection, Assistance and Solutions",14362057.0,62830412,0.23
TZA,Tanzania,Economic Development,Macroeconomic Foundation for Growth,7778206.0,62830412,0.12
TZA,Tanzania,Health,Water Supply and Sanitation,6094244.0,62830412,0.10
TZA,Tanzania,"Democracy, Human Rights, and Governance",Civil Society,4951650.0,62830412,0.08
TZA,Tanzania,Economic Development,Infrastructure,3924771.0,62830412,0.06
TZA,Tanzania,Health,HIV/AIDS,3626741.0,62830412,0.06
TZA,Tanzania,"Democracy, Human Rights, and Governance",Political Competition and Consensus-Building,2628238.0,62830412,0.04
TZA,Tanzania,Environment,Clean Productive Environment,1400329.0,62830412,0.02
TZA,Tanzania,Program Support,Monitoring and Evaluation,764410.0,62830412,0.01
TZA,Tanzania,"Democracy, Human Rights, and Governance",Good Governance,602742.0,62830412,0.01
TZA,Tanzania,Peace and Security,Counter-Terrorism,287241.0,62830412,0.00
TZA,Tanzania,Education and Social Services,Higher Education,268163.0,62830412,0.00
TZA,Tanzania,"Democracy, Human Rights, and Governance",Rule of Law and Human Rights,136000.0,62830412,0.00
TZA,Tanzania,Peace and Security,Transnational Crime,84985.0,62830412,0.00
TZA,Tanzania,Multi-sector,Multi-sector - Unspecified,55959.0,62830412,0.00
TZA,Tanzania,Economic Development,Trade and Investment,10817.0,62830412,0.00
TZA,Tanzania,Health,Pandemic Influenza and Other Emerging Threats (PIOET),664.0,62830412,0.00
UGA,Uganda,Humanitarian Assistance,"Protection, Assistance and Solutions",94040281.0,45910930,2.05
UGA,Uganda,Economic Development,Agriculture,32521072.0,45910930,0.71
UGA,Uganda,Program Support,Direct Administrative Costs,22429996.0,45910930,0.49
UGA,Uganda,Health,Water Supply and Sanitation,11531073.0,45910930,0.25
UGA,Uganda,Education and Social Services,Basic Education,8064669.0,45910930,0.18
UGA,Uganda,Health,Malaria,6161996.0,45910930,0.13
UGA,Uganda,Economic Development,Macroeconomic Foundation for Growth,4694590.0,45910930,0.10
UGA,Uganda,"Democracy, Human Rights, and Governance",Rule of Law and Human Rights,2857434.0,45910930,0.06
UGA,Uganda,"Democracy, Human Rights, and Governance",Political Competition and Consensus-Building,1540770.0,45910930,0.03
UGA,Uganda,Environment,Clean Productive Environment,1315700.0,45910930,0.03
UGA,Uganda,Education and Social Services,Higher Education,1142864.0,45910930,0.02
UGA,Uganda,Economic Development,Infrastructure,1140250.0,45910930,0.02
UGA,Uganda,"Democracy, Human Rights, and Governance",Civil Society,1043014.0,45910930,0.02
UGA,Uganda,Peace and Security,Conflict Mitigation and Reconciliation,958177.0,45910930,0.02
UGA,Uganda,Economic Development,Private Sector Competitiveness,600000.0,45910930,0.01
UGA,Uganda,"Democracy, Human Rights, and Governance",Good Governance,497957.0,45910930,0.01
UGA,Uganda,Program Support,Monitoring and Evaluation,319533.0,45910930,0.01
UGA,Uganda,Health,Tuberculosis,245521.0,45910930,0.01
UGA,Uganda,Education and Social Services,"Policies, Regulations, and Systems",144721.0,45910930,0.00
UGA,Uganda,Health,Other Public Health Threats,129678.0,45910930,0.00
UGA,Uganda,Economic Development,Economic Opportunity,124266.0,45910930,0.00
UGA,Uganda,Peace and Security,Counter-Terrorism,120421.0,45910930,0.00
UGA,Uganda,Health,Pandemic Influenza and Other Emerging Threats (PIOET),111889.0,45910930,0.00
UGA,Uganda,Multi-sector,Multi-sector - Unspecified,60000.0,45910930,0.00
UGA,Uganda,Economic Development,Trade and Investment,29921.0,45910930,0.00
UGA,Uganda,Health,Family Planning and Reproductive Health,-2147.0,45910930,-0.00
UKR,Ukraine,"Democracy, Human Rights, and Governance",Good Governance,60651284.0,44298640,1.37
UKR,Ukraine,Economic Development,Private Sector Competitiveness,29315602.0,44298640,0.66
UKR,Ukraine,Program Support,Direct Administrative Costs,23147610.0,44298640,0.52
UKR,Ukraine,Humanitarian Assistance,"Protection, Assistance and Solutions",22453689.0,44298640,0.51
UKR,Ukraine,"Democracy, Human Rights, and Governance",Civil Society,19268417.0,44298640,0.43
UKR,Ukraine,Economic Development,Infrastructure,18799401.0,44298640,0.42
UKR,Ukraine,Peace and Security,Peace and Security - General,14310853.0,44298640,0.32
UKR,Ukraine,Multi-sector,Multi-sector - Unspecified,11780888.0,44298640,0.27
UKR,Ukraine,Economic Development,Trade and Investment,11162467.0,44298640,0.25
UKR,Ukraine,"Democracy, Human Rights, and Governance",Rule of Law and Human Rights,6311664.0,44298640,0.14
UKR,Ukraine,"Democracy, Human Rights, and Governance",Political Competition and Consensus-Building,5222034.0,44298640,0.12
UKR,Ukraine,Peace and Security,Conflict Mitigation and Reconciliation,5158120.0,44298640,0.12
UKR,Ukraine,Economic Development,Financial Sector,4954896.0,44298640,0.11
UKR,Ukraine,Economic Development,Agriculture,3150000.0,44298640,0.07
UKR,Ukraine,Program Support,Monitoring and Evaluation,1240206.0,44298640,0.03
UKR,Ukraine,Peace and Security,Stabilization Operations and Security Sector Reform,611025.0,44298640,0.01
UKR,Ukraine,Health,Maternal and Child Health,430364.0,44298640,0.01
UKR,Ukraine,Humanitarian Assistance,Disaster Readiness,300776.0,44298640,0.01
UKR,Ukraine,Education and Social Services,Higher Education,83340.0,44298640,0.00
UKR,Ukraine,Education and Social Services,Basic Education,41300.0,44298640,0.00
UKR,Ukraine,Health,Pandemic Influenza and Other Emerging Threats (PIOET),40560.0,44298640,0.00
UKR,Ukraine,Education and Social Services,"Policies, Regulations, and Systems",28959.0,44298640,0.00
UZB,Uzbekistan,Education and Social Services,Basic Education,5235660.0,34243696,0.15
UZB,Uzbekistan,"Democracy, Human Rights, and Governance",Rule of Law and Human Rights,4961863.0,34243696,0.14
UZB,Uzbekistan,Economic Development,Private Sector Competitiveness,4058265.0,34243696,0.12
UZB,Uzbekistan,Program Support,Direct Administrative Costs,2879322.0,34243696,0.08
UZB,Uzbekistan,Multi-sector,Multi-sector - Unspecified,1401744.0,34243696,0.04
UZB,Uzbekistan,Education and Social Services,Education and Social Services - General,1226839.0,34243696,0.04
UZB,Uzbekistan,"Democracy, Human Rights, and Governance",Civil Society,1003304.0,34243696,0.03
UZB,Uzbekistan,Education and Social Services,Higher Education,694418.0,34243696,0.02
UZB,Uzbekistan,Economic Development,Trade and Investment,306208.0,34243696,0.01
UZB,Uzbekistan,Peace and Security,Peace and Security - General,300000.0,34243696,0.01
UZB,Uzbekistan,Peace and Security,Transnational Crime,187601.0,34243696,0.01
UZB,Uzbekistan,Economic Development,Infrastructure,141194.0,34243696,0.00
UZB,Uzbekistan,"Democracy, Human Rights, and Governance",Good Governance,130535.0,34243696,0.00
UZB,Uzbekistan,Economic Development,Agriculture,50000.0,34243696,0.00
UZB,Uzbekistan,"Democracy, Human Rights, and Governance","Democracy, Human Rights, and Governance - General",49999.0,34243696,0.00
UZB,Uzbekistan,Health,Pandemic Influenza and Other Emerging Threats (PIOET),25979.0,34243696,0.00
UZB,Uzbekistan,Economic Development,Economic Opportunity,8800.0,34243696,0.00
VCT,St. Vincent and Grenadines,Humanitarian Assistance,"Protection, Assistance and Solutions",367895.0,102841,3.58
VEN,Venezuela,Humanitarian Assistance,"Protection, Assistance and Solutions",58265513.0,28237826,2.06
VEN,Venezuela,"Democracy, Human Rights, and Governance",Good Governance,25426250.0,28237826,0.90
VEN,Venezuela,"Democracy, Human Rights, and Governance",Rule of Law and Human Rights,4620170.0,28237826,0.16
VEN,Venezuela,Program Support,Direct Administrative Costs,2833511.0,28237826,0.10
VEN,Venezuela,"Democracy, Human Rights, and Governance",Civil Society,2629522.0,28237826,0.09
VEN,Venezuela,"Democracy, Human Rights, and Governance",Political Competition and Consensus-Building,1944165.0,28237826,0.07
VEN,Venezuela,Economic Development,Agriculture,1534123.0,28237826,0.05
VNM,Vietnam,Economic Development,Macroeconomic Foundation for Growth,21968424.0,98935098,0.22
VNM,Vietnam,Program Support,Direct Administrative Costs,13920965.0,98935098,0.14
VNM,Vietnam,Education and Social Services,"Policies, Regulations, and Systems",8387014.0,98935098,0.08
VNM,Vietnam,Economic Development,Trade and Investment,8231405.0,98935098,0.08
VNM,Vietnam,Economic Development,Infrastructure,5407967.0,98935098,0.05
VNM,Vietnam,"Democracy, Human Rights, and Governance",Good Governance,5021687.0,98935098,0.05
VNM,Vietnam,"Democracy, Human Rights, and Governance",Civil Society,4267124.0,98935098,0.04
VNM,Vietnam,Education and Social Services,Higher Education,2762352.0,98935098,0.03
VNM,Vietnam,Health,Pandemic Influenza and Other Emerging Threats (PIOET),1970608.0,98935098,0.02
VNM,Vietnam,Humanitarian Assistance,"Protection, Assistance and Solutions",1936525.0,98935098,0.02
VNM,Vietnam,"Democracy, Human Rights, and Governance",Rule of Law and Human Rights,1213071.0,98935098,0.01
VNM,Vietnam,Humanitarian Assistance,Disaster Readiness,1097588.0,98935098,0.01
VNM,Vietnam,Economic Development,Private Sector Competitiveness,547682.0,98935098,0.01
VNM,Vietnam,Environment,Natural Resources and Biodiversity,56922.0,98935098,0.00
VNM,Vietnam,Multi-sector,Multi-sector - Unspecified,1807.0,98935098,0.00
VNM,Vietnam,Environment,Clean Productive Environment,-181300.0,98935098,-0.00
VUT,Vanuatu,Humanitarian Assistance,"Protection, Assistance and Solutions",741449.0,305868,2.42
VUT,Vanuatu,Humanitarian Assistance,Disaster Readiness,122740.0,305868,0.40
WLD,World,Health,HIV/AIDS,2032268767.0,7920861888,0.26
WLD,World,Program Support,Direct Administrative Costs,1646395169.0,7920861888,0.21
WLD,World,Multi-sector,Multi-sector - Unspecified,187147063.0,7920861888,0.02
WLD,World,Economic Development,Agriculture,169693203.0,7920861888,0.02
WLD,World,Humanitarian Assistance,"Protection, Assistance and Solutions",137849009.0,7920861888,0.02
WLD,World,Education and Social Services,Basic Education,120065933.0,7920861888,0.02
WLD,World,Humanitarian Assistance,Disaster Readiness,89697004.0,7920861888,0.01
WLD,World,Economic Development,Private Sector Competitiveness,86443037.0,7920861888,0.01
WLD,World,Economic Development,Macroeconomic Foundation for Growth,32113318.0,7920861888,0.00
WLD,World,"Democracy, Human Rights, and Governance",Rule of Law and Human Rights,24989472.0,7920861888,0.00
WLD,World,Health,Water Supply and Sanitation,14386121.0,7920861888,0.00
WLD,World,Economic Development,Trade and Investment,14349935.0,7920861888,0.00
WLD,World,Education and Social Services,Higher Education,14073857.0,7920861888,0.00
WLD,World,Economic Development,Infrastructure,13598865.0,7920861888,0.00
WLD,World,Education and Social Services,"Policies, Regulations, and Systems",11873862.0,7920861888,0.00
WLD,World,"Democracy, Human Rights, and Governance",Civil Society,11379370.0,7920861888,0.00
WLD,World,"Democracy, Human Rights, and Governance",Good Governance,10150431.0,7920861888,0.00
WLD,World,Peace and Security,Conflict Mitigation and Reconciliation,8138125.0,7920861888,0.00
WLD,World,Economic Development,Financial Sector,7435980.0,7920861888,0.00
WLD,World,Peace and Security,Counter-Terrorism,7067361.0,7920861888,0.00
WLD,World,Education and Social Services,Social Assistance,4010510.0,7920861888,0.00
WLD,World,Environment,Environment - General,3115609.0,7920861888,0.00
WLD,World,Environment,Clean Productive Environment,2628671.0,7920861888,0.00
WLD,World,"Democracy, Human Rights, and Governance","Democracy, Human Rights, and Governance - General",2240041.0,7920861888,0.00
WLD,World,Economic Development,Economic Opportunity,1999203.0,7920861888,0.00
WLD,World,Peace and Security,Peace and Security - General,1887884.0,7920861888,0.00
WLD,World,Program Support,Monitoring and Evaluation,1130272.0,7920861888,0.00
WLD,World,Health,Pandemic Influenza and Other Emerging Threats (PIOET),431569.0,7920861888,0.00
WLD,World,Peace and Security,Stabilization Operations and Security Sector Reform,333333.0,7920861888,0.00
WLD,World,"Democracy, Human Rights, and Governance",Political Competition and Consensus-Building,285982.0,7920861888,0.00
WLD,World,Economic Development,Economic Development - General,284351.0,7920861888,0.00
WLD,World,Health,Maternal and Child Health,214985.0,7920861888,0.00
WLD,World,Peace and Security,Combating Weapons of Mass Destruction (WMD),25929.0,7920861888,0.00
WLD,World,Economic Development,Mining and Natural Resources,3701.0,7920861888,0.00
WLD,World,Peace and Security,Transnational Crime,-53433.0,7920861888,-0.00
WLD,World,Health,Other Public Health Threats,-461155.0,7920861888,-0.00
WSM,Samoa,Humanitarian Assistance,Disaster Readiness,43487.0,213779,0.20
XKX,Kosovo,Program Support,Direct Administrative Costs,10418430.0,1786079,5.83
XKX,Kosovo,"Democracy, Human Rights, and Governance",Good Governance,5822988.0,1786079,3.26
XKX,Kosovo,Economic Development,Private Sector Competitiveness,5390601.0,1786079,3.02
XKX,Kosovo,"Democracy, Human Rights, and Governance",Rule of Law and Human Rights,3127933.0,1786079,1.75
XKX,Kosovo,"Democracy, Human Rights, and Governance",Civil Society,2205838.0,1786079,1.24
XKX,Kosovo,Peace and Security,Conflict Mitigation and Reconciliation,709842.0,1786079,0.40
XKX,Kosovo,Multi-sector,Multi-sector - Unspecified,641065.0,1786079,0.36
XKX,Kosovo,Education and Social Services,Higher Education,628729.0,1786079,0.35
XKX,Kosovo,Health,Pandemic Influenza and Other Emerging Threats (PIOET),563132.0,1786079,0.32
XKX,Kosovo,Economic Development,Infrastructure,501736.0,1786079,0.28
XKX,Kosovo,Education and Social Services,Basic Education,406949.0,1786079,0.23
XKX,Kosovo,"Democracy, Human Rights, and Governance",Political Competition and Consensus-Building,304881.0,1786079,0.17
XKX,Kosovo,Economic Development,Financial Sector,81215.0,1786079,0.05
XKX,Kosovo,Peace and Security,Stabilization Operations and Security Sector Reform,30000.0,1786079,0.02
YEM,Yemen,Humanitarian Assistance,"Protection, Assistance and Solutions",206524980.0,37140230,5.56
YEM,Yemen,Education and Social Services,Basic Education,9717548.0,37140230,0.26
YEM,Yemen,Program Support,Direct Administrative Costs,6204432.0,37140230,0.17
YEM,Yemen,Peace and Security,Conflict Mitigation and Reconciliation,5324422.0,37140230,0.14
YEM,Yemen,Economic Development,Macroeconomic Foundation for Growth,3715805.0,37140230,0.10
YEM,Yemen,Education and Social Services,Social Assistance,3583600.0,37140230,0.10
YEM,Yemen,Health,Water Supply and Sanitation,3447030.0,37140230,0.09
YEM,Yemen,Economic Development,Agriculture,3148176.0,37140230,0.08
YEM,Yemen,Health,Nutrition,2539712.0,37140230,0.07
YEM,Yemen,"Democracy, Human Rights, and Governance",Civil Society,2526484.0,37140230,0.07
YEM,Yemen,"Democracy, Human Rights, and Governance",Good Governance,2407927.0,37140230,0.06
YEM,Yemen,Economic Development,Economic Development - General,2000000.0,37140230,0.05
YEM,Yemen,Economic Development,Economic Opportunity,1450671.0,37140230,0.04
YEM,Yemen,"Democracy, Human Rights, and Governance",Political Competition and Consensus-Building,990671.0,37140230,0.03
YEM,Yemen,Education and Social Services,Education and Social Services - General,477661.0,37140230,0.01
YEM,Yemen,Economic Development,Financial Sector,86661.0,37140230,0.00
YEM,Yemen,Humanitarian Assistance,Disaster Readiness,1249.0,37140230,0.00
YEM,Yemen,Economic Development,Infrastructure,174.0,37140230,0.00
YEM,Yemen,Economic Development,Private Sector Competitiveness,113.0,37140230,0.00
YEM,Yemen,Economic Development,Labor Policies and Markets,-5488.0,37140230,-0.00
YEM,Yemen,Multi-sector,Multi-sector - Unspecified,-500000.0,37140230,-0.01
ZAF,South Africa,Program Support,Direct Administrative Costs,23948096.0,61502603,0.39
ZAF,South Africa,Health,HIV/AIDS,6341890.0,61502603,0.10
ZAF,South Africa,Health,Pandemic Influenza and Other Emerging Threats (PIOET),5867431.0,61502603,0.10
ZAF,South Africa,Economic Development,Trade and Investment,5150276.0,61502603,0.08
ZAF,South Africa,Economic Development,Agriculture,4138258.0,61502603,0.07
ZAF,South Africa,Education and Social Services,Basic Education,3827382.0,61502603,0.06
ZAF,South Africa,"Democracy, Human Rights, and Governance",Good Governance,1947000.0,61502603,0.03
ZAF,South Africa,Education and Social Services,"Policies, Regulations, and Systems",1202239.0,61502603,0.02
ZAF,South Africa,"Democracy, Human Rights, and Governance",Civil Society,903989.0,61502603,0.01
ZAF,South Africa,Economic Development,Private Sector Competitiveness,600662.0,61502603,0.01
ZAF,South Africa,"Democracy, Human Rights, and Governance",Rule of Law and Human Rights,500000.0,61502603,0.01
ZAF,South Africa,Peace and Security,Conflict Mitigation and Reconciliation,400000.0,61502603,0.01
ZAF,South Africa,Education and Social Services,Higher Education,253303.0,61502603,0.00
ZAF,South Africa,Multi-sector,Multi-sector - Unspecified,58859.0,61502603,0.00
ZAF,South Africa,Humanitarian Assistance,"Protection, Assistance and Solutions",54710.0,61502603,0.00
ZAF,South Africa,Economic Development,Infrastructure,14442.0,61502603,0.00
ZAF,South Africa,Health,Other Public Health Threats,9900.0,61502603,0.00
ZAF,South Africa,Environment,Natural Resources and Biodiversity,5820.0,61502603,0.00
ZAF,South Africa,Environment,Clean Productive Environment,-34760.0,61502603,-0.00
ZMB,Zambia,Education and Social Services,Basic Education,12848786.0,19603607,0.66
ZMB,Zambia,Program Support,Direct Administrative Costs,11694020.0,19603607,0.60
ZMB,Zambia,Economic Development,Agriculture,5721784.0,19603607,0.29
ZMB,Zambia,Health,Water Supply and Sanitation,5300942.0,19603607,0.27
ZMB,Zambia,"Democracy, Human Rights, and Governance",Political Competition and Consensus-Building,3383942.0,19603607,0.17
ZMB,Zambia,Economic Development,Macroeconomic Foundation for Growth,2372987.0,19603607,0.12
ZMB,Zambia,Economic Development,Trade and Investment,1723216.0,19603607,0.09
ZMB,Zambia,"Democracy, Human Rights, and Governance",Good Governance,1565239.0,19603607,0.08
ZMB,Zambia,Health,HIV/AIDS,1428478.0,19603607,0.07
ZMB,Zambia,"Democracy, Human Rights, and Governance",Civil Society,1043110.0,19603607,0.05
ZMB,Zambia,Health,Pandemic Influenza and Other Emerging Threats (PIOET),930343.0,19603607,0.05
ZMB,Zambia,Economic Development,Infrastructure,632405.0,19603607,0.03
ZMB,Zambia,Environment,Clean Productive Environment,568984.0,19603607,0.03
ZMB,Zambia,Program Support,Monitoring and Evaluation,243015.0,19603607,0.01
ZMB,Zambia,Environment,Natural Resources and Biodiversity,166772.0,19603607,0.01
ZMB,Zambia,Education and Social Services,Higher Education,133530.0,19603607,0.01
ZMB,Zambia,Peace and Security,Transnational Crime,106200.0,19603607,0.01
ZMB,Zambia,Health,Other Public Health Threats,83640.0,19603607,0.00
ZMB,Zambia,"Democracy, Human Rights, and Governance",Rule of Law and Human Rights,71621.0,19603607,0.00
ZMB,Zambia,Multi-sector,Multi-sector - Unspecified,59136.0,19603607,0.00
ZMB,Zambia,Humanitarian Assistance,"Protection, Assistance and Solutions",37230.0,19603607,0.00
ZWE,Zimbabwe,Humanitarian Assistance,"Protection, Assistance and Solutions",43360645.0,15797210,2.74
ZWE,Zimbabwe,Program Support,Direct Administrative Costs,14665303.0,15797210,0.93
ZWE,Zimbabwe,"Democracy, Human Rights, and Governance",Civil Society,7934658.0,15797210,0.50
ZWE,Zimbabwe,Economic Development,Agriculture,6112953.0,15797210,0.39
ZWE,Zimbabwe,Humanitarian Assistance,Disaster Readiness,3641779.0,15797210,0.23
ZWE,Zimbabwe,"Democracy, Human Rights, and Governance",Good Governance,3227543.0,15797210,0.20
ZWE,Zimbabwe,"Democracy, Human Rights, and Governance",Political Competition and Consensus-Building,2537594.0,15797210,0.16
ZWE,Zimbabwe,"Democracy, Human Rights, and Governance",Rule of Law and Human Rights,2328296.0,15797210,0.15
ZWE,Zimbabwe,Economic Development,Macroeconomic Foundation for Growth,1147103.0,15797210,0.07
ZWE,Zimbabwe,Education and Social Services,"Policies, Regulations, and Systems",577749.0,15797210,0.04
ZWE,Zimbabwe,Health,Pandemic Influenza and Other Emerging Threats (PIOET),446443.0,15797210,0.03
ZWE,Zimbabwe,Peace and Security,Conflict Mitigation and Reconciliation,371029.0,15797210,0.02
ZWE,Zimbabwe,Program Support,Monitoring and Evaluation,316563.0,15797210,0.02
ZWE,Zimbabwe,Multi-sector,Multi-sector - Unspecified,258450.0,15797210,0.02
ZWE,Zimbabwe,Health,Other Public Health Threats,150000.0,15797210,0.01
ZWE,Zimbabwe,Economic Development,Private Sector Competitiveness,10062.0,15797210,0.00
ZWE,Zimbabwe,Economic Development,Economic Opportunity,-20175.0,15797210,-0.00
