Artist Nationality,artist_iso3,Country of Subject: ,iso3,artist_name,Author WikiLink,title,Keep,Nudity,image_url,work_url,Location Reason,Author Background,birth_date,death_date,birth_place,source,tags,More info,is_local,filepath,artwork_date,,,,,,,,,,,,,,,,,,,,,,,,,,,
,,Belgium,BEL,"Peter Paul Rubens (Flemish, 1577–1640)",,The Holy Family with Saints Elizabeth and John the Baptist,Mid,,"https://www.artic.edu/iiif/2/7c752046-744f-2f68-482b-a7fd42550f2b/full/843,/0/default.jpg","https://www.artic.edu/iiif/2/7c752046-744f-2f68-482b-a7fd42550f2b/full/843,/0/default.jpg",,,,,,chicago,,,FALSE,,,,,,,,,,,,,,,,,,,,,,,,,,,,,
Hungarian,HUN,Hungary,HUN,Pál Szinyei Merse,https://hu.wikipedia.org/wiki/Szinyei_Merse_P%C3%A1l,Mother and Children,Keep,,"https://www.artic.edu/iiif/2/5f575140-664b-74a0-ebdb-69823dfd7bab/full/843,/0/default.jpg","https://www.artic.edu/iiif/2/5f575140-664b-74a0-ebdb-69823dfd7bab/full/843,/0/default.jpg",,,,,,chicago,,,FALSE,backend/images/HUN/children_artwork/Mother_and_Children.jpg,,,,,,,,,,,,,,,,,,,,,,,,,,,,
,,Italy,ITA,"Jacopo Bassano (Italian, c. 1510-1592)",,Virgin and Child with the Young Saint John the Baptist,No,,"https://www.artic.edu/iiif/2/5c9cfee1-4287-1494-dcf6-4a967c734a44/full/843,/0/default.jpg","https://www.artic.edu/iiif/2/5c9cfee1-4287-1494-dcf6-4a967c734a44/full/843,/0/default.jpg",,,,,,chicago,,,FALSE,,,,,,,,,,,,,,,,,,,,,,,,,,,,,
,,Netherlands,NLD,"Jan Gossart (Netherlandish, c. 1478–1532)",,Virgin and Child,No,,"https://www.artic.edu/iiif/2/318b7761-6765-7273-36c6-2ebc1fb41e22/full/843,/0/default.jpg","https://www.artic.edu/iiif/2/318b7761-6765-7273-36c6-2ebc1fb41e22/full/843,/0/default.jpg",,,,,,chicago,,,FALSE,,,,,,,,,,,,,,,,,,,,,,,,,,,,,
Dutch,NLD,Netherlands,NLD,Evert Pieters,https://en.wikipedia.org/wiki/Evert_Pieters,A Family Meal,Keep,,"https://www.artic.edu/iiif/2/d5b9b3c8-66b4-d061-43ee-307cc42e1ae6/full/843,/0/default.jpg","https://www.artic.edu/iiif/2/d5b9b3c8-66b4-d061-43ee-307cc42e1ae6/full/843,/0/default.jpg",,,,,,chicago,,,FALSE,backend/images/NLD/children_artwork/A_Family_Meal.jpg,,,,,,,,,,,,,,,,,,,,,,,,,,,,
,,Netherlands,NLD,"Adriaen de Lelie (Dutch, 1755–1820)",,Mother and Two Children with Still Life,No,,"https://www.artic.edu/iiif/2/fd8ca91a-497c-6619-648c-f0f8fa116bfd/full/843,/0/default.jpg","https://www.artic.edu/iiif/2/fd8ca91a-497c-6619-648c-f0f8fa116bfd/full/843,/0/default.jpg",,,,,,chicago,,,FALSE,,,,,,,,,,,,,,,,,,,,,,,,,,,,,
Norwegian,NOR,Norway,NOR,Edvard Munch,https://en.wikipedia.org/wiki/Edvard_Munch,The Girl by the Window,Keep,,"https://www.artic.edu/iiif/2/d7df2633-3b40-f570-c906-211503a37cde/full/843,/0/default.jpg","https://www.artic.edu/iiif/2/d7df2633-3b40-f570-c906-211503a37cde/full/843,/0/default.jpg",,,,,,chicago,,,FALSE,backend/images/NOR/children_artwork/The_Girl_by_the_Window.jpg,,,,,,,,,,,,,,,,,,,,,,,,,,,,
Russian,RUS,Russia,RUS,Robert Genin,https://en.wikipedia.org/wiki/Robert_Genin,Thirst,Keep,Yes,"https://www.artic.edu/iiif/2/a0926588-779d-3440-adf6-881d15ddbf2f/full/843,/0/default.jpg","https://www.artic.edu/iiif/2/a0926588-779d-3440-adf6-881d15ddbf2f/full/843,/0/default.jpg",,,,,,chicago,,,FALSE,backend/images/RUS/children_artwork/Thirst.jpg,,,,,,,,,,,,,,,,,,,,,,,,,,,,
Spanish,ESP,Spain,ESP,Pablo Picasso,https://en.wikipedia.org/wiki/Pablo_Picasso,Mother and Child,Keep,,"https://www.artic.edu/iiif/2/64734461-887d-80b9-8489-e38cb05ac01d/full/843,/0/default.jpg","https://www.artic.edu/iiif/2/64734461-887d-80b9-8489-e38cb05ac01d/full/843,/0/default.jpg",,,,,,chicago,,,FALSE,backend/images/ESP/children_artwork/Mother_and_Child.jpg,,,,,,,,,,,,,,,,,,,,,,,,,,,,
Swiss,CHE,United Kingdom,GBR,Angelica Kauffmann,https://en.wikipedia.org/wiki/Angelica_Kauffman,Mrs. Hugh Morgan and Her Daughter,Keep,,"https://www.artic.edu/iiif/2/00df5b07-1d76-b1da-93ed-b98bb0700c3d/full/843,/0/default.jpg","https://www.artic.edu/iiif/2/00df5b07-1d76-b1da-93ed-b98bb0700c3d/full/843,/0/default.jpg",,,,,,chicago,,,FALSE,backend/images/CHE/children_artwork/Mrs_Hugh_Morgan_and_Her_Daughter.jpg,,,,,,,,,,,,,,,,,,,,,,,,,,,,
American,USA,United States,USA,Mary Cassatt,https://en.wikipedia.org/wiki/Mary_Cassatt,Young Mother Nursing Her Child,Keep,Yes,"https://www.artic.edu/iiif/2/128c88c2-26a6-3ce4-830b-8578eb878cd9/full/843,/0/default.jpg","https://www.artic.edu/iiif/2/128c88c2-26a6-3ce4-830b-8578eb878cd9/full/843,/0/default.jpg",,,,,,chicago,,,FALSE,backend/images/USA/children_artwork/Young_Mother_Nursing_Her_Child.jpg,,,,,,,,,,,,,,,,,,,,,,,,,,,,
Scottish,GBR,United Kingdom,GBR,Sir Henry Raeburn,https://en.wikipedia.org/wiki/Henry_Raeburn,Eleanor Margaret Gibson-Carmichael,Keep,,"https://www.artic.edu/iiif/2/9a93001d-887a-f34d-ecc2-83240e2ad54c/full/843,/0/default.jpg","https://www.artic.edu/iiif/2/9a93001d-887a-f34d-ecc2-83240e2ad54c/full/843,/0/default.jpg",,,,,,chicago,,,FALSE,backend/images/GBR/children_artwork/Eleanor_Margaret_Gibson-Carmichael.jpg,,,,,,,,,,,,,,,,,,,,,,,,,,,,
English,GBR,United Kingdom,GBR,Emily Mary Osborn,https://en.wikipedia.org/wiki/Emily_Mary_Osborn,Mrs. Sturgis and Children,Keep,,"https://www.artic.edu/iiif/2/b2339068-ad1b-0df8-25fb-4ded3e1fb4e1/full/843,/0/default.jpg","https://www.artic.edu/iiif/2/b2339068-ad1b-0df8-25fb-4ded3e1fb4e1/full/843,/0/default.jpg",,,,,,chicago,,,FALSE,backend/images/GBR/children_artwork/Mrs_Sturgis_and_Children.jpg,,,,,,,,,,,,,,,,,,,,,,,,,,,,
American,USA,United States,USA,Joshua Johnson,https://en.wikipedia.org/wiki/Joshua_Johnson_(painter),Elizabeth Grant Bankson Beatty (Mrs. James Beatty) and Her Daughter Susan,Keep,,"https://www.artic.edu/iiif/2/83802ee1-1682-6de0-7276-37c4ab3fa879/full/843,/0/default.jpg","https://www.artic.edu/iiif/2/83802ee1-1682-6de0-7276-37c4ab3fa879/full/843,/0/default.jpg",,,,,,chicago,,,FALSE,backend/images/USA/children_artwork/Elizabeth_Grant_Bankson_Beatty_Mrs_James_Beatty_and_Her_Daughter_Susan.jpg,,,,,,,,,,,,,,,,,,,,,,,,,,,,
American,USA,United States,USA,Lilly Martin Spencer,https://en.wikipedia.org/wiki/Lilly_Martin_Spencer,This Little Pig Went to Market,Keep,,"https://www.artic.edu/iiif/2/b05d86ee-ecc4-c28c-3df3-0c2d65b6b1cb/full/843,/0/default.jpg","https://www.artic.edu/iiif/2/b05d86ee-ecc4-c28c-3df3-0c2d65b6b1cb/full/843,/0/default.jpg",,,,,,chicago,,,FALSE,backend/images/USA/children_artwork/This_Little_Pig_Went_to_Market.jpg,,,,,,,,,,,,,,,,,,,,,,,,,,,,
American,USA,United States,USA,Charles Willson Peale,https://en.wikipedia.org/wiki/Charles_Willson_Peale,"Mrs. John Nicholson (Hannah Duncan) and John Nicholson, Jr.",Keep,,"https://www.artic.edu/iiif/2/de8b304b-8250-78cf-dfa2-5f91458b78f9/full/843,/0/default.jpg","https://www.artic.edu/iiif/2/de8b304b-8250-78cf-dfa2-5f91458b78f9/full/843,/0/default.jpg",,,,,,chicago,,,FALSE,backend/images/USA/children_artwork/Mrs_John_Nicholson_Hannah_Duncan_and_John_Nicholson_Jr.jpg,,,,,,,,,,,,,,,,,,,,,,,,,,,,
,,Albania,ALB,,,,No,,https://live.staticflickr.com/1284/4668751141_f04a09b65a_b.jpg,https://www.flickr.com/photos/library_of_congress/4668751141/in/photolist-5JL8xD-HPfb6u-5bv8GS-5AGqCT-8Gko6v-GWyE1e-8GoADw-7XoAh3-87yz4k-HSeAT8-8BF3Rc-7XkkYK-HSeWeT-k5H3Ws-gLcL8B-7ubpbo-7kuxfs-2fYYCcr-7ubpem-7VEdJz-5bqQRn-7XroYE-2rjiboP,,,,,,Flickr Commons,,,FALSE,,,,,,,,,,,,,,,,,,,,,,,,,,,,,
,,Barbados,BRB,,,,Yes,,https://live.staticflickr.com/8454/8022855372_26e8b4afe1_b.jpg,https://www.flickr.com/photos/nationalarchives/8022855372/in/photolist-ddXeoC-ddXpjB-9VxJgB-7WwDub-6Ey5XG-2jRjMbB-ddXdXx-ddXdUR-ddXpe2-DPeCPZ-ddXmFb-ddXmu5-ddXpCq-ddXdPk-ddXdkX-ddXefy-ddXedo-ddXcZw-ddXjsC-ddXbSz-czTKUq-7VyJWP-ddXjRQ-czTN3U-ddXdFc-ddXduH-czUHRL-ddXiG8-ddXdQE-czV6xJ-ddXiY7-ddXjqJ-ddXqug-ddXbUx-omDABJ-czTMn1-czTMcY-czTMwQ-czTM8j-czTMBU-ddXdrr-czTMU1-ddXemY-ddXbT5-ddXqiz-7VBUr3-ddXcFj-ddXe7T-7WsRKP-czTLd9,,,,,,Flickr Commons,,,FALSE,,,,,,,,,,,,,,,,,,,,,,,,,,,,,
,,Bolivia,BOL,,,,No,,https://live.staticflickr.com/65535/49667146222_ecd44768be_b.jpg,https://www.flickr.com/photos/sdasmarchives/49667146222/in/photolist-8xkEiX-8xoHWS-fq17xs-Gv4HcT-Aexnup-eaBtw9-4jyodF-4jCqKy-n99d76-2iEV7ch-HPeRYN-9Cznf8-HPebUW-9CCd5m-9CCgWC-9Czo3M-HPe8aw-n99ddt-Qwsrp8-Qwssxv-29XHx1N-2ed9F73-fZNq8D-2hU2nYw-fZNwxJ-fZNQK2-fZNQvz-MfNp69-7Nkrqx-2qFCTcD-2qFCTcP-6riVuj-bvrFVf-2qFCTda-6nxVyi-7Ztoky-7Ztom9-7Ztomj-c7LGbs-2qFE8bf-7XiFue-7XmUX9-7XiFux-7XmUWW-2qFE88e-2qFE8bk-2qFE8VT-2qFE8UF-2q7KqcW-2pXo7na,,,,,,Flickr Commons,,,FALSE,,,,,,,,,,,,,,,,,,,,,,,,,,,,,
,,Cameroon,CMR,,,,No,,https://live.staticflickr.com/5298/5418208061_2c79bdc932.jpg,https://www.flickr.com/photos/nationalarchives/5418208061/in/photolist-TrzCsW-22ZRVPy-fq1aEW-HHsrh9-HKSyv6-GWwYvK-9fzULB-9fQQ55-9fMLg4-9fMMm4-9fQRFs-9fMJun-9fQQBs-9fQR6L-9fQUoY-9fQQjY-9fQQpS-9fQTbh-9fQRvu-9fMJer-9fMP2e-9fMJY2-9fMNeK-9fQUeh-9fMMYx-9fMKEr-9fMNqn-9fQTFU-9fQR1m-9fQT59-9fQTXs-9fMN9a-9fMNv2-9fQUjN-9fMMCP-9fQUtj-9fQRqJ-2qriQVK,,,,,,Flickr Commons,,,FALSE,,,,,,,,,,,,,,,,,,,,,,,,,,,,,
,,Democratic Republic of the Congo,COD,,,,No,,https://live.staticflickr.com/591/32008147920_aee088289d_b.jpg,https://www.flickr.com/photos/liberas/32008147920/in/photolist-RkP97B-RmpQw2-NgAWzt-R5WmXQ-22ZRVPy-PuX2dc-XaXdFR-ZisAqE-R7BYzY-PrKSRd-Q12oDL-QLs8ej-Q12oHo-R4bqrh-Y9dYD3-QHbfvU-PrR3rA-XaCKSM-RabQk2-Y9dYBQ-Zk25dQ-Q7eYiD-R4bqDG-PrKS2s-PjV3gV-RtBmdC-NfokJ7-CgG541-PCiPLS-QHbftj-bAb9k1-RjdgtB-22nVTmJ-HHtfc1-dxqbdr-6DB7zd-HHssFS-Nqfpre-nZtBjk-nZtH72-oiGB9H-bxXqbE-ogWRCi-nZtuiB-nZsf4D-CgG55U-9dPabh-diPrR7-2qPgZhi-2qPgZJa,,,,,,Flickr Commons,,,FALSE,,,,,,,,,,,,,,,,,,,,,,,,,,,,,
,,Cuba,CUB,,,,Mid,,https://live.staticflickr.com/8675/28772421702_02bdd5d74f_b.jpg,https://www.flickr.com/photos/north-carolina-state-archives/28772421702/in/photolist-KQwbyf-K4ekgG-KQwbzh-KQwbyq-K4ekdf-ojNM4R-6axeqn-2rwrKnj-ZLHgGS-evsYaK-dpxoiL-FZkJcX-ZxjvTb-253aCTN-79umtV-ZvT3SN-a3E3iv-5PfFpo-4i9tXB-CtRp3g-2qxF6jn-26xQHWv-dqW2SC-oDmdHx-2qqMB8U-ZvT3UG-WBUALQ-zWMJzf-dQoGgy-2qqLhKr-5hepbG-czhKFs-bBph9i-ZLHgF9-ZLHgE7-a3DYT4-a3GzNU-26NW2Cb-2qqNCFJ-ZxjvTG-p6kFoB-2qqMB8y-2qqLhJK-vLj5tH-K4enys-dLsUsR-4idzqm-ZJJhno-2qqLhJp-ZxjvUo,,,,,,Flickr Commons,,,FALSE,,,,,,,,,,,,,,,,,,,,,,,,,,,,,
,,Ethiopia,ETH,,,,No,,https://live.staticflickr.com/4585/38236862156_dfe2f7be5a_z.jpg,https://www.flickr.com/photos/mennonitechurchusa-archives/38236862156/in/photolist-21fRUY5-BPnzKx-Bo9gjt-Bo9etV-BPnAi6-AZ5dfJ-BUhkuU-BLZtqA-BPnAXc-Bo597a-DcYLf7-BLZuxL-AZ8WEs-BPn3Yc-dGV6Av-dGV6DF-mdDwnm-9GE5kr-6t96e1-zH2x6X-qiDXs8-4jyAwM-71WWE3-8GH4PY-71WWAh-71SCFx-7mcSJq-71SCBx-24GuQJy-71WDxG-71WWzo-71SCC2-71SCn8-2q9zSSN-2nTnmXQ-71WDnA-G8mruH-71WD6C-71SCHx-2qFoNow-71WDqJ-2qFnyYp-71WDgN-71SCJD-71WDmm-71WDaN-71WDvS-71SCAH-71SCqz-71SCJa,,,,,,Flickr Commons,,,FALSE,,,,,,,,,,,,,,,,,,,,,,,,,,,,,
,,Grenada,GRD,,,,No,,https://live.staticflickr.com/8168/7629648734_a0e2909011_z.jpg,https://www.flickr.com/photos/nationalarchives/7629648734/in/photolist-cCcWKQ-cCcji9-cCcjuA-cCcz27-cCcjpW-m9K9fg-cCcAtC-cCciwy-cCcyVG-cCcz8C-cCcWoU-cCcyQ1-cCcWwG-cCcWQG-cCcRfs-cCcR1b-cCczSW-cCcAzo-cCcAej-cCcAob-cCcXKE-cCcAHm-cCcRaN-cCcQtd-cCcANS-cCcBNd-cCcQno-cCcBuf-cCczA7-cCcQww-cCcBDL-cCcBoE-cCcBa1-cCcB27-cCcRBW-cCcPoL-cCcQFU-cCcXAs-cCcQVw-cCcAW9-cCcBgE-cCcBVW-cCcWsU-cCcXR3-cCcYmC-cCcCzC-cCcCg3-cCcCms-cCcR5d-cCcXr5,,,,,,Flickr Commons,,,FALSE,,,,,,,,,,,,,,,,,,,,,,,,,,,,,
,,Guatemala,GTM,,,,No,,https://live.staticflickr.com/2820/8757862130_4485833f5c_z.jpg,https://www.flickr.com/photos/floridamemory/8757862130/in/photolist-ZPsZVK-ioPMzi-bqmYqG-2ozV2wb-ekNChk-2nB5HES-4i9bG6-2gd1GPF-BZEtpV-2oG5yWj-ekUkhW-fCmgj8-c8vTMS-2hauDKv-iT4ssK-cv3oZ7-6cmm3u-iT55FY-2hG849b-iT4p88-fCmgH6-e5fQqE-aSNaET-7ZD97s-66VQFc-eaMJfN-cv3oW9-9EkBeA-o7ichY-9EhGye-9EkMqC-9EhSzV-2pLbU23-2pQdB1b-2qmpYYU,,,,,,Flickr Commons,,,FALSE,,,,,,,,,,,,,,,,,,,,,,,,,,,,,
,,Guyana,GUY,,,,No,,https://live.staticflickr.com/8152/7629717094_e954a8140a_b.jpg,https://www.flickr.com/photos/nationalarchives/7629717094/in/photolist-dhZUsR-dhZTBq-cCdhZ5-cCdi5s-cCdieW-DPeCPZ-cCinQd-7x8byT-cCio6q-cCdia7-cCdimo-cChNuU-cCdivJ-cCdhPW-cCdisd-cCdiHy-cCdmP5-cCdiAs-cCdiPN-cCdj4G-cCdjdU-cCdiTG-cCdjCS-cCdiZW-cCdj8W-cCdjo7-cCdjK3-cCdkY3-cCdjyL-cCdm8h-cCdk3u-cCdjRm-cCdkfL-cCdhJh-cCdjWS-cCdk9E-cCdkjY-cCdkCQ-cCdkoW-cCdm3j-cCdksQ-cCdFxw-cCdkyC-cCibwA-cCdkSj-cCdmcN-cCdmid-cCinF9-cCdkNw-cCdmnf,,,,,,Flickr Commons,But interesting,,FALSE,,,,,,,,,,,,,,,,,,,,,,,,,,,,,
,,Haiti,HTI,,,,No,,https://live.staticflickr.com/5602/15032092144_8a834a570c_b.jpg,https://www.flickr.com/photos/smithsonian/15032092144/in/photolist-oUkphu-pP6nvq-pRg88w-4jyAwM-pRbUv8-pQXa5n-AcCS89-pRbUBk-6MoRmK-pRg7WQ-pRg7L9-pQXa9v-6Mt3Ty-7friTf-8nN5Bn-oUkpoS-rrDRz2-6Mt3Xy-pyJSjW-oUouk8-6Mt3UC-pyGjJM-dCXgqv-6MoRoT-6Mt3UN-7fnryH-6chct4-6MsZiU-6MsZiu-7friV5-6Mt3R1-7fnryZ-7fnrta-257kZTC-7fnru4-pRg7Y3-6MoRj2-6Mt3Q1-9v2vhD-6MoRpH-2qqE5Hh-oUoupM-oUouoK-6MoMHH-6MsZhY-vpFy3H-9v2vbR-6MoMHn-6Mt3P5-6MsZg7,,,,,,Flickr Commons,But interesting,,FALSE,,,,,,,,,,,,,,,,,,,,,,,,,,,,,
,,Iceland,ISL,,,,Yes,,https://live.staticflickr.com/3234/4558904682_85d271074f_b.jpg,https://www.flickr.com/photos/cornelluniversitylibrary/4558904682/in/photolist-W5VTDd-EGxAJC-7WRzwS-7WNj6X-bs8yMJ-7WRDYh-ccBuuf-7WNsyn-bvnFi1-aFa8SM-bF3ngD-8kzeDs-E2hkv6-7WN7HD-7WN5JV-E2RWMq-cLDu5C-dW8PSJ-gHGPof-duQQWq-gHH4bN-dkGCFp-7WRyvw-2oMVK4Y-7WN7ie-WFYtXQ-dW3qve-daC2as-7WRPpG-7WRN4J-7WRH5h-7WNtNn-7WNxEv-7WNwcF-7WNAjX-7WRP8d-7WNAgc-cZCr7L-7WN35k-7WRNBm-7WRNb3-7WRkGC-bA8y6q-7WRMPL-8n2s4u-7WNrVc-7WRAfA-7WNj4g-7WRKB7-7WRDJC,,,,,,Flickr Commons,,,FALSE,,,,,,,,,,,,,,,,,,,,,,,,,,,,,
,,Indonesia,IDN,,,,Yes,,https://live.staticflickr.com/1417/4600959282_48dc8d5ea0_b.jpg,https://www.flickr.com/photos/nationaalarchief/4600959282/in/photolist-81z7Ub-BamgWC-BbvMvg-AeE6FX-81pr2c-2oFPFww-AeEi3p-AxAoit-Baicfu-BcxxA8-AxzpFw-AzTQQ2-AxwQsa-Aew711-BbyuGk-81sAiw-2oFRfyv-Bcuirc-ake3oG-cHnexj-AeB9z8-B9ftqm-AxwPHz-81sAoA-B9fcSh-5uxtaB-2oFPFxJ-2hGXhZC-23oYc3t-22jmZym-Fgc6MA-2hGZq1f-AeED5t-81pr5K-2oFKRJ6-cHnepu-JsbtMR-23oYczk-2oFQURM-Fgc6NN-Jsbttz-AewGjm-78HCrV-2hH252Q-Fgc2oW-66AzTR-AxsDTH-2hH1i48-2hGYHVA-2oFKRCQ,,,,,,Flickr Commons,,,FALSE,,,,,,,,,,,,,,,,,,,,,,,,,,,,,
,,Iran,IRN,,,,Yes,,https://live.staticflickr.com/8088/8512884088_2d96a2bac1_b.jpg,https://www.flickr.com/photos/nationalarchives/8512884088/in/album-72157632872510272,,,,,,Flickr Commons,But do like,,FALSE,,,,,,,,,,,,,,,,,,,,,,,,,,,,,
,,Iraq,IRQ,,,,Yes,,https://live.staticflickr.com/7235/7304642366_4038d05358_b.jpg,https://www.flickr.com/photos/sdasmarchives/7304642366/in/photolist-c8ucFL-c8ur7f-CB2oPv-nQ8y8R-9V86Yn-9Z8pW9-nNbnNY-7jLZof-7jLZmW-c8ucKf-c8u4ih-c8uiqC-c8us7w-c8tRvA-vMUDRk-c8tSJj-c8tU1j-c8tRcC-c8uknf-c8uknm-c8ukg9-c8ukpL-c8uk79-c8ukg5-c8ujWj-c8uk7h-c8ujWh-c8tPHh-7jLZhs-uns77d-M5UoPS-upNu1a-u8da1f-tsLVsA-c8tNJh-H3oAnb-c8uizu-untuUq-tsX7Yv-c8ukeu-upZFJK-c8undo-c8u63q-c8u9V1-c8uqRd-c8upTS-c8u6dq-c8tV9N-c8u64f-c8u5JC,,,,,,Flickr Commons,But do like,,FALSE,,,,,,,,,,,,,,,,,,,,,,,,,,,,,
,,Israel,ISR,,,,Yes,,https://live.staticflickr.com/8226/8531243162_3e72a3d719_b.jpg,https://www.flickr.com/photos/nationalarchives/8531243162/in/album-72157632852167515,,,,,,Flickr Commons,But do like,,FALSE,,,,,,,,,,,,,,,,,,,,,,,,,,,,,
,,Jamaica,JAM,,,,No,,https://live.staticflickr.com/2928/34027938972_75bab853e6_b.jpg,https://www.flickr.com/photos/library_of_congress/34027938972/in/photolist-TQW5JY-AfRmv3-TQW5pj-2p9JbNQ-6WYN8U-m9XgKU-6WUN6a-6WYNNG-oGFstQ-794gcL-6WYSBs-m9UWwC-2nB5DT1-4T9B5H-6WYQVs-wgtxSi-2kZLK7T-6WUP7n-6WUUsx-6WUUgi-6WYSLJ-6WUSqX-6WYNAE-6WYNF9-6WURQg-4G4Wag-6WYQjY-6WYRSG-eDzLM8-6WYU3U-bXctfP-m9Smbh-6WYP4j-6WYNBW-6fPHfB-m9LZyW-6WYSoN-6WUUtk-6WYPbo-2mzFjSW-6WUUkH-6WYU2s-6WYTDq-6WUPrB-6WYR6b-6WYTXS-m9LCge-6MoRmK-6WUTTP-6WYTe1,,,,,,Flickr Commons,,,FALSE,,,,,,,,,,,,,,,,,,,,,,,,,,,,,
,,Jordan,JOR,,,,,,https://live.staticflickr.com/8383/8510059992_2489b0dd27_z.jpg,https://www.flickr.com/photos/nationalarchives/8510059992/in/album-72157632864035338,,,,,,Flickr Commons,,,FALSE,,,,,,,,,,,,,,,,,,,,,,,,,,,,,
,,Kenya,KEN,,,,,,https://live.staticflickr.com/3485/3948871142_ba7aed1313_z.jpg,https://www.flickr.com/photos/field_museum_library/3948871142/in/photolist-71WZPd-71SpTZ-cubwvU-71SpZF-71WqTU-9ezgjD-71SpZM-71SpX6-71SpSk-71WqWN-71WqZf-DH5f5Z-71WZPj-71WqZj-DEGwfm-23bskz4-9eAbwt-CDWfg1-71SpXT-71SpXn-71WqVq-71SpZv-71WqV1-71WqZU-DaksLN-9ezbK4-71SpWz-9eDf8Q-71Sq1e-71Sq1F-D3XYCk-bK3kFT-21ML6A7-DBqcfX-CE1weK-Dz7usb-Daio9A-Dtb3hD-9ezdGk-Dr18GE-CDZBE6-9ezhfZ-9eC1GG-9eDiV3-9eA9ze-9eCk5G-9ezeDM-9eAdJp-9eAdqB-9eDkbm,,,,,,Flickr Commons,,,FALSE,,,,,,,,,,,,,,,,,,,,,,,,,,,,,
,,Kenya,KEN,,,,,,https://live.staticflickr.com/5017/5404436779_4b03c6c3c3_b.jpg,https://www.flickr.com/photos/nationalarchives/5404436779/in/photolist-9ez9Lt-9eSJyU-9eScNY-9eF9DE-9eCaTj-9eCaui-9eCit6-9eEPQo-9eFhns-9eCbQZ-9eCcuF-9ez3QV-9eP47X-9eCiZr-9eCcaK-9eP3ST-9eFjX9-9eSQRe-9eC7J4-9eyFbk-9eCbyZ-9eNRYM-9eVHTm-9eFjoy-9eRYfu-9eCgwZ-9eFkzY-9eS84q-9eCd8e-9eNWQX-9eFmK7-9eSR9D-9eSajj-9eF9Ub-9eNXea-9eSRnB-9eFbp7-9eCh1z-9eCg18-9eVXZw-9eRWTY-9eNLT4-9eCggn-9eNLea-9eSPRX-9eSzaa-9eCiJM-9eSeFo-9eNMdg-9eCefZ,,,,,,Flickr Commons,,,FALSE,,,,,,,,,,,,,,,,,,,,,,,,,,,,,
,,Kiribati,KIR,,,,,,https://live.staticflickr.com/8485/8188736642_fdf468f0af_z.jpg,https://www.flickr.com/photos/nationalarchives/8188736642/in/album-72157632014397435,,,,,,Flickr Commons,,,FALSE,,,,,,,,,,,,,,,,,,,,,,,,,,,,,
,,Lesotho,LSO,,,,,,https://live.staticflickr.com/5253/5407972689_8727c63579_z.jpg,https://www.flickr.com/photos/nationalarchives/5407972689/in/photolist-9eW819-9eTgSr-6YUrVH-9eW8DN-9eT1rK,,,,,,Flickr Commons,,,FALSE,,,,,,,,,,,,,,,,,,,,,,,,,,,,,
,,Libya,LBY,,,,Mid,,https://live.staticflickr.com/2249/2163446486_a603b7fc2a_b.jpg,https://www.flickr.com/photos/library_of_congress/2163446486/in/photolist-2pDmqLM-AgyS5e-8B4oaH-A3NW4S-AgyPQe-hFExsz-hFDiaF-hFEafj-Adijrh-hFDh6r-2hVKkrN-4ibegu-4i8WTa-AgyRkD-4id3Hq-2ovrkE6-4icZNy-YUQ4ff-4i8WKH-9fMrCg-2ovqrj6-hFDBZf-4id49G-4icQj3-4i8JgZ-4id3V7-BbptkB-4id4hf-4i8WER-4i8XoH-4icVPm-4i8WZ6-2m1zuxY-2m1DsiY-4icPPA-4i8D1Z-4i8J8X-4i8Tzr-9fQvu1-4i8TNM-4i8PBx-4i8PLZ-9fMr1T-9fQtK1-4icQPy-4icZK1-9fMp8e-2p8ZMj1-2pnMazQ-2rjH9ia,,,,,,Flickr Commons,,,FALSE,,,,,,,,,,,,,,,,,,,,,,,,,,,,,
,,Lithuania,LTU,,,,,,https://live.staticflickr.com/8219/8401436018_55ce961a30_z.jpg,https://www.flickr.com/photos/anmm_thecommons/8401436018/in/photolist-dNiWTn-dNj1Sx-dNpye9-dNj5ei-KzEreJ-dwvDtn-tsLtXh-pbvJcL-d8KSaE-2mLyRZq-dNiSup-ejUByx-dNiUUk-oZYbXN-dNiKfB-oKvPGQ-upMart-4TePs5-hKzmQu-BYiULL-4Sa8bs-H5agCq-BmrGvQ-oZYbXh-rWdKNg-ceFvTL,,,,,,Flickr Commons,,,FALSE,,,,,,,,,,,,,,,,,,,,,,,,,,,,,
,,Luxembourg,LUX,,,,,,https://live.staticflickr.com/8200/8190447325_a2d2801f27_b.jpg,https://www.flickr.com/photos/library_of_congress/8190447325/in/photolist-7zV4Ja-9GGWP9-6j3rcH-PA31dg-77V8UH-cS7KZQ-2jgtxhR-9GGUjW-dvCmd5-dtLbD4-9GGTho-eaMHP3-2gXT7wC-2i1dRXN-21BFnTs-oYC6kJ-bNnaJz-2ciuLpr-2ciuLmv-2gXTUsb-2gXTUqc-2gXT7xQ-2gXTUqN-2gXTUpF,,,,,,Flickr Commons,,,FALSE,,,,,,,,,,,,,,,,,,,,,,,,,,,,,
,,Maldives,MDV,,,,Mid,,https://live.staticflickr.com/8299/7831781564_398946dd25_z.jpg,https://www.flickr.com/photos/nationalarchives/7831781564/in/photolist-cW4LcC-cW4LgE-cW4LnA-cW4Lu1-cW4LQL-cW4VSj-cW4VNC-cW4LBh-cW4WiY-cW4VWm-cW4UcN-cW4WbS-cW4Wz5-cW4Uoo-cW4McL-cW4W1b-cW4UhW-cW4U7E-cW4Wum-cW4W6w-cW4WpJ-cW4QD9-cW4T4W-cW4UrQ-cW4UY3-cW4U2L-cW4M8s-cW4WCo-cW4L6W-cW4TRL-cW4TXq-cW4ULf-cW4UFJ-cW4Uxu-cW4RrQ-cW4UU3-cW4LEN-cW4M2q-cW4MLh-cW4VpA-cW4Tay-cW4RnW-cW4Tiq-cW4Tfj-cW4Rzm-cW4QVm-cW4Rjs-cW4QJC-cW4UAY-cW4Rvu,,,,,,Flickr Commons,,,FALSE,,,,,,,,,,,,,,,,,,,,,,,,,,,,,
,,Malta,MLT,,,,,,https://live.staticflickr.com/8243/8507636914_3c9a923ace_b.jpg,https://www.flickr.com/photos/nationalarchives/8507636914/in/album-72157632851025375,,,,,,Flickr Commons,,,FALSE,,,,,,,,,,,,,,,,,,,,,,,,,,,,,
,,Myanmar,MMR,,,,,,https://live.staticflickr.com/4128/4838330455_f358e2c60f_z.jpg,https://www.flickr.com/photos/sdasmarchives/4838330455/in/photolist-8ny1Qc-8nBa6W-8nBa1Y-8nBaGG-8ny2ti-8nBaLs-8ny1Xp-8ny2MZ-GbFAFy-5JTZJU-8nxHmr-8nxJsT-8nxH5B-8nAR4w-8nARcy-8nxHdx-8nxH68-8nAR6S-8nAR7A-8nxJJF-bZBcJS-kEuFWc-bZB9RN-J62SdD-c3wNNC-bZBePs-bZBgPw-bZB6i1-bZBgNU-J3KZoa-bZBeS9-bZBcL7-9GH5WW-9GGY8U-2jXG7Yu-2qQ1m5p-23oYb6t-bZBgNC-2jwiGc3-bZB9T1-bZBgNJ-bZBcPu-2jHR8aM-2jHR8rd-bZB9SU-kEwPEo-bZAKVW-8mheQp-bZAKPj-8ny1vD,,,,,,Flickr Commons,,,FALSE,,,,,,,,,,,,,,,,,,,,,,,,,,,,,
,,Niger,NER,,,,Yes,,https://live.staticflickr.com/5516/9420075387_da4f94b789_z.jpg,https://www.flickr.com/photos/thenationalmuseumofdenmark/9420075387/in/photolist-nvRCJS-8ENjvG-nLircd-nNm3Dt-nLiu69-fmqmdT-nLiuo3-9gqerJ-9fMsER-9fQz85-9fA9B2-9fFet5-9fEhgG-9fFeAb-9gnbA2-9gqhXJ-9fD1Cy-9fDi49-9fMtPV-9fMv7k-9fQyf1-9fQAMm,,,,,,Flickr Commons,But like,,FALSE,,,,,,,,,,,,,,,,,,,,,,,,,,,,,
,,Nigeria,NGA,,,,Yes,,https://live.staticflickr.com/5299/5425265898_686a7323e2_b.jpg,https://www.flickr.com/photos/nationalarchives/5425265898/in/photolist-9gpUxd-22ZRVPy-9gmPZD-mdDwnm-2mHYmTd-mdDRyg-mdF6iu-8QYqxq-9hobnG-9gmQCZ-fNFuPd-dx81LD-9gpTUG-9gpUjh-9fF8E1-7hPrmL-9gnmPx-9gqvEw-9grQmw-9fMcEi-9gnv7M-9gpQrf-9gpR9Q-9gns4k-9gntxB-9gna3i-9gpQYw-9gqwkq-9gqtK7-9gmMLp-9gqv2o-9gmL1x-afJWvM-9gmM9k-9gqf4h-9gnvCt-9gpTGu-9gqyuG-9gpPk5-9gpT7S-9fF8zN-9gqz1E-9gpRzm-9gnssk-9gqyKb-9fDkfm-9gqzXU-9gnuJn-9gnx1H-9gmMnc,,,,,,Flickr Commons,But like,,FALSE,,,,,,,,,,,,,,,,,,,,,,,,,,,,,
,,North Korea,PRK,,,,Yes,,https://live.staticflickr.com/2447/4095407375_5b0ed91a65_b.jpg,https://www.flickr.com/photos/cornelluniversitylibrary/4095407375/in/photolist-7eU2VZ-7eU2dk-7eU29D-2knFPfi-2knBpmR-2jGY14U-bViXKe-7eTMmP-2hNRTj5-2knBm1Y-2knBmqf-2knFhmP-2knFKHP-2jGYPrv-2knFfbm-7eXWiw-2jGUueG-2jGUunN-2knFh63-7eTNNK-7eU3qV-2jGY3y8-2jGUuns-2knFMTR-2knBmSH-2knFfS1-ccFdqQ-2knFKWK-2knFhGy-2hH2vCE-2jGY1b2-2knBocS-2mKuN1e-7eXKu7-7eXUQs-2cbg8Ap-2knFeTc-7eXH2q-QKaWed-2knFhnL-2jGYPkt-2jGY3r4-2knBmhK-2knFfzh-2jGYRKZ-2knFeSW-2jGYRkk-2jGUu5Z-2knFL2E-2m8B15s,,,,,,Flickr Commons,But like,,FALSE,,,,,,,,,,,,,,,,,,,,,,,,,,,,,
,,Papua New Guinea,PNG,,,,,,https://live.staticflickr.com/2127/5804644278_f2bd4f6653_b.jpg,https://www.flickr.com/photos/navymedicine/5804644278/in/photolist-9QWjvL-9QTuFx-9QWjGb-9QRQ7r-9PZEjR-9PZE24-2pmD19F-9QTute-9QWjBG-9QWkP3-9QWjK5-2hyW9k6-9QTtax-9Q3vHd-9QWjMu-9QWjrf-9QTtqa-9QTsJ2-9QUFNj-9QTuq6-9QWjoN-9QTsCv-9QTvi6-2hvaj36-9QWkdb-9QTtUp-9QTvkv-9QWk7W-9PZEpt-9QWk4q-9QWjR3-2hv9hiv-9QRQhF-2hv6xZd-9QWjDC-9QTtcR-9QUFJo-2hvaj1n-9QTuAn-9QWmpu-9QTuJF-9QTuRe-9PZEs8-9QWmhG-9Q3w8Q-9QRPMx-9QWn2G-9QUG1h-2qigNjX-2prMrbf,,,,,,Flickr Commons,,,FALSE,,,,,,,,,,,,,,,,,,,,,,,,,,,,,
,,Peru,PER,,,,,,https://live.staticflickr.com/5270/5665300952_33cbe642d1_b.jpg,https://www.flickr.com/photos/smithsonian/5665300952/in/photolist-9CC9AC-9CCd5m-7ZAq8V-7ZDAMJ-2jGyc5X-oKoYeA-eaBtw9-7ZDAwQ-7ZDAJy-4S5WUF-7Nksb6-yVuZQZ-7ZDAHy-2hU2nWY-7Npqu9-7ZAqrx-7ZAqaH-7Nksat-ieW8WT-7ZDAEU-2hVNWc3-7ZAqa4-7ZAq8r-7ZAq9P-5ERUCt-2qEj1cZ-7Nks7z-7NkqXv-7NkraK-8cyNYd-7ZDAAb-7ZAqnX-7ZDAFA-2ddKpaF-24yuzyG-dV8Fj1-7Npokq-7NkqWx-7Nkrui-7ZAqfZ-4Trgwy-7Nks7g-7Nkrfv-2hU4SfR-7ZDAK5-7ZAqmv-7ZDAJb-7ZDAwo-2hJmf3Y-7ZDAyd,,,,,,Flickr Commons,,,FALSE,,,,,,,,,,,,,,,,,,,,,,,,,,,,,
,,Serbia,SRB,,,,,,https://live.staticflickr.com/3906/14860111935_06233310f3_b.jpg,https://www.flickr.com/photos/library_of_congress/14860111935/in/photolist-5JL8zx-LoH5kQ-25fZkzN-nPWjnr-2q12Q1T-nvEeR7-wfaEbQ-oD8Xyt-297UuLe-Sh4PCY-hav3Cb-2q146AA-2pDjMWV-SYCyQw-brtns4-Sh4PmL-4ibkrL-aiBnyC-aUL4un-gaFsa6-brtnwx-5bv8TG-e49MMz-gaF3ch-7jVLiX-51YJHw-5bqQhp-2rvBt1x-gaF1FS-2rvH7Hh-ecxe8U-ceFw1E-c9jw7m-2onaLL7-4KneGU-2oHjwE3-gaETRm-2rvHxLv-4XmNZf-2oemf7z-brtiEK-brtiJX-brtiup-brtj4z-5Dj7dB-c9jAAA-dtRJAy-8j75Yd-9KdTsZ-cJeQV1/,,,,,,Flickr Commons,,,FALSE,,,,,,,,,,,,,,,,,,,,,,,,,,,,,
,,Seychelles,SYC,,,,,,https://live.staticflickr.com/8235/8517451119_ba569026c8_b.jpg,https://www.flickr.com/photos/nationalarchives/8517451119/in/album-72157632884191293,,,,,,Flickr Commons,,,FALSE,,,,,,,,,,,,,,,,,,,,,,,,,,,,,
,,Sierra Leone,SLE,,,,,,https://live.staticflickr.com/5134/5418345041_3ebec95596_z.jpg,https://www.flickr.com/photos/nationalarchives/5418345041/in/photolist-9fNrd6-9gnzft-9eB8nG-9gqEvQ-9fFckW-9fFe5Y-9gqD59-9fFdZG-9fC2yt-9gqDdy-9fFdGU-9fC68H-9fC5P8-9fC62c-9fFdpE-9fNrUi-9fC5H8-9fC4NF-9fFj91-9gnF3c-9fFcem-9gnFc2-9gqJNG-9fFcyA-9gnB2T-9fC1FZ-9gqJvq-9fFbnA-9gnGJF-9gqFcL-9fFaF7-9fFaYJ-9fF9JE-9fC33X-9gnDx6-9fFaLL-9fC1ZH-9gnzMc-9fC1nH-9fF9ZC-9gnCWi-9gqE4A-9gqMH1-9gnC44-9gqM4G-9gnFNc-9fFa6h-9gqKmE-9gqL1m-9gqKuw,,,,,,Flickr Commons,,,FALSE,,,,,,,,,,,,,,,,,,,,,,,,,,,,,
,,Singapore,SGP,,,,Mid,,https://live.staticflickr.com/7623/27303621921_5162571204_b.jpg,https://www.flickr.com/photos/anmm_thecommons/27303621921/in/photolist-HAJcy6-HDYB5y-DLEf5j-HGXoRZ-GMmCD4-GMmvXP-GMmwwK-GMgKxW-GMgygY-HyjFPq-GMgy8S-HAJeiP-HAJb54-HhAzgY-HGXsjv-GMmBTM-GMgBqo-GMmuhz-yCqJ2e-HGXjRz-GMmvox-HAJeGe-GMgCSG-GMgHyW-HhAEoS-HAJai4-GMgzFG-HhAC8j-HAJd6P-GMmxaD-HGXkH4-HAJdG8-HGXkce-GMmzH4-GMgCpY-6o9GhQ-GMgyU1-HyjHd7-GMmBeR-GMgBUj-HGXi84-2j38Whp-GMmBsX-yCjUjS-HGXnmz-mdG9Qi-7KZyz2-HyjMhj-23oY97i-HyjKTh,,,,,,Flickr Commons,,,FALSE,,,,,,,,,,,,,,,,,,,,,,,,,,,,,
,,Slovakia,SVK,,,,,,https://live.staticflickr.com/3207/3110163692_841f8b1cd5_z.jpg,https://www.flickr.com/photos/nypl/3110163692/in/photolist-2iWnSqv-5JQpiW-65C679-b5ZTRr-9oAqy3-2jGyaX1-2jGBDCi-2jGyaUa-ywQ3VF-2jGCtQB-2jGyaYZ-2jGCtRy,,,,,,Flickr Commons,,,FALSE,,,,,,,,,,,,,,,,,,,,,,,,,,,,,
,,Slovenia,SVN,,,,Mid,,https://live.staticflickr.com/8047/29136674902_9fa928fb30_b.jpg,https://www.flickr.com/photos/library_of_congress/29136674902/in/photolist-LoH5kQ-8m9rEL-dD3Dco-2q7EJ2E,,,,,,Flickr Commons,,,FALSE,,,,,,,,,,,,,,,,,,,,,,,,,,,,,
,,Somalia,SOM,,,,,,https://live.staticflickr.com/65535/54151401556_78030b1d2f_b.jpg,https://www.flickr.com/photos/navymedicine/54151401556/in/photolist-71SU9p-71WVfW-71TwNH-71WV3d-71WV2h-71TwRM-71SUn4-c6XBuq-71WV9L-71TwPn-71WV2G-71SUhP-71SUin-71SUmT-71TwQB-71SUoc-71WVcL-71WV95-71SUnz-71SUbX-71SUoH-9hobnL-71SUgM-71SUkx-71SUnR-71WV8C-71WVb9-9fMheK-dXHnBR-71SUgH-2ovssSm-9fQpeQ-9fQoXJ-9fQobU-9fMhXZ-9fQotC-oiGB9H-o8GqUK-2qvb5TZ-2qMoMgu-2qvb61T-2qvb65q-2qvb63r-2qvds4e-2qvb5T3-2qvb5Zv-2qvb5Xr-2qMWDhD-2q7LFyH-2qqE589,,,,,,Flickr Commons,,,FALSE,,,,,,,,,,,,,,,,,,,,,,,,,,,,,
,,Sri Lanka,LKA,,,,,,https://live.staticflickr.com/8456/7949985386_0a07159c55_z.jpg,https://www.flickr.com/photos/nationalarchives/7949985386/in/album-72157631450705264,,,,,,Flickr Commons,,,FALSE,,,,,,,,,,,,,,,,,,,,,,,,,,,,,
,,Sri Lanka,LKA,,,,Mid,,https://live.staticflickr.com/8321/7950020880_b818df486b_b.jpg,https://www.flickr.com/photos/nationalarchives/7950020880/in/album-72157631450705264,,,,,,Flickr Commons,,,FALSE,,,,,,,,,,,,,,,,,,,,,,,,,,,,,
,,Sudan,SDN,,,,,,https://live.staticflickr.com/3110/3110810598_948f04affa_z.jpg,https://www.flickr.com/photos/nypl/3110810598/in/photolist-5JTHBu-7MSERF-7MSGpt-7MWyyU-7MWwSW-n99aaK-7MSERX-9UuHuD-7MWyyN-7MWwSJ-T1iK4K-7MWyyJ-7MWwSQ-7MWyyC-9wD4TE-2ovrkE6-nkJ5Ud-9fMiBP-4AMbDB-dzaQoa-7DhL6L-9fAvEv-9fMiHF-9fQxaA-9fMoBT-9fQsz5-2mhLrBa-2mhRArF-9fQqDJ-nQFjM5-dSDKFP-9fMsec-8H8RTC-bUeo4v-9fMnH8-bUeeoD-9fQvu1-9fMr1T-9fQtK1-6YYt87-71SCp6-9fMnyg-9fQt4W-9fQxDL-9fMqyi-9fQrqN-9fMkra-9fQqxy-64CdTg-64CjbH,,,,,,Flickr Commons,,,FALSE,,,,,,,,,,,,,,,,,,,,,,,,,,,,,
,,Suriname,SUR,,,,,,https://live.staticflickr.com/8354/8384052234_b2d5d5d831_b.jpg,https://www.flickr.com/photos/nationaalarchief/8384052234/in/photolist-69MAA6-jrbktQ-azPF9C-dLLUk6-cCicTC-dLLUhK-dLLUqT-dLSsCJ-eanT7a,,,,,,Flickr Commons,,,FALSE,,,,,,,,,,,,,,,,,,,,,,,,,,,,,
,,Tunisia,TUN,,,,,,https://live.staticflickr.com/8462/8068532541_1dc58a99de_b.jpg,https://www.flickr.com/photos/sdasmarchives/8068532541/in/photolist-nBZu45-9wD4T7-hFDeje-hFEuP8-rhd7pN-hFEupk-hFE6jU-hFDgs2-hFEtUH-hFEsCz-hFDdUM-hFEs8g-hFE59N-hFDg2n-hFE2W1-hFE2n5-hFD9XD-hFDgzr-hFE5tA-hFE2PN-hFD8Xx-hFDwJ5-hFEoAg-hFE8f7-hFEu88-hFDuh1-hFD7KH-hFDvgq-2bCiGPq-hFEq8z-2bkAXVr-2bCfycm-2cDT8Fs-QAxgfC-QAxfsf-2cDTd4A-2bCfArw-2cJjPbV-QAAFE3-amTgnb-hFErik-hFE3XE-dhZkC2-LmK57n-GiwEzZ-Fofmh4-hFDZAj-LSdxtf-2ka4mRe-2q7EJ5A,,,,,,Flickr Commons,,,FALSE,,,,,,,,,,,,,,,,,,,,,,,,,,,,,
,,Uzbekistan,UZB,,,,,,https://live.staticflickr.com/2862/9631439840_88c9875e4c_b.jpg,https://www.flickr.com/photos/library_of_congress/9631439840/in/photolist-fF6EiQ-fF6DvA-fEP4Zv-fEP1Gr-fEP5gr-fEP584-22MP7Qh-7Xnip5-shRYCt-7Xkmcx-pS2jBL-7Xnikf-7XnioL-7Xj4ZH-7Xj51R-fF6Efb-7XoPj5-7Xngyf-hKyxaF-AxGaAj,,,,,,Flickr Commons,,,FALSE,,,,,,,,,,,,,,,,,,,,,,,,,,,,,
,,Yemen,YEM,,,,,,https://live.staticflickr.com/8366/8506760811_5e29690239_b.jpg,https://www.flickr.com/photos/nationalarchives/8506760811/in/album-72157632856847874,,,,,,Flickr Commons,,,FALSE,,,,,,,,,,,,,,,,,,,,,,,,,,,,,
Chinese,CHN,China,CHN,Formerly attributed to Zhou Wenju,https://en.wikipedia.org/wiki/Zhou_Wenju,Children playing in a garden 明 庭院嬰戯圖 冊頁,Keep,,https://ids.si.edu/ids/deliveryService?id=FS-7112_07,https://ids.si.edu/ids/deliveryService?id=FS-7112_07,,,,,,smithsonian,,,FALSE,backend/images/CHN/children_artwork/Children_playing_in_a_garden_明_庭院嬰戯圖_冊頁.jpg,,,,,,,,,,,,,,,,,,,,,,,,,,,,
American,USA,France,FRA,Max Bohm,https://en.wikipedia.org/wiki/Max_Bohm,Springtime in France,Keep,,https://ids.si.edu/ids/deliveryService?id=SAAM-1929.6.7_2,https://ids.si.edu/ids/deliveryService?id=SAAM-1929.6.7_2,,,,,,smithsonian,,,FALSE,backend/images/USA/children_artwork/Springtime_in_France.jpg,,,,,,,,,,,,,,,,,,,,,,,,,,,,
Iranian,IRN,India,IND,Probably by Farrukh Beg,https://en.wikipedia.org/wiki/Farrukh_Beg,A Christian subject: The Madonna and Child,Keep,,https://ids.si.edu/ids/deliveryService?id=FS-6985_01,https://ids.si.edu/ids/deliveryService?id=FS-6985_01,,,,,,smithsonian,,,FALSE,backend/images/IRN/children_artwork/A_Christian_subject_The_Madonna_and_Child.jpg,,,,,,,,,,,,,,,,,,,,,,,,,,,,
India,IND,India,IND,Unknown,,"Vilaval Ragini, from a Ragamala",Keep,,https://ids.si.edu/ids/deliveryService?id=FS-S2018.1.2_001crop,https://ids.si.edu/ids/deliveryService?id=FS-S2018.1.2_001crop,,,,,,smithsonian,,,FALSE,backend/images/IND/children_artwork/Vilaval_Ragini_from_a_Ragamala.jpg,,,,,,,,,,,,,,,,,,,,,,,,,,,,
,,Italy,ITA,"J. Alden Weir, born West Point, NY 1852-died New York City 1919",,At the Water Trough,No,,https://ids.si.edu/ids/deliveryService?id=SAAM-1978.125_1,https://ids.si.edu/ids/deliveryService?id=SAAM-1978.125_1,,,,,,smithsonian,,,FALSE,,,,,,,,,,,,,,,,,,,,,,,,,,,,,
Japanese,JPN,Japan,JPN,Katsukawa Shunsho,https://en.wikipedia.org/wiki/Katsukawa_Shunsh%C5%8D,"Woman, a baby and a young girl",Keep,,https://ids.si.edu/ids/deliveryService?id=FS-5893_08,https://ids.si.edu/ids/deliveryService?id=FS-5893_08,,,,,,smithsonian,,,FALSE,backend/images/JPN/children_artwork/Woman_a_baby_and_a_young_girl.jpg,,,,,,,,,,,,,,,,,,,,,,,,,,,,
Anglo-American,GBR,United Kingdom,GBR,James Jebusa Shannon,https://en.wikipedia.org/wiki/James_Jebusa_Shannon,On the Dunes (Lady Shannon and Kitty),Keep,,https://ids.si.edu/ids/deliveryService?id=SAAM-1929.6.110_1,https://ids.si.edu/ids/deliveryService?id=SAAM-1929.6.110_1,,,,,,smithsonian,,,FALSE,backend/images/GBR/children_artwork/On_the_Dunes_Lady_Shannon_and_Kitty.jpg,,,,,,,,,,,,,,,,,,,,,,,,,,,,
American,USA,United States,USA,Charles Bird King,https://en.wikipedia.org/wiki/Charles_Bird_King,Sarah Weston Seaton with her Children Augustine and Julia,Keep,,https://ids.si.edu/ids/deliveryService?id=NPG-S_NPG_2011_147-000001,https://ids.si.edu/ids/deliveryService?id=NPG-S_NPG_2011_147-000001,,,,,,smithsonian,,,FALSE,backend/images/USA/children_artwork/Sarah_Weston_Seaton_with_her_Children_Augustine_and_Julia.jpg,,,,,,,,,,,,,,,,,,,,,,,,,,,,
American,USA,United States,USA,Arthur Durston,https://en.wikipedia.org/wiki/Arthur_Durston,Industry,Keep,,https://ids.si.edu/ids/deliveryService?id=SAAM-1964.1.92_1,https://ids.si.edu/ids/deliveryService?id=SAAM-1964.1.92_1,,,,,,smithsonian,,,FALSE,backend/images/USA/children_artwork/Industry.jpg,,,,,,,,,,,,,,,,,,,,,,,,,,,,
American,USA,United States,USA,Carl Moon,https://en.wikipedia.org/wiki/Carl_Moon,Hopi Mother and Child,Keep,,https://ids.si.edu/ids/deliveryService?id=SAAM-1985.66.383325_2,https://ids.si.edu/ids/deliveryService?id=SAAM-1985.66.383325_2,,,,,,smithsonian,,,FALSE,backend/images/USA/children_artwork/Hopi_Mother_and_Child.jpg,,,,,,,,,,,,,,,,,,,,,,,,,,,,
,,Algeria,DZA,Théodore Chassériau (1819–1856,,,No,,https://upload.wikimedia.org/wikipedia/commons/d/d2/Th%C3%A9odore_Chass%C3%A9riau_-_Woman_and_Little_Girl_of_Constantine_with_a_Gazelle_-_74.265_-_Museum_of_Fine_Arts.jpg,https://commons.wikimedia.org/wiki/File:Th%C3%A9odore_Chass%C3%A9riau_-_Woman_and_Little_Girl_of_Constantine_with_a_Gazelle_-_74.265_-_Museum_of_Fine_Arts.jpg,Firebug traveked ti /akgerua,https://en.wikipedia.org/wiki/Th%C3%A9odore_Chass%C3%A9riau,,,,Wiki Commons,,,FALSE,,,,,,,,,,,,,,,,,,,,,,,,,,,,,
Australian,AUS,Australia,AUS,Jane Sutherland,https://en.wikipedia.org/wiki/Jane_Sutherland,Little Gossips,Keep,,https://upload.wikimedia.org/wikipedia/commons/8/86/Jane_Sutherland_-_Little_Gossips%2C_1888.jpg,https://upload.wikimedia.org/wikipedia/commons/8/86/Jane_Sutherland_-_Little_Gossips%2C_1888.jpg,Australian artist,https://en.wikipedia.org/wiki/Jane_Sutherland,,,,Wiki Commons,,,FALSE,backend/images/AUS/children_artwork/Little_Gossips.jpg,,,,,,,,,,,,,,,,,,,,,,,,,,,,
,,Austria,AUT,Master of Heiligenkreuz Abbey,,Virgin with Child,Mid,,https://upload.wikimedia.org/wikipedia/commons/6/64/Meister_von_Heiligenkreuz%2C_Kunsthistorisches_Museum_Wien%2C_Kunstkammer_Wien_-_Verm%C3%A4hlung_der_Hl._Katharina%2C_R%C3%BCckseite%2C_Madonna_und_Kind_-_GG_6523_-_Kunsthistorisches_Museum.jpg,https://commons.wikimedia.org/wiki/Special:FilePath/Meister%20von%20Heiligenkreuz%2C%20Kunsthistorisches%20Museum%20Wien%2C%20Kunstkammer%20Wien%20-%20Verm%C3%A4hlung%20der%20Hl.%20Katharina%2C%20R%C3%BCckseite%2C%20Madonna%20und%20Kind%20-%20GG%206523%20-%20Kunsthistorisches%20Museum.jpg,,,1301-01-01,1430-01-01,,Wiki Commons,,,FALSE,,,,,,,,,,,,,,,,,,,,,,,,,,,,,
New Zealanders,NZL,Belgium,BEL,Frances Hodgkins,https://en.wikipedia.org/wiki/Frances_Hodgkins,Belgian Mother and Child,Keep,,https://upload.wikimedia.org/wikipedia/commons/0/09/Frances_Hodgkins_-_Belgian_Mother_and_Child_-_Sarjeant_Gallery.jpg,https://commons.wikimedia.org/wiki/File:Frances_Hodgkins_-_Belgian_Mother_and_Child_-_Sarjeant_Gallery.jpg,"Grew up in New Zealand and moved back, but lived in Europe",https://en.wikipedia.org/wiki/Frances_Hodgkins,,,,Wiki Commons,,,FALSE,backend/images/NZL/children_artwork/Belgian_Mother_and_Child.jpg,,,,,,,,,,,,,,,,,,,,,,,,,,,,
Dutch,NLD,Netherlands,NLD,Jakob Smits,https://en.wikipedia.org/wiki/Jakob_Smits,Mater Amabilis,Keep,,https://upload.wikimedia.org/wikipedia/commons/2/25/0020_Mater_Amabilis_1895.jpg,https://en.wikipedia.org/wiki/Jakob_Smits#/media/File:0033_De_zomer_1894.jpg,,,1855-07-09,1928-02-15,Rotterdam,Wiki Commons,,,FALSE,backend/images/NDR/children_artwork/Mater_Amabilis.jpg,,,,,,,,,,,,,,,,,,,,,,,,,,,,
Brazilian,BRA,Brazil,BRA,Eliseu Visconti ,https://en.wikipedia.org/wiki/Eliseu_Visconti,Meu netinho (My grandson),Keep,,https://upload.wikimedia.org/wikipedia/commons/4/4e/Eliseu_Visconti_-_Meu_netinho_-_1944.jpg,https://commons.wikimedia.org/wiki/File:Eliseu_Visconti_-_Meu_netinho_-_1944.jpg,Brazilian artist,https://en.wikipedia.org/wiki/Eliseu_Visconti,,,,Wiki Commons,,,FALSE,backend/images/BRA/children_artwork/Meu_netinho_My_grandson.jpg,,,,,,,,,,,,,,,,,,,,,,,,,,,,
,,Bulgaria,BGR,,,,No,,https://upload.wikimedia.org/wikipedia/commons/9/91/Thrace_Shop_Macedonia.JPG,https://commons.wikimedia.org/wiki/File:Thrace_Shop_Macedonia.JPG,,,,,,Wiki Commons,,,FALSE,,,,,,,,,,,,,,,,,,,,,,,,,,,,,
Canadian,CAN,France,FRA,Paul Peel ,https://en.wikipedia.org/wiki/Paul_Peel,Bedtime,Keep,,https://upload.wikimedia.org/wikipedia/commons/5/57/Paul_Peel_-_Bedtime_%281890%29.jpg,https://commons.wikimedia.org/wiki/File:Paul_Peel_-_Bedtime_(1890).jpg,Born Canada travel widely in Canada and Europe,https://en.wikipedia.org/wiki/Paul_Peel,,,,Wiki Commons,,,FALSE,backend/images/CAN/children_artwork/Bedtime.jpg,,,,,,,,,,,,,,,,,,,,,,,,,,,,
,,Canada,CAN,Gertrude des Clayes,,Untitled (The Refugees),No,,https://upload.wikimedia.org/wikipedia/commons/b/b5/Gertrude_des_Clayes_-_Les_R%C3%A9fugi%C3%A9s_%281918%29.jpg,https://commons.wikimedia.org/wiki/Special:FilePath/Gertrude%20des%20Clayes%20-%20Les%20R%C3%A9fugi%C3%A9s%20%281918%29.jpg,,,1879-01-01,1949-08-23,Aberdeen,Wiki Commons,,,FALSE,,,,,,,,,,,,,,,,,,,,,,,,,,,,,
Columbian,COL,Colombia,COL,Francisco Antonio Cano Cardona,https://en.wikipedia.org/wiki/Francisco_Antonio_Cano_Cardona,Horizontes,Keep,,https://upload.wikimedia.org/wikipedia/commons/6/6f/%27Horizontes%27_%281913%29_by_Francisco_Antonio_Cano_-_Museo_de_Antioquia_-_Medell%C3%ADn_-_Colombia_2024.jpg,https://commons.wikimedia.org/wiki/Special:FilePath/%27Horizontes%27%20%281913%29%20by%20Francisco%20Antonio%20Cano%20-%20Museo%20de%20Antioquia%20-%20Medell%C3%ADn%20-%20Colombia%202024.jpg,,,1865-11-24,1935-05-11,Yarumal,Wiki Commons,,,FALSE,backend/images/COL/children_artwork/Horizontes.jpg,,,,,,,,,,,,,,,,,,,,,,,,,,,,
Danish,DNK,Denmark,DNK,Anna Ancher,https://en.wikipedia.org/wiki/Anna_Ancher,På havebænken (On the garden bench) ,Keep,,https://upload.wikimedia.org/wikipedia/commons/9/9a/Anna_Ancher_-_P%C3%A5_haveb%C3%A6nken_-_HAF_2002.jpg,https://commons.wikimedia.org/wiki/File:Anna_Ancher_-_P%C3%A5_haveb%C3%A6nken_-_HAF_2002.jpg,Danish artist,https://en.wikipedia.org/wiki/Anna_Ancher,,,,Wiki Commons,,,FALSE,backend/images/DNK/children_artwork/På_havebænken_On_the_garden_bench.jpg,,,,,,,,,,,,,,,,,,,,,,,,,,,,
,EGY,Egypt,EGY,,,,Keep,,https://upload.wikimedia.org/wikipedia/commons/0/07/Fayum-38.jpg,https://commons.wikimedia.org/wiki/File:Fayum-38.jpg,Mummy,,,,,Wiki Commons,,,FALSE,backend/images/EGY/children_artwork/artwork_27688.jpg,,,,,,,,,,,,,,,,,,,,,,,,,,,,
French-Egyptian,EGY,Egypt,EGY,Georges Hanna Sabbagh,https://en.wikipedia.org/wiki/Georges_Hanna_Sabbagh,Arab Motherhood,Keep,Yes,https://upload.wikimedia.org/wikipedia/commons/a/ac/Georges_Sabbagh_-_Arab_Motherhood_-_Google_Art_Project.jpg,https://commons.wikimedia.org/wiki/Special:FilePath/Georges%20Sabbagh%20-%20Arab%20Motherhood%20-%20Google%20Art%20Project.jpg,,,1887-08-18,1951-12-09,Alexandria,Wiki Commons,,,FALSE,backend/images/EGY/children_artwork/Arab_Motherhood.jpg,,,,,,,,,,,,,,,,,,,,,,,,,,,,
Finnish,FIN,Finland,FIN,Elin Danielson-Gambogi,https://en.wikipedia.org/wiki/Elin_Danielson-Gambogi,Mother,Yes,Yes,https://upload.wikimedia.org/wikipedia/commons/5/56/Elin_Danielson-Gambogi_Mor.jpg,https://en.wikipedia.org/wiki/Elin_Danielson-Gambogi#/media/File:Elin_Danielson-Gambogi_Mor.jpg,"Grew up in Finland, died in Italy",https://en.wikipedia.org/wiki/Elin_Danielson-Gambogi,,,,Wiki Commons,,,FALSE,backend/images/FIN/children_artwork/Mother_modeled_by_artists_sister.jpg,,,,,,,,,,,,,,,,,,,,,,,,,,,,
,,Finland,FIN,Elin Danielson-Gambogi (1861–1919),,,No,,https://upload.wikimedia.org/wikipedia/commons/7/76/Danielson-Gambogi%2C_%C3%84idin_huoli.jpg,"https://commons.wikimedia.org/wiki/File:Danielson-Gambogi,_%C3%84idin_huoli.jpg",,,,,,Wiki Commons,But love,,FALSE,,,,,,,,,,,,,,,,,,,,,,,,,,,,,
,,Finland,FIN,Albert Gebhard,,Abandoned ; Orphan,Yes,,https://upload.wikimedia.org/wikipedia/commons/a/ae/Albert_Gebhard_-_Orphan.jpg,https://commons.wikimedia.org/wiki/Special:FilePath/Albert%20Gebhard%20-%20Orphan.jpg,,,1869-04-29,1937-05-15,Toholampi,Wiki Commons,But love,,FALSE,,,,,,,,,,,,,,,,,,,,,,,,,,,,,
French,FRA,France,FRA,Jean-Baptiste-Siméon Chardin,https://en.wikipedia.org/wiki/Jean_Sim%C3%A9on_Chardin,The Governess,Keep,,https://upload.wikimedia.org/wikipedia/commons/3/3c/Jean-Baptiste_Simeon_Chardin_The_Governess.jpg,https://commons.wikimedia.org/wiki/File:Jean-Baptiste_Simeon_Chardin_The_Governess.jpg,French artist,https://en.wikipedia.org/wiki/Jean_Sim%C3%A9on_Chardin,,,,Wiki Commons,,,FALSE,backend/images/NDR/children_artwork/The_Governess.jpg,,,,,,,,,,,,,,,,,,,,,,,,,,,,
French,FRA,French,FRA,Marie Bashkirtseva,https://en.wikipedia.org/wiki/Marie_Bashkirtseff,A meeting,Keep,,https://upload.wikimedia.org/wikipedia/commons/7/7b/Marie_Bashkirtseff_-_A_meeting_-_Google_Art_Project.jpg,https://commons.wikimedia.org/wiki/File:Marie_Bashkirtseff_-_A_meeting_-_Google_Art_Project.jpg,Russian artist but lived in Paris,https://en.wikipedia.org/wiki/Marie_Bashkirtseff,,,,Wiki Commons,,,FALSE,backend/images/FRA/children_artwork/A_meeting.jpg,,,,,,,,,,,,,,,,,,,,,,,,,,,,
Greek,GRC,Greece,GRC,Nikolaos Gyzis,https://en.wikipedia.org/wiki/Nikolaos_Gyzis,Peek-a-Boo,Keep,,https://upload.wikimedia.org/wikipedia/commons/3/37/Detail_from_%22Peek-a-Boo%22_%281882%29_-_Nikolaos_Gyzis_%281842-1901%29.jpg,https://commons.wikimedia.org/wiki/File:Detail_from_%22Peek-a-Boo%22_(1882)_-_Nikolaos_Gyzis_(1842-1901).jpg,"Maybe based on his family, so Greece, but painted in Germany",https://en.wikipedia.org/wiki/Nikolaos_Gyzis,,,,Wiki Commons,,,FALSE,backend/images/GRC/children_artwork/Peek-a-Boo_likely_modeled_by_artists_family.jpg,,,,,,,,,,,,,,,,,,,,,,,,,,,,
Greek,GRC,Greece,GRC,Nikolaos Gyzis,https://en.wikipedia.org/wiki/Nikolaos_Gyzis,Boy with cherries,Keep,,https://upload.wikimedia.org/wikipedia/commons/5/5c/Gysis_Nikolaos_Boy_with_cherries.jpg,https://commons.wikimedia.org/wiki/File:Gysis_Nikolaos_Boy_with_cherries.jpg,,https://en.wikipedia.org/wiki/Nikolaos_Gyzis,,,,Wiki Commons,But love,,FALSE,,,,,,,,,,,,,,,,,,,,,,,,,,,,,
Greek,GRC,Greece,GRC,Nikolaos Gyzis,https://en.wikipedia.org/wiki/Nikolaos_Gyzis,Stepmother,Keep,,https://upload.wikimedia.org/wikipedia/commons/c/cc/Gyzis_Nikolaos_The_Step_Mother.jpg,https://commons.wikimedia.org/wiki/File:Gyzis_Nikolaos_The_Step_Mother.jpg,,https://en.wikipedia.org/wiki/Nikolaos_Gyzis,,,,Wiki Commons,But love,,FALSE,,,,,,,,,,,,,,,,,,,,,,,,,,,,,
Greek,GRC,German,DEU,Georgios Jakobides,https://en.wikipedia.org/wiki/Georgios_Jakobides,Kou-Kou,Keep,,https://upload.wikimedia.org/wikipedia/commons/d/d3/Kou-Kou_by_Georgios_Iakovidis.jpg,https://commons.wikimedia.org/wiki/Special:FilePath/Kou-Kou%20by%20Georgios%20Iakovidis.jpg,"Painted in Germany, Greece",,1853-01-11,1932-12-13,Chidira,Wiki Commons,,,FALSE,backend/images/GRC/children_artwork/Kou-Kou.jpg,,,,,,,,,,,,,,,,,,,,,,,,,,,,
,,Greece,GRC,Ludwig Thiersch,,Q30078729,No,,https://upload.wikimedia.org/wikipedia/commons/3/3f/Ludwig_Thiersch_-_Die_Frau_des_K%C3%BCnstlers_mit_Kind_-_15153_-_Bavarian_State_Painting_Collections.jpg,https://commons.wikimedia.org/wiki/Special:FilePath/Ludwig%20Thiersch%20-%20Die%20Frau%20des%20K%C3%BCnstlers%20mit%20Kind%20-%2015153%20-%20Bavarian%20State%20Painting%20Collections.jpg,,,1825-04-12,1909-05-10,Munich,Wiki Commons,,,FALSE,,,,,,,,,,,,,,,,,,,,,,,,,,,,,
,,Greece,GRC,Georgios Jakobides,,Der böse Enkel,No,,https://upload.wikimedia.org/wikipedia/commons/9/99/The_Naughty_Grandson.jpg,https://commons.wikimedia.org/wiki/Special:FilePath/The%20Naughty%20Grandson.jpg,,,1853-01-11,1932-12-13,Chidira,Wiki Commons,,,FALSE,,,,,,,,,,,,,,,,,,,,,,,,,,,,,
,,Hungary,HUN,Mihály Munkácsy (1844–1900),,,No,,https://upload.wikimedia.org/wikipedia/commons/9/9a/Munk%C3%A1csyKopulono.jpg,https://commons.wikimedia.org/wiki/File:Munk%C3%A1csyKopulono.jpg,Hungarian but also worked in Paris,https://en.wikipedia.org/wiki/Mih%C3%A1ly_Munk%C3%A1csy,,,,Wiki Commons,,,FALSE,,,,,,,,,,,,,,,,,,,,,,,,,,,,,
Hungarian,HUN,Hungary,HUN,Bertalan Székely,https://en.wikipedia.org/wiki/Bertalan_Sz%C3%A9kely,Ágoston Székely,Keep,,https://upload.wikimedia.org/wikipedia/commons/5/59/Sz%C3%A9kely_Portrait_of_%C3%81goston_Sz%C3%A9kely.jpg,https://commons.wikimedia.org/wiki/File:Sz%C3%A9kely_Portrait_of_%C3%81goston_Sz%C3%A9kely.jpg,Born and died in Hungary,https://en.wikipedia.org/wiki/Bertalan_Sz%C3%A9kely,,,,Wiki Commons,,,FALSE,backend/images/HUN/children_artwork/Ágoston_Székely.jpg,,,,,,,,,,,,,,,,,,,,,,,,,,,,
,,Hungary,HUN,Philip de László,,Portrait of a Lady and her Daughter,No,,https://upload.wikimedia.org/wikipedia/commons/e/e1/Kapnist_Nadejda_nee_Stenbock-Fermor.jpg,https://commons.wikimedia.org/wiki/Special:FilePath/Kapnist%20Nadejda%20nee%20Stenbock-Fermor.jpg,,,1869-04-30,1937-11-22,Pest,Wiki Commons,,,FALSE,,,,,,,,,,,,,,,,,,,,,,,,,,,,,
,,India,IND,Amrita Sher-Gil (1913–1941),,Group of Three Girls,No,,https://upload.wikimedia.org/wikipedia/commons/5/5f/Amrita_Sher-Gil_Group_of_Three_Girls.jpg,https://commons.wikimedia.org/wiki/File:Amrita_Sher-Gil_Group_of_Three_Girls.jpg,Indian girls (artist is Hungarian Indian),https://en.wikipedia.org/wiki/Amrita_Sher-Gil,,,,Wiki Commons,,,FALSE,,,,,,,,,,,,,,,,,,,,,,,,,,,,,
Iranian,IRN,Iran,IRN,Mirza Abolhassan Khan Ghaffari,https://en.wikipedia.org/wiki/Abu%27l-Hasan_Sani_al-Mulk,The Physician Mirza Abolfazl Kāshāni visiting his patient,Keep,,https://upload.wikimedia.org/wikipedia/commons/a/aa/Tabib_kashani_-_Saniolmolk.jpg,https://commons.wikimedia.org/wiki/Special:FilePath/Tabib%20kashani%20-%20Saniolmolk.jpg,,,1814-01-01,1866-01-01,Kashan,Wiki Commons,,,FALSE,backend/images/IRN/children_artwork/The_Physician_Mirza_Abolfazl_Kāshāni_visiting_his_patient.jpg,,,,,,,,,,,,,,,,,,,,,,,,,,,,
,,Ireland,IRL,Rose Maynard Barton,,Almond Blossom in London,No,,https://upload.wikimedia.org/wikipedia/commons/2/2b/Rose_Barton_-_Almond_Blossom_in_London.jpg,https://commons.wikimedia.org/wiki/Special:FilePath/Rose%20Barton%20-%20Almond%20Blossom%20in%20London.jpg,,,1856-04-21,1929-01-01,County Tipperary,Wiki Commons,,,FALSE,,,,,,,,,,,,,,,,,,,,,,,,,,,,,
Mexican,MEX,Mexico,MEX,Miguel Cabrera,https://en.wikipedia.org/wiki/Miguel_Cabrera_(painter),"De español y mestiza, castiza.",Keep,,https://upload.wikimedia.org/wikipedia/commons/4/49/De_espa%C3%B1ol_y_mestiza%2C_castiza.jpg,"https://commons.wikimedia.org/wiki/File:De_espa%C3%B1ol_y_mestiza,_castiza.jpg","Born, died Mexico",https://en.wikipedia.org/wiki/Miguel_Cabrera_(painter),,,,Wiki Commons,,,FALSE,backend/images/MEX/children_artwork/De_español_y_mestiza_castiza.jpg,,,,,,,,,,,,,,,,,,,,,,,,,,,,
,,Mexico,MEX,José María Estrada,,Portrait of Manuela Gutiérrez,No,,https://upload.wikimedia.org/wikipedia/commons/7/77/Jos%C3%A9_Mar%C3%ADa_Estrada_-_Portrait_of_Manuela_Guti%C3%A9rrez_-_Google_Art_Project.jpg,https://commons.wikimedia.org/wiki/Special:FilePath/Jos%C3%A9%20Mar%C3%ADa%20Estrada%20-%20Portrait%20of%20Manuela%20Guti%C3%A9rrez%20-%20Google%20Art%20Project.jpg,,,1810-01-01,1862-01-01,,Wiki Commons,,,FALSE,,,,,,,,,,,,,,,,,,,,,,,,,,,,,
German,DEU,Netherlands,NLD,Max Liebermann,https://en.wikipedia.org/wiki/Max_Liebermann,Amsterdamer Waisenmädchen im Garten,Keep,,https://upload.wikimedia.org/wikipedia/commons/d/d1/Liebermann_Amsterdam_M%C3%A4dchen_im_Garten.jpg,https://commons.wikimedia.org/wiki/File:Liebermann_Amsterdam_M%C3%A4dchen_im_Garten.jpg,Artist German but painted in amsterdam,https://en.wikipedia.org/wiki/Max_Liebermann,,,,Wiki Commons,,,FALSE,backend/images/DEU/children_artwork/Amsterdamer_Waisenmädchen_im_Garten.jpg,,,,,,,,,,,,,,,,,,,,,,,,,,,,
German,DEU,Netherlands,NLD,Max Liebermann,https://en.wikipedia.org/wiki/Max_Liebermann,Kleinkinderschule (Nursery),Keep,,https://upload.wikimedia.org/wikipedia/commons/3/36/Max_Liebermann_-_Kleinkinderschule.jpg,https://commons.wikimedia.org/wiki/File:Max_Liebermann_-_Kleinkinderschule.jpg,Germain artist working in the Netherlands,https://en.wikipedia.org/wiki/Max_Liebermann,,,,Wiki Commons,,,FALSE,backend/images/DEU/children_artwork/Kleinkinderschule_Nursery.jpg,,,,,,,,,,,,,,,,,,,,,,,,,,,,
New Zealanders,NZL,New Zealand,NZL,Frances Hodgkins ,https://en.wikipedia.org/wiki/Frances_Hodgkins,Child in a pram,Keep,,https://upload.wikimedia.org/wikipedia/commons/6/60/Frances_Hodgkins_-_Child_in_a_pram_-_1956-20-4_-_Auckland_Art_Gallery.jpg,https://commons.wikimedia.org/wiki/File:Frances_Hodgkins_-_Child_in_a_pram_-_1956-20-4_-_Auckland_Art_Gallery.jpg,Also lived in uk/france,https://en.wikipedia.org/wiki/Frances_Hodgkins,,,,Wiki Commons,,,FALSE,backend/images/NZL/children_artwork/Child_in_a_pram.jpg,,,,,,,,,,,,,,,,,,,,,,,,,,,,
Czech-New Zealanders,NZL,New Zealand,NZL,Gottfried Lindauer,https://en.wikipedia.org/wiki/Gottfried_Lindauer,Ana Rupene and child,Keep,,https://upload.wikimedia.org/wikipedia/commons/a/a6/Gottfried_Lindauer_-_Ana_Rupene_and_Child_OU_PTRM_1938_35_1881.jpg,https://commons.wikimedia.org/wiki/Special:FilePath/Gottfried%20Lindauer%20-%20Ana%20Rupene%20and%20Child%20OU%20PTRM%201938%2035%201881.jpg,,,1839-01-05,1926-06-13,Plzeň,Wiki Commons,,,FALSE,backend/images/NZL/children_artwork/Ana_Rupene_and_child.jpg,,,,,,,,,,,,,,,,,,,,,,,,,,,,
Norwegian,NOR,Norway,NOR,Oda Krohg ,https://en.wikipedia.org/wiki/Oda_Krohg,Oda krohg aftenposten ( A Subscriber to the Aftenposten ),Keep,,https://upload.wikimedia.org/wikipedia/commons/8/84/Oda_krohg_aftenposten_1887.jpg,https://commons.wikimedia.org/wiki/File:Oda_krohg_aftenposten_1887.jpg,Born and died in Norway,https://en.wikipedia.org/wiki/Oda_Krohg,,,,Wiki Commons,,,FALSE,backend/images/NOR/children_artwork/Oda_krohg_aftenposten_ A_Subscriber_to_the_Aftenposten .jpg,,,,,,,,,,,,,,,,,,,,,,,,,,,,
Palestinian,PSE,Palestine,PSE,Karimeh Abbud,https://en.wikipedia.org/wiki/Karimeh_Abbud," Bethel, Group of Children",Keep,,https://upload.wikimedia.org/wikipedia/commons/b/be/Abbud21B.png,https://commons.wikimedia.org/wiki/File:Abbud21B.png,Bethel,https://en.wikipedia.org/wiki/Karimeh_Abbud,,,,Wiki Commons,,,FALSE,backend/images/PSE/children_artwork/Bethel_Group_of_Children.png,,,,,,,,,,,,,,,,,,,,,,,,,,,,
 Filipino,PHL,Philippines,PHL,Miguel Zaragoza,https://www.jstor.org/stable/29791905,Juego de niños (child’s play),Keep,,https://upload.wikimedia.org/wikipedia/commons/2/2f/Juego_de_ni%C3%B1os%2C_de_Miguel_Zaragoza_y_Aranquizna_%28Museo_del_Prado%29.jpg,https://commons.wikimedia.org/wiki/Special:FilePath/Juego%20de%20ni%C3%B1os%2C%20de%20Miguel%20Zaragoza%20y%20Aranquizna%20%28Museo%20del%20Prado%29.jpg,,,1842-09-29,1923-03-05,Gapan,Wiki Commons,,,FALSE,,,,,,,,,,,,,,,,,,,,,,,,,,,,,
Polish,POL,Poland,POL,Leon Wyczółkowski ,https://en.wikipedia.org/wiki/Leon_Wycz%C3%B3%C5%82kowski,Św Brat Alber (St. Brother Albert),Keep,,https://upload.wikimedia.org/wikipedia/commons/9/9e/%C5%9Aw_Brat_Albert_by_Leon_Wycz%C3%B3%C5%82kowski_%281901-1902%29.jpg,https://commons.wikimedia.org/wiki/File:%C5%9Aw_Brat_Albert_by_Leon_Wycz%C3%B3%C5%82kowski_(1901-1902).jpg,"Lived, died Pland",https://en.wikipedia.org/wiki/Leon_Wycz%C3%B3%C5%82kowski,1852,1852,,Wiki Commons,,,FALSE,backend/images/POL/children_artwork/Św_Brat_Alber_St_Brother_Albert.jpg,,,,,,,,,,,,,,,,,,,,,,,,,,,,
 Portuguese ,PRT,Portugal,PRT,Columbano Bordalo Pinheiro,https://en.wikipedia.org/wiki/Columbano_Bordalo_Pinheiro,Refeição interrompida (Interrupted meal),Keep,,https://upload.wikimedia.org/wikipedia/commons/5/50/Columbano_Bordalo_Pinheiro_-_Refei%C3%A7%C3%A3o_Interrompida.jpg,https://commons.wikimedia.org/wiki/File:Columbano_Bordalo_Pinheiro_-_Refei%C3%A7%C3%A3o_Interrompida.jpg,Born died Portugal,https://en.wikipedia.org/wiki/Columbano_Bordalo_Pinheiro,,,,Wiki Commons,,,FALSE,,,,,,,,,,,,,,,,,,,,,,,,,,,,,
 Portuguese ,PRT,France,FRA,José Júlio de Sousa Pinto,https://en.wikipedia.org/wiki/Jos%C3%A9_J%C3%BAlio_de_Souza_Pinto,La Récolte des pommes de terre (The Potato Harvest),Keep,,https://upload.wikimedia.org/wikipedia/commons/4/4e/Jos%C3%A9_J%C3%BAlio_de_Souza_Pinto_%281856%E2%80%941939%29._Potatoes.jpg,https://commons.wikimedia.org/wiki/Special:FilePath/Jos%C3%A9%20J%C3%BAlio%20de%20Souza%20Pinto%20%281856%E2%80%941939%29.%20Potatoes.jpg,,,1856-09-15,1939-04-14,Angra do Heroísmo,Wiki Commons,,,FALSE,,,,,,,,,,,,,,,,,,,,,,,,,,,,,
Romanian,ROU,Romania,ROU,Nicolae Grigorescu,https://en.wikipedia.org/wiki/Nicolae_Grigorescu,Girls Spinning at the Gate,Keep,,https://upload.wikimedia.org/wikipedia/commons/9/93/Nicolae_Grigorescu_-_Fete_lucrand_la_poarta.jpg,https://commons.wikimedia.org/wiki/Special:FilePath/Nicolae%20Grigorescu%20-%20Fete%20lucrand%20la%20poarta.jpg,,,1838-05-15,1907-07-21,Pitaru,Wiki Commons,,,FALSE,backend/images/ROU/children_artwork/Girls_Spinning_at_the_Gate.jpg,,,,,,,,,,,,,,,,,,,,,,,,,,,,
,,Romania,ROU,Nicolae Grigorescu,,Portrait of a little girl,No,,https://upload.wikimedia.org/wikipedia/commons/8/8b/Nicolae_Grigorescu_029.jpg,https://commons.wikimedia.org/wiki/Special:FilePath/Nicolae%20Grigorescu%20029.jpg,,,1838-05-15,1907-07-21,Pitaru,Wiki Commons,,,FALSE,,,,,,,,,,,,,,,,,,,,,,,,,,,,,
Romanian,ROU,Romania,ROU,Theodor Aman,https://en.wikipedia.org/wiki/Theodor_Aman,Professor George Capșa at the age of 8,Keep,,https://upload.wikimedia.org/wikipedia/commons/9/9f/Theodor_Aman_-_Profesorul_George_Cap%C8%99a_la_v%C3%A2rsta_de_8_ani.jpg,https://commons.wikimedia.org/wiki/Special:FilePath/Theodor%20Aman%20-%20Profesorul%20George%20Cap%C8%99a%20la%20v%C3%A2rsta%20de%208%20ani.jpg,,,1831-03-20,1891-08-19,Câmpulung,Wiki Commons,,,FALSE,,,,,,,,,,,,,,,,,,,,,,,,,,,,,
Swiss,CHE,Russia,RUS,Angelica Kauffmann,https://en.wikipedia.org/wiki/Angelica_Kauffman,Portrait of Countess A.S. Protasova with her Nieces,Keep,,https://upload.wikimedia.org/wikipedia/commons/9/90/Angelika_Kauffmann_009.jpg,https://commons.wikimedia.org/wiki/File:Angelika_Kauffmann_009.jpg,Russian Duchess,https://en.wikipedia.org/wiki/Angelica_Kauffman,,,,Wiki Commons,,,FALSE,,,,,,,,,,,,,,,,,,,,,,,,,,,,,
Ukrainian,UKR,Russian,RUS,Vladimir Borovikovsky,https://en.wikipedia.org/wiki/Vladimir_Borovikovsky,Portrait of an unknown woman with a child.,Keep,,https://upload.wikimedia.org/wikipedia/commons/f/fe/Vladimir_Borovikovsky_011.jpg,https://commons.wikimedia.org/wiki/File:Vladimir_Borovikovsky_011.jpg,Lived in Russia,https://en.wikipedia.org/wiki/Vladimir_Borovikovsky,,,,Wiki Commons,,,FALSE,backend/images/UKR/children_artwork/Portrait_of_an_unknown_woman_with_a_child.jpg,,,,,,,,,,,,,,,,,,,,,,,,,,,,
Korean,KOR,South Korea,KOR,Shin Yun-bok,https://en.wikipedia.org/wiki/Sin_Yunbok, Woman with a jango,Keep,,https://upload.wikimedia.org/wikipedia/commons/9/97/Hyewon-jangos.ibeun.yeoin.jpg,https://commons.wikimedia.org/wiki/File:Hyewon-jangos.ibeun.yeoin.jpg,Korean artist,https://en.wikipedia.org/wiki/Sin_Yunbok,,,,Wiki Commons,,,FALSE,backend/images/KOR/children_artwork/Woman_with_a_jango.jpg,,,,,,,,,,,,,,,,,,,,,,,,,,,,
,,Spain,ESP,Diego Velázquez,,Three Musicians,No,,https://upload.wikimedia.org/wikipedia/commons/1/15/Diego_Rodr%C3%ADguez_de_Silva_y_Vel%C3%A1zquez_%281599_-_1660%29_-_The_Three_Musicians_-_413F_-_Gem%C3%A4ldegalerie.jpg,https://commons.wikimedia.org/wiki/Special:FilePath/Diego%20Rodr%C3%ADguez%20de%20Silva%20y%20Vel%C3%A1zquez%20%281599%20-%201660%29%20-%20The%20Three%20Musicians%20-%20413F%20-%20Gem%C3%A4ldegalerie.jpg,,,1599-06-06,1660-08-06,Seville,Wiki Commons,,,FALSE,,,,,,,,,,,,,,,,,,,,,,,,,,,,,
Swedish,SWE,Sweden,SWE,Carl Larsson,https://en.wikipedia.org/wiki/Carl_Larsson,Say Hello to the Gentleman!,Keep,,https://upload.wikimedia.org/wikipedia/commons/5/52/Say_Hello_to_the_Gentleman%21_.jpg,https://commons.wikimedia.org/wiki/Special:FilePath/Say%20Hello%20to%20the%20Gentleman%21%20.jpg,,,1853-05-28,1919-01-22,Storkyrkoförsamlingen,Wiki Commons,,,FALSE,,,,,,,,,,,,,,,,,,,,,,,,,,,,,
Turkish,TUR,Turkey,TUR,Osman Hamdi Bey,https://en.wikipedia.org/wiki/Osman_Hamdi_Bey,Two Musician Girls,Keep,,https://upload.wikimedia.org/wikipedia/commons/8/87/Osman_Hamdi_Bey_-_Two_Musician_Girls_-_Google_Art_Project.jpg,https://commons.wikimedia.org/wiki/File:Osman_Hamdi_Bey_-_Two_Musician_Girls_-_Google_Art_Project.jpg,Born died in ottoman empire,https://en.wikipedia.org/wiki/Osman_Hamdi_Bey,,,,Wiki Commons,,,FALSE,,,,,,,,,,,,,,,,,,,,,,,,,,,,,
 Ukrainian,UKR,Ukraine,UKR,Mykola Pymonenko,https://en.wikipedia.org/wiki/Mykola_Pymonenko,Vechoriye (In the evenings),Keep,,https://upload.wikimedia.org/wikipedia/commons/e/e0/Mykola_Pymonenko-Vechoriye.jpg,https://commons.wikimedia.org/wiki/Special:FilePath/Mykola%20Pymonenko-Vechoriye.jpg,,,1862-03-21,1912-04-08,Kyiv,Wiki Commons,,,FALSE,,,,,,,,,,,,,,,,,,,,,,,,,,,,,
Finnish,FIN,United Kingdom,GBR,Helene Schjerfbeck,https://en.wikipedia.org/wiki/Helene_Schjerfbeck,The Convalescent,Keep,,https://upload.wikimedia.org/wikipedia/commons/0/09/Helene_Schjerfbeck_%281862-1946%29-_The_Convalescent_-_Toipilas_-_Konvalescenten_%2832721924996%29.jpg,https://commons.wikimedia.org/wiki/File:Helene_Schjerfbeck_(1862-1946)-_The_Convalescent_-_Toipilas_-_Konvalescenten_(32721924996).jpg,"Finnish artist, painted in England",https://en.wikipedia.org/wiki/Helene_Schjerfbeck,,,,Wiki Commons,,,FALSE,,,,,,,,,,,,,,,,,,,,,,,,,,,,,
Puerto Rican,PRI,Puerto Rico,PRI,Jose Campeche,https://en.wikipedia.org/wiki/Jos%C3%A9_Campeche,Doña María Catalina de Urrutia,Keep,,https://upload.wikimedia.org/wikipedia/commons/0/0b/Jos%C3%A9_Campeche_-_Do%C3%B1a_Mar%C3%ADa_Catalina_de_Urrutia.jpg,https://commons.wikimedia.org/wiki/File:Jos%C3%A9_Campeche_-_Do%C3%B1a_Mar%C3%ADa_Catalina_de_Urrutia.jpg,Puerto Rican,https://en.wikipedia.org/wiki/Jos%C3%A9_Campeche,,,,Wiki Commons,,,FALSE,backend/images/PRI/children_artwork/Doña_María_Catalina_de_Urrutia.jpg,,,,,,,,,,,,,,,,,,,,,,,,,,,,
Puerto Rican,PRI,Puerto Rico,PRI, Francisco Oller,https://en.wikipedia.org/wiki/Francisco_Oller,La escuela del Maestro Cordero (The school of Master Cordero),Keep,,https://upload.wikimedia.org/wikipedia/commons/7/78/La_escuela_del_Maestro_Cordero_by_Francisco_Oller.jpg,https://commons.wikimedia.org/wiki/File:La_escuela_del_Maestro_Cordero_by_Francisco_Oller.jpg,Puerto Rican,https://en.wikipedia.org/wiki/Jos%C3%A9_Campeche,,,,Wiki Commons,,,FALSE,backend/images/PRI/children_artwork/La_escuela_del_Maestro_Cordero_The_school_of_Master_Cordero.jpg,,,,,,,,,,,,,,,,,,,,,,,,,,,,
Scottish,GBR,United Kingdom,GBR,Margaret MacDonald,https://en.wikipedia.org/wiki/Margaret_Macdonald_Mackintosh,Summer,Keep,,https://upload.wikimedia.org/wikipedia/commons/4/42/Margaret_MacDonald_-_Summer_1897.jpg,https://commons.wikimedia.org/wiki/File:Margaret_MacDonald_-_Summer_1897.jpg,Scottish artist,https://en.wikipedia.org/wiki/Margaret_Macdonald_Mackintosh,,,,Wiki Commons,,,FALSE,backend/images/UNK/children_artwork/Summer.jpg,,,,,,,,,,,,,,,,,,,,,,,,,,,,
Scottish,GBR,United Kingdom,GBR,Thomas Stuart Smith ,https://en.wikipedia.org/wiki/Thomas_Stuart_Smith,Cottage Interior,Keep,,https://upload.wikimedia.org/wikipedia/commons/5/5b/Thomas_Stuart_Smith_%281813-1814-1869%29_-_Cottage_Interior_-_8231.000_-_Stirling_Smith_Museum_and_Art_Gallery.jpg,https://commons.wikimedia.org/wiki/File:Thomas_Stuart_Smith_(1813-1814-1869)_-_Cottage_Interior_-_8231.000_-_Stirling_Smith_Museum_and_Art_Gallery.jpg,,https://en.wikipedia.org/wiki/Thomas_Stuart_Smith,,,,Wiki Commons,,,FALSE,backend/images/GBR/children_artwork/Cottage_Interior.jpg,,,,,,,,,,,,,,,,,,,,,,,,,,,,
 Venezuelan ,VEN,Venezuela,VEN,Arturo Michelena,https://en.wikipedia.org/wiki/Arturo_Michelena,The Young Mother,Keep,Yes,https://upload.wikimedia.org/wikipedia/commons/9/9a/La_Joven_Madre_1889_by_Arturo_Michelena.jpg,https://commons.wikimedia.org/wiki/Special:FilePath/La%20Joven%20Madre%201889%20by%20Arturo%20Michelena.jpg,,,1863-06-16,1898-07-29,Valencia,Wiki Commons,,,FALSE,,,,,,,,,,,,,,,,,,,,,,,,,,,,,
Vietnamese,VNM,Vietnam,VNM,Tô Ngọc Vân,https://en.wikipedia.org/wiki/T%C3%B4_Ng%E1%BB%8Dc_V%C3%A2n,Two women and a child,Keep,,https://upload.wikimedia.org/wikipedia/commons/1/19/Hai_thieu_nu_va_em_be.JPG,https://commons.wikimedia.org/wiki/Special:FilePath/Hai%20thieu%20nu%20va%20em%20be.JPG,,,1906-01-01,1954-01-01,Nghĩa Trụ,Wiki Commons,,,FALSE,,,,,,,,,,,,,,,,,,,,,,,,,,,,,
French,FRA,ITALY,ITA,Pierre-Auguste Renoir,https://en.wikipedia.org/wiki/Pierre-Auguste_Renoir,Young Mother (Jeune mère),Keep,,https://upload.wikimedia.org/wikipedia/commons/3/3a/Pierre-Auguste_Renoir_-_Young_Mother_%28Jeune_m%C3%A8re%29_-_BF15_-_Barnes_Foundation.jpg,https://commons.wikimedia.org/wiki/File:Pierre-Auguste_Renoir_-_Young_Mother_(Jeune_m%C3%A8re)_-_BF15_-_Barnes_Foundation.jpg,,,,,,Wiki Commons,,,,,,,,,,,,,,,,,,,,,,,,,,,,,,,,
Dutch,NLD,Dutch,NLD,Dieric Bouts,https://en.wikipedia.org/wiki/Dieric_Bouts,Virgin and Child,Keep,,/Users/marjoleinoostrom/Downloads/main-image.jpeg,,,,,,,,,,,,,,,,,,,,,,,,,,,,,,,,,,,,,,,
French,FRA,French,FRA,Honoré Daumier,https://en.wikipedia.org/wiki/Honor%C3%A9_Daumier,The third class carriage,Keep,,/Users/marjoleinoostrom/Downloads/982px-Honoré_Daumier_034.jpg,,,,,,,,,,,,,,,,,,,,,,,,,,,,,,,,,,,,,,,
Greek,GRC,Greek,GRC,Georgios Jakobides,https://en.wikipedia.org/wiki/Georgios_Jakobides,Grandma’s Favorite,Keep,,/Users/marjoleinoostrom/Downloads/grandma-s-favourite-1893.jpg!Large.jpg,,,,,,,,,,,Vardges Sureniants,https://en.wikipedia.org/wiki/Vardges_Sureniants,,,,,,,,,,,,,,,,,,,,,,,,,,,
Austrian,AUT,Austria,AUT,Egon Schiele,https://en.wikipedia.org/wiki/Egon_Schiele,Self-Portrait,Keep,,https://upload.wikimedia.org/wikipedia/commons/thumb/a/a7/Egon_Schiele_-_Selbstportr%C3%A4t_-_1906.jpg/960px-Egon_Schiele_-_Selbstportr%C3%A4t_-_1906.jpg,https://commons.wikimedia.org/wiki/File:Egon_Schiele_-_Selbstportr%C3%A4t_-_1906.jpg,,,,,Wikipedia,,,,,,,,,,,,,,,,,,,,,,,,,,,,,,,,,
Estonian,EST,Estonia,EST,Ants Laikmaa,https://en.wikipedia.org/wiki/Ants_Laikmaa,,Keep,,https://upload.wikimedia.org/wikipedia/commons/9/9b/Neegripoiss._Neegripoisi_pea%2C_Ants_Laikmaa%2C_EKM_j_48643_M_7113.jpg,"https://commons.wikimedia.org/wiki/File:Neegripoiss._Neegripoisi_pea,_Ants_Laikmaa,_EKM_j_48643_M_7113.jpg",,,,,Wikipedia,,,,,,,,,,,,,,,,,,,,,,,,,,,,,,,,,
Georgian,GEO,Georgia,GEO,Niko Pirosmani,https://en.wikipedia.org/wiki/Niko_Pirosmani,A Tatar Fruiterer,Keep,,https://upload.wikimedia.org/wikipedia/commons/2/25/Niko_Pirosmani._A_Tatar_Fruiterer._Oil_on_cardboard%2C_75x106_cm._The_State_Museum_of_Fine_Arts_of_Georgia%2C_Tbilisi.jpg,"https://commons.wikimedia.org/wiki/File:Niko_Pirosmani._A_Tatar_Fruiterer._Oil_on_cardboard,_75x106_cm._The_State_Museum_of_Fine_Arts_of_Georgia,_Tbilisi.jpg",,,,,Wikipedia,,,,,,,,,,,,,,,,,,,,,,,,,,,,,,,,,
Slovenian,SVN,Slovenia,SVN,Ivana Kobilca,https://en.wikipedia.org/wiki/Ivana_Kobilca,Summer,Keep,,https://upload.wikimedia.org/wikipedia/commons/thumb/3/30/Ivana_Kobilca_-_Poletje.jpg/960px-Ivana_Kobilca_-_Poletje.jpg,https://commons.wikimedia.org/wiki/File:Ivana_Kobilca_-_Poletje.jpg,,,,,Wikipedia,,,,,,,,,,,,,,,,,,,,,,,,,,,,,,,,,
Flemish,BEL,Belgium,BEL,Peter Paul Rubens,https://en.wikipedia.org/wiki/Peter_Paul_Rubens,The Child with the Bird,Keep,,https://upload.wikimedia.org/wikipedia/commons/thumb/c/c8/Das_Kind_mit_dem_Vogel_-_Gem%C3%A4ldegalerie_Berlin_-_5405161.jpg/960px-Das_Kind_mit_dem_Vogel_-_Gem%C3%A4ldegalerie_Berlin_-_5405161.jpg,https://commons.wikimedia.org/wiki/File:Das_Kind_mit_dem_Vogel_-_Gem%C3%A4ldegalerie_Berlin_-_5405161.jpg,,,,,Wikipedia,,,,,,,,,,,,,,,,,,,,,,,,,,,,,,,,,
Polish-Lithuanian,LTU,Lithuania,LTU,Jan Bułhak,https://en.wikipedia.org/wiki/Jan_Bu%C5%82hak,Vilnius Children,Keep,,https://upload.wikimedia.org/wikipedia/commons/thumb/c/c2/Jan_Bu%C5%82hak_-_Wile%C5%84skie_dzieci_%281-P-2260%29.jpg/960px-Jan_Bu%C5%82hak_-_Wile%C5%84skie_dzieci_%281-P-2260%29.jpg,https://commons.wikimedia.org/wiki/File:Jan_Bu%C5%82hak_-_Wile%C5%84skie_dzieci_(1-P-2260).jpg,,,,,Wikimedia Commons,,,,,,,,,,,,,,,,,,,,,,,,,,,,,,,,,
Austrian,AUT,Austria,AUT,Egon Schiele,https://en.wikipedia.org/wiki/Egon_Schiele,Mother with Two Children II,Keep,,https://upload.wikimedia.org/wikipedia/commons/thumb/0/0e/Mother_with_two_children_II_Egon_Schiele_1915.jpg/960px-Mother_with_two_children_II_Egon_Schiele_1915.jpg,https://commons.wikimedia.org/wiki/File:Mother_with_two_children_II_Egon_Schiele_1915.jpg,,,,,Wikipedia,,,,,,,,,,,,,,,,,,,,,,,,,,,,,,,,,
Austrian,AUT,Austria,AUT,Ferdinand Georg Waldmüller,https://en.wikipedia.org/wiki/Ferdinand_Georg_Waldm%C3%BCller,After School,Keep,,https://upload.wikimedia.org/wikipedia/commons/thumb/7/71/1841_Waldmueller_Nach_der_Schule_anagoria.JPG/960px-1841_Waldmueller_Nach_der_Schule_anagoria.JPG,https://commons.wikimedia.org/wiki/File:1841_Waldmueller_Nach_der_Schule_anagoria.JPG,,,,,,,,,,,,,,,,,,,,,,,,,,,,,,,,,,,,,,
Belgian,BEL,Belgium,BEL,Constantin Meunier,https://en.wikipedia.org/wiki/Constantin_Meunier,Three Female Miners,Keep,,https://upload.wikimedia.org/wikipedia/commons/b/ba/Constantin_Meunier_-_Three_female_miners.jpg,https://commons.wikimedia.org/wiki/File:Constantin_Meunier_-_Three_female_miners.jpg,,,,,,,,,,,,,,,,,,,,,,,,,,,,,,,,,,,,,,
Swiss,CHE,Switzerland,CHE,Albert Anker,https://en.wikipedia.org/wiki/Albert_Anker,"Knitting Girl, Watching a Baby in a Cradle",Keep,,https://upload.wikimedia.org/wikipedia/commons/thumb/2/2e/Albert_Anker_-_Strickendes_M%C3%A4dchen%2C_Kleinkind_in_der_Wiege_h%C3%BCtend.jpg/960px-Albert_Anker_-_Strickendes_M%C3%A4dchen%2C_Kleinkind_in_der_Wiege_h%C3%BCtend.jpg,"https://commons.wikimedia.org/wiki/File:Albert_Anker_-_Strickendes_M%C3%A4dchen,_Kleinkind_in_der_Wiege_h%C3%BCtend.jpg",,,,,,,,,,,,,,,,,,,,,,,,,,,,,,,,,,,,,,
Czech,CZE,Czechia,CZE,Josef Mánes,https://en.wikipedia.org/wiki/Josef_M%C3%A1nes,Franziska and Seraphine Kolowrat-Krakowsky,Keep,,https://upload.wikimedia.org/wikipedia/commons/thumb/2/25/M%C3%A1nes_%E2%80%93_Franziska_and_Seraphine_Kolowrat_Krakowsky.jpg/960px-M%C3%A1nes_%E2%80%93_Franziska_and_Seraphine_Kolowrat_Krakowsky.jpg,https://commons.wikimedia.org/wiki/File:M%C3%A1nes_%E2%80%93_Franziska_and_Seraphine_Kolowrat_Krakowsky.jpg,,,,,,,,,,,,,,,,,,,,,,,,,,,,,,,,,,,,,,
Danish,DNK,Denmark,DNK,Wilhelm Marstrand,https://en.wikipedia.org/wiki/Wilhelm_Marstrand,Italian Osteria Scene (detail),No,,https://upload.wikimedia.org/wikipedia/commons/thumb/9/94/Italian_Osteria_Scene%2C_Girl_welcoming_a_Person_entering%2C_detail%2C_by_Wilhelm_Marstrand_-_Ny_Carlsberg_Glyptotek_-_Copenhagen_-_DSC09272.JPG/960px-Italian_Osteria_Scene%2C_Girl_welcoming_a_Person_entering%2C_detail%2C_by_Wilhelm_Marstrand_-_Ny_Carlsberg_Glyptotek_-_Copenhagen_-_DSC09272.JPG,"https://commons.wikimedia.org/wiki/File:Italian_Osteria_Scene,_Girl_welcoming_a_Person_entering,_detail,_by_Wilhelm_Marstrand_-_Ny_Carlsberg_Glyptotek_-_Copenhagen_-_DSC09272.JPG",,,,,,,,,,,,,,,,,,,,,,,,,,,,,,,,,,,,,,
Spanish,ESP,Spain,ESP,Joaquín Sorolla,https://en.wikipedia.org/wiki/Joaqu%C3%ADn_Sorolla,Nina,Keep,,https://upload.wikimedia.org/wikipedia/commons/thumb/c/c4/NinaSorolla.JPG/960px-NinaSorolla.JPG,https://commons.wikimedia.org/wiki/File:NinaSorolla.JPG,,,,,,,,,,,,,,,,,,,,,,,,,,,,,,,,,,,,,,
Finnish,FIN,Finland,FIN,Albert Edelfelt,https://en.wikipedia.org/wiki/Albert_Edelfelt,Boys Playing on the Shore,Keep,,https://upload.wikimedia.org/wikipedia/commons/thumb/8/84/Albert_Edelfelt_-_Boys_Playing_on_the_Shore.jpg/960px-Albert_Edelfelt_-_Boys_Playing_on_the_Shore.jpg,https://commons.wikimedia.org/wiki/File:Albert_Edelfelt_-_Boys_Playing_on_the_Shore.jpg,,,,,,,,,,,,,,,,,,,,,,,,,,,,,,,,,,,,,,
French,FRA,France,FRA,Jean-Baptiste Greuze,https://en.wikipedia.org/wiki/Jean-Baptiste_Greuze,The Lazy Boy,Keep,,https://upload.wikimedia.org/wikipedia/commons/thumb/e/ef/Jean-Baptiste_Greuze_-_The_lazy_boy.jpg/960px-Jean-Baptiste_Greuze_-_The_lazy_boy.jpg,https://commons.wikimedia.org/wiki/File:Jean-Baptiste_Greuze_-_The_lazy_boy.jpg,,,,,,,,,,,,,,,,,,,,,,,,,,,,,,,,,,,,,,
German,DEU,Germany,DEU,Franz von Defregger,https://en.wikipedia.org/wiki/Franz_von_Defregger,Grace Before Meal,Keep,,https://upload.wikimedia.org/wikipedia/commons/thumb/1/15/Franz_von_Defregger_-_Grace_Before_Meal.JPG/960px-Franz_von_Defregger_-_Grace_Before_Meal.JPG,https://commons.wikimedia.org/wiki/File:Franz_von_Defregger_-_Grace_Before_Meal.JPG,,,,,,,,,,,,,,,,,,,,,,,,,,,,,,,,,,,,,,
Hungarian,HUN,Hungary,HUN,Mihály Munkácsy,https://en.wikipedia.org/wiki/Mih%C3%A1ly_Munk%C3%A1csy,Two Families,Keep,,https://upload.wikimedia.org/wikipedia/commons/thumb/3/35/Two_families_%28unknown_date%29%2C_by_Mih%C3%A1ly_von_Munk%C3%A1csy.jpg/960px-Two_families_%28unknown_date%29%2C_by_Mih%C3%A1ly_von_Munk%C3%A1csy.jpg,"https://commons.wikimedia.org/wiki/File:Two_families_(unknown_date),_by_Mih%C3%A1ly_von_Munk%C3%A1csy.jpg",,,,,,,,,,,,,,,,,,,,,,,,,,,,,,,,,,,,,,
Dutch,NLD,Netherlands,NLD,Jozef Israëls,https://en.wikipedia.org/wiki/Jozef_Isra%C3%ABls,Young Navigators,Keep,,https://upload.wikimedia.org/wikipedia/commons/thumb/b/b7/Young_Navigators_-_Jozef_Israels_-_ABDAG002478.jpg/960px-Young_Navigators_-_Jozef_Israels_-_ABDAG002478.jpg,https://commons.wikimedia.org/wiki/File:Young_Navigators_-_Jozef_Israels_-_ABDAG002478.jpg,,,,,,,,,,,,,,,,,,,,,,,,,,,,,,,,,,,,,,
Norwegian,NOR,Norway,NOR,Christian Krohg,https://en.wikipedia.org/wiki/Christian_Krohg,Sleeping mother with child,Keep,,https://upload.wikimedia.org/wikipedia/commons/2/21/Christian_Krohg-Sovende_mor_med_barn_1883.jpg,https://commons.wikimedia.org/wiki/File:Christian_Krohg-Sovende_mor_med_barn_1883.jpg,,,,,,,,,,,,,,,,,,,,,,,,,,,,,,,,,,,,,,
Polish,POL,Poland,POL,Józef Chełmoński,https://en.wikipedia.org/wiki/J%C3%B3zef_Che%C5%82mo%C5%84ski,The Storks,Keep,,https://upload.wikimedia.org/wikipedia/commons/thumb/d/d6/J%C3%B3zef_Che%C5%82mo%C5%84ski_-_Bociany_-_01_%28MP_561_MNW%29.jpg/960px-J%C3%B3zef_Che%C5%82mo%C5%84ski_-_Bociany_-_01_%28MP_561_MNW%29.jpg,https://commons.wikimedia.org/wiki/File:J%C3%B3zef_Che%C5%82mo%C5%84ski_-_Bociany_-_01_(MP_561_MNW).jpg,,,,,,,,,,,,,,,,,,,,,,,,,,,,,,,,,,,,,,
Portuguese,PRT,Portugal,PRT,José Malhoa,https://en.wikipedia.org/wiki/Jos%C3%A9_Malhoa,Portrait of D. Eugénia Mendes de Loureiro and Her Two Sons Carlos and João Relvas,Keep,,https://upload.wikimedia.org/wikipedia/commons/thumb/a/ae/Retrato_de_D._Eug%C3%A9nia_Mendes_de_Loureiro_e_dos_seus_dois_filhos_Carlos_e_Jo%C3%A3o_Relvas_%281899%29_-_Jos%C3%A9_Malhoa_%28CP-MA%2C_Inv._84.250%29.png/960px-Retrato_de_D._Eug%C3%A9nia_Mendes_de_Loureiro_e_dos_seus_dois_filhos_Carlos_e_Jo%C3%A3o_Relvas_%281899%29_-_Jos%C3%A9_Malhoa_%28CP-MA%2C_Inv._84.250%29.png,"https://commons.wikimedia.org/wiki/File:Retrato_de_D._Eug%C3%A9nia_Mendes_de_Loureiro_e_dos_seus_dois_filhos_Carlos_e_Jo%C3%A3o_Relvas_(1899)_-_Jos%C3%A9_Malhoa_(CP-MA,_Inv._84.250).png",,,,,,,,,,,,,,,,,,,,,,,,,,,,,,,,,,,,,,
Russian,RUS,Russia,RUS,Vladimir Makovsky,https://en.wikipedia.org/wiki/Vladimir_Makovsky,Mother and Daughter,Keep,,https://upload.wikimedia.org/wikipedia/commons/2/27/%D0%92%D0%BE%D0%BB%D0%BE%D0%B4%D0%B8%D0%BC%D0%B8%D1%80_%D0%9C%D0%B0%D0%BA%D0%BE%D0%B2%D1%81%D1%8C%D0%BA%D0%B8%D0%B9._%D0%9C%D0%B0%D1%82%D0%B8_%D1%82%D0%B0_%D0%B4%D0%BE%D0%BD%D1%8C%D0%BA%D0%B0._1886._Vladimir_Makovsky_-_Mother_and_Daughter.jpg,https://commons.wikimedia.org/wiki/File:Vladimir_Makovsky_-_Mother_and_Daughter.jpg,,,,,,,,,,,,,,,,,,,,,,,,,,,,,,,,,,,,,,
Swedish,SWE,Sweden,SWE,Carl Larsson,https://en.wikipedia.org/wiki/Carl_Larsson,Studio Idyll (The Artist’s Wife with Daughter Suzanne),Keep,,https://upload.wikimedia.org/wikipedia/commons/thumb/4/42/Atelje-idyll_Konstn%C3%A4rens_hustru_med_dottern_Suzanne_av_Carl_Larsson_1885.jpg/960px-Atelje-idyll_Konstn%C3%A4rens_hustru_med_dottern_Suzanne_av_Carl_Larsson_1885.jpg,https://commons.wikimedia.org/wiki/File:Atelje-idyll_Konstn%C3%A4rens_hustru_med_dottern_Suzanne_av_Carl_Larsson_1885.jpg,,,,,,,,,,,,,,,,,,,,,,,,,,,,,,,,,,,,,,
British,GBR,United Kingdom,GBR,Frederick Morgan,https://en.wikipedia.org/wiki/Frederick_Morgan_(painter),The Young Gallant,No,,https://upload.wikimedia.org/wikipedia/commons/thumb/6/6c/Frederick_Morgan_-_The_young_gallant.jpg/960px-Frederick_Morgan_-_The_young_gallant.jpg,https://commons.wikimedia.org/wiki/File:Frederick_Morgan_-_The_young_gallant.jpg,,,,,,,,,,,,,,,,,,,,,,,,,,,,,,,,,,,,,,
American,USA,United States,USA,Mary Cassatt,https://en.wikipedia.org/wiki/Mary_Cassatt,Maternity,Keep,Yes,https://upload.wikimedia.org/wikipedia/commons/d/d4/Cassatt_Mary_Maternite_1890.jpg,https://commons.wikimedia.org/wiki/File:Cassatt_Mary_Maternite_1890.jpg,,,,,,,,,,,,,,,,,,,,,,,,,,,,,,,,,,,,,,
American,USA,United States,USA,Mary Cassatt,https://en.wikipedia.org/wiki/Mary_Cassatt,The Child’s Bath,Keep,Yes,https://upload.wikimedia.org/wikipedia/commons/thumb/7/72/Mary_Cassatt_-_The_Child%27s_Bath_-_Google_Art_Project.jpg/960px-Mary_Cassatt_-_The_Child%27s_Bath_-_Google_Art_Project.jpg,https://commons.wikimedia.org/wiki/File:Mary_Cassatt_-_The_Child%27s_Bath_-_Google_Art_Project.jpg,,,,,,,,,,,,,,,,,,,,,,,,,,,,,,,,,,,,,,
American,USA,United States,USA,Mary Cassatt,https://en.wikipedia.org/wiki/Mary_Cassatt,Woman in a Red Bodice and Her Child,Keep,Yes,https://upload.wikimedia.org/wikipedia/commons/8/89/Brooklyn_Museum_-_Woman_in_a_Red_Bodice_and_Her_Child_-_Mary_Cassatt_-_overall.jpg,https://commons.wikimedia.org/wiki/File:Brooklyn_Museum_-_Woman_in_a_Red_Bodice_and_Her_Child_-_Mary_Cassatt_-_overall.jpg,,,,,,,,,,,,,,,,,,,,,,,,,,,,,,,,,,,,,,
Irish,IRL,Ireland,IRL,Walter Osborne,https://en.wikipedia.org/wiki/Walter_Osborne,Summertime,Keep,,https://upload.wikimedia.org/wikipedia/commons/thumb/a/a4/Walter_Osborne_Summertime.jpg/960px-Walter_Osborne_Summertime.jpg,https://commons.wikimedia.org/wiki/File:Walter_Osborne_Summertime.jpg,,,,,,,,,,,,,,,,,,,,,,,,,,,,,,,,,,,,,,
Italian,ITA,Italy,ITA,Silvestro Lega,https://en.wikipedia.org/wiki/Silvestro_Lega,Maternity,Keep,,https://upload.wikimedia.org/wikipedia/commons/e/ed/Lega_Maternt%C3%A0.jpg,https://commons.wikimedia.org/wiki/File:Lega_Maternt%C3%A0.jpg,,,,,,,,,,,,,,,,,,,,,,,,,,,,,,,,,,,,,,
Indian,IND,,IND,Raja Ravi Varma,https://en.wikipedia.org/wiki/Raja_Ravi_Varma,There Comes Papa,Keep,,https://upload.wikimedia.org/wikipedia/commons/thumb/2/2b/Raja_Ravi_Varma%2C_There_Comes_Papa_%281893%29.jpg/960px-Raja_Ravi_Varma%2C_There_Comes_Papa_%281893%29.jpg,"https://commons.wikimedia.org/wiki/File:Raja_Ravi_Varma,_There_Comes_Papa_(1893).jpg",,,,,,,,,,,,,,,,,,,,,,,,,,,,,,,,,,,,,,
Mexican,MEX,,MEX,Diego Rivera,https://en.wikipedia.org/wiki/Diego_Rivera,Motherhood (Angelina and the Child),Keep,Yes,https://upload.wikimedia.org/wikipedia/commons/thumb/c/c0/Diego_Rivera%2C_c.1916%2C_Maternidad%2C_Angelina_y_el_ni%C3%B1o_Diego%2C_oil_on_canvas%2C_134.5_x_88.5_cm%2C_Museo_de_Arte_Carrillo_Gil.jpg/960px-Diego_Rivera%2C_c.1916%2C_Maternidad%2C_Angelina_y_el_ni%C3%B1o_Diego%2C_oil_on_canvas%2C_134.5_x_88.5_cm%2C_Museo_de_Arte_Carrillo_Gil.jpg,"https://en.wikipedia.org/wiki/Diego_Rivera#/media/File:Diego_Rivera,_c.1916,_Maternidad,_Angelina_y_el_ni%C3%B1o_Diego,_oil_on_canvas,_134.5_x_88.5_cm,_Museo_de_Arte_Carrillo_Gil.jpg",,,,,,,,,,,,,,,,,,,,,,,,,,,,,,,,,,,,,,
French,FRA,,FRA,Élisabeth Vigée Le Brun,https://en.wikipedia.org/wiki/%C3%89lisabeth_Vig%C3%A9e_Le_Brun,Self-Portrait with Daughter,Keep,,https://upload.wikimedia.org/wikipedia/commons/thumb/3/3e/Self-portrait_with_Her_Daughter_by_Elisabeth-Louise_Vig%C3%A9e_Le_Brun.jpg/960px-Self-portrait_with_Her_Daughter_by_Elisabeth-Louise_Vig%C3%A9e_Le_Brun.jpg,https://en.wikipedia.org/wiki/%C3%89lisabeth_Vig%C3%A9e_Le_Brun#/media/File:Self-portrait_with_Her_Daughter_by_Elisabeth-Louise_Vig%C3%A9e_Le_Brun.jpg,,,,,,,,,,,,,,,,,,,,,,,,,,,,,,,,,,,,,,
French,FRA,,FRA,Berthe Morisot,https://en.wikipedia.org/wiki/Berthe_Morisot,The Cradle,Keep,,https://upload.wikimedia.org/wikipedia/commons/thumb/a/ac/Berthe_Morisot_008.jpg/960px-Berthe_Morisot_008.jpg,https://en.wikipedia.org/wiki/Berthe_Morisot#/media/File:Berthe_Morisot_008.jpg,,,,,,,,,,,,,,,,,,,,,,,,,,,,,,,,,,,,,,
American,USA,,USA,Henry Ossawa Tanner,https://en.wikipedia.org/wiki/Henry_Ossawa_Tanner,The Banjo Lesson,Keep,,https://upload.wikimedia.org/wikipedia/commons/thumb/8/80/Henry_Ossawa_Tanner%2C_The_Banjo_Lesson_%28darker%29.jpg/960px-Henry_Ossawa_Tanner%2C_The_Banjo_Lesson_%28darker%29.jpg,"https://commons.wikimedia.org/wiki/File:Henry_Ossawa_Tanner,_The_Banjo_Lesson_(darker).jpg",,,,,,,,,,,,,,,,,,,,,,,,,,,,,,,,,,,,,,
Dutch,NLD,,NLD,Vincent van Gogh,https://en.wikipedia.org/wiki/Vincent_van_Gogh,First Step,Keep,,https://upload.wikimedia.org/wikipedia/commons/thumb/e/ee/Vincent_van_Gogh_-_First_Steps.jpg/960px-Vincent_van_Gogh_-_First_Steps.jpg,https://commons.wikimedia.org/wiki/File:Vincent_van_Gogh_-_First_Steps.jpg,,,,,,,,,,,,,,,,,,,,,,,,,,,,,,,,,,,,,,
German,DEU,,DEU,Käthe Kollwitz,https://en.wikipedia.org/wiki/K%C3%A4the_Kollwitz,The Mothers,Keep,,https://upload.wikimedia.org/wikipedia/commons/b/b0/%22Die_M%C3%BCtter%22_-_K%C3%A4the_Kollwitz_%3B_Felsing_%28printer%29._LCCN2009630850.jpg,https://en.wikipedia.org/wiki/K%C3%A4the_Kollwitz#/media/File:%22Die_M%C3%BCtter%22_-_K%C3%A4the_Kollwitz_;_Felsing_(printer)._LCCN2009630850.jpg,,,,,,,,,,,,,,,,,,,,,,,,,,,,,,,,,,,,,,
Italian,ITA,,ITA,Umberto Boccioni,https://en.wikipedia.org/wiki/Umberto_Boccioni,The wife and daughter of Giacomo Balla,Keep,,https://upload.wikimedia.org/wikipedia/commons/thumb/f/f3/Umberto_Boccioni_%E2%80%93_La_moglie_di_Balla_con_la_figlia.tiff/lossy-page1-572px-Umberto_Boccioni_%E2%80%93_La_moglie_di_Balla_con_la_figlia.tiff.jpg,https://commons.wikimedia.org/wiki/File:Umberto_Boccioni_%E2%80%93_La_moglie_di_Balla_con_la_figlia.tiff,,,,,,,,,,,,,,,,,,,,,,,,,,,,,,,,,,,,,,
Italian,ITA,,ITA,Leonardo da Vinci,https://en.wikipedia.org/wiki/Leonardo_da_Vinci,The Virgin and Child with Saint Anne,Keep,,https://upload.wikimedia.org/wikipedia/commons/thumb/f/fe/La_Vierge%2C_l%27Enfant_J%C3%A9sus_et_sainte_Anne%2C_by_Leonardo_da_Vinci%2C_from_C2RMF.jpg/960px-La_Vierge%2C_l%27Enfant_J%C3%A9sus_et_sainte_Anne%2C_by_Leonardo_da_Vinci%2C_from_C2RMF.jpg,https://en.wikipedia.org/wiki/The_Virgin_and_Child_with_Saint_Anne_(Leonardo)#/media/File:Leonardo_da_Vinci_-_Virgin_and_Child_with_St_Anne_C2RMF_retouched.jpg,,,,,,,,,,,,,,,,,,,,,,,,,,,,,,,,,,,,,,
Italian,ITA,,ITA,Filippo Lippi,https://en.wikipedia.org/wiki/Filippo_Lippi,Madonna and Child,Keep,,https://upload.wikimedia.org/wikipedia/commons/f/f0/Fra_Filippo_Lippi_-_Madonna_with_the_Child_and_two_Angels_-_WGA13307.jpg,https://en.wikipedia.org/wiki/Filippo_Lippi#/media/File:Fra_Filippo_Lippi_-_Madonna_with_the_Child_and_two_Angels_-_WGA13307.jpg,,,,,,,,,,,,,,,,,,,,,,,,,,,,,,,,,,,,,,
French,FRA,,FRA,Auguste Rodin,https://en.wikipedia.org/wiki/Auguste_Rodin,Young Mother in the Grotto,Keep,,https://upload.wikimedia.org/wikipedia/commons/thumb/3/34/35_La-joven-madre-1.jpg/960px-35_La-joven-madre-1.jpg,https://en.wikipedia.org/wiki/Young_Mother,,,,,,,,,,,,,,,,,,,,,,,,,,,,,,,,,,,,,,
Polish,POL,Poland,POL,Stanisław Wyspiański,https://en.wikipedia.org/wiki/Stanis%C5%82aw_Wyspia%C5%84ski,Motherhood,Keep,Yes,https://upload.wikimedia.org/wikipedia/commons/thumb/7/7b/Macierzynstwo_1905.jpg/960px-Macierzynstwo_1905.jpg,https://commons.wikimedia.org/wiki/File:Macierzynstwo_1905.jpg,,,,,,,,,,,,,,,,,,,,,,,,,,,,,,,,,,,,,,
Hungarian-Indian,IND,India,IND,Amrita Sher-Gil,https://en.wikipedia.org/wiki/Amrita_Sher-Gil,Mother and Child,Keep,,https://upload.wikimedia.org/wikipedia/commons/thumb/6/63/Mother_India_1935.jpg/960px-Mother_India_1935.jpg,https://en.wikipedia.org/wiki/Mother_India_%28painting%29#/media/File:Mother_India_1935.jpg,,,,,,,,,,,,,,,,,,,,,,,,,,,,,,,,,,,,,,
Hungarian-Indian,IND,India,IND,Amrita Sher-Gil,https://en.wikipedia.org/wiki/Amrita_Sher-Gil,The Little Girl in Blue,Keep,,https://upload.wikimedia.org/wikipedia/commons/thumb/f/f1/The_Little_Girl_in_Blue_by_Amrita_Sher-Gil.jpg/960px-The_Little_Girl_in_Blue_by_Amrita_Sher-Gil.jpg,https://en.wikipedia.org/wiki/The_Little_Girl_in_Blue#/media/File:The_Little_Girl_in_Blue_by_Amrita_Sher-Gil.jpg,,,,,,,,,,,,,,,,,,,,,,,,,,,,,,,,,,,,,,
American,USA,United States,USA,Mary Cassatt,https://en.wikipedia.org/wiki/Mary_Cassatt,Reine Lefebre and Margot before a Window,Keep,,https://upload.wikimedia.org/wikipedia/commons/b/be/Mary_Cassatt%2C_1902%2C_Reine_Lefebre_and_Margot_before_a_Window.jpg,"https://en.wikipedia.org/wiki/Mary_Cassatt#/media/File:Mary_Cassatt,_1902,_Reine_Lefebre_and_Margot_before_a_Window.jpg",USA,United States,USA,Mary Cassatt,https://en.wikipedia.org/wiki/Mary_Cassatt,The Child’s Bath,,,https://upload.wikimedia.org/wikipedia/commons/thumb/7/72/Mary_Cassatt_-_The_Child%27s_Bath_-_Google_Art_Project.jpg/960px-Mary_Cassatt_-_The_Child%27s_Bath_-_Google_Art_Project.jpg,https://commons.wikimedia.org/wiki/File:Mary_Cassatt_-_The_Child%27s_Bath_-_Google_Art_Project.jpg,,,,,,,,,,,,,,,,,,,,,,,,,,,,
American,USA,United States,USA,Mary Cassatt,https://en.wikipedia.org/wiki/Mary_Cassatt,Young Mother Sewing,Keep,,https://upload.wikimedia.org/wikipedia/commons/thumb/7/7e/Young_Mother_Sewing_MET_DP139632.jpg/960px-Young_Mother_Sewing_MET_DP139632.jpg,https://en.wikipedia.org/wiki/Mary_Cassatt#/media/File:Young_Mother_Sewing_MET_DP139632.jpg,USA,United States,USA,Mary Cassatt,https://en.wikipedia.org/wiki/Mary_Cassatt,The Child’s Bath,,,https://upload.wikimedia.org/wikipedia/commons/thumb/7/72/Mary_Cassatt_-_The_Child%27s_Bath_-_Google_Art_Project.jpg/960px-Mary_Cassatt_-_The_Child%27s_Bath_-_Google_Art_Project.jpg,https://commons.wikimedia.org/wiki/File:Mary_Cassatt_-_The_Child%27s_Bath_-_Google_Art_Project.jpg,,Uruguayan,Uruguayan,Uruguayan,Uruguayan,Uruguayan,Uruguayan,Uruguayan,Uruguayan,Uruguayan,Uruguayan,Uruguayan,Uruguayan,Uruguayan,Uruguayan,Uruguayan,Uruguayan,Uruguayan,Uruguayan,Uruguayan,Uruguayan,Uruguayan,Uruguayan,Uruguayan,Uruguayan,Uruguayan,Uruguayan,Uruguayan
,SLB,Solomon Islands,SLB,,,Ancestoral effigy; Solomon Islands,keep,,"https://iiif.wellcomecollection.org/image/M0012643.jpg/full/512,/0/default.jpg",https://www.europeana.eu/item/9200579/psb3nwes?utm_source=api&utm_medium=api&utm_campaign=caugeoppityr,,,,,,europeana,,CC,FALSE,,,,,,,,,,,,,,,,,,,,,,,,,,,,,
,AND,Andorra,AND,,,Andorra,keep,,http://sgdap.girona.cat/sdam/imatges/348443.jpg,https://www.europeana.eu/item/2024914/photography_ProvidedCHO_Ajuntament_de_Girona_348443?utm_source=api&utm_medium=api&utm_campaign=caugeoppityr,,,,,,europeana,,public domain,FALSE,,,,,,,,,,,,,,,,,,,,,,,,,,,,,
,BFA,Burkina Faso,BFA,,,Blanket or Cover (Kaasa),keep,,https://openaccess-cdn.clevelandart.org/2024.72/2024.72_web.jpg,https://clevelandart.org/art/2024.72,,,,,,cleveland,"Wool, dye",public domain,FALSE,,c. 1930s or earlier,,,,,,,,,,,,,,,,,,,,,,,,,,,
,MLT,Malta,MLT,,,Bolero Style Lace Jacket,keep,,https://openaccess-cdn.clevelandart.org/1937.12/1937.12_web.jpg,https://clevelandart.org/art/1937.12,,,,,,cleveland,Silk: bobbin lace,public domain,FALSE,,1800s,,,,,,,,,,,,,,,,,,,,,,,,,,,
Ethiopia,ETH,Ethiopia,ETH,"Gondar, Ethiopia
 Eastern and Southern Africa",,Bound Manuscript: The Miracles of Mary (Te'amire Maryam),keep,,"https://www.artic.edu/iiif/2/e9ad2413-352a-807e-aaa9-a198100257c5/full/843,/0/default.jpg",https://www.artic.edu/artworks/158772,,,,,,aic,,public domain,FALSE,,Late 17th century,,,,,,,,,,,,,,,,,,,,,,,,,,,
,PNG,Papua New Guinea,PNG,,,Bowl,keep,,https://openaccess-cdn.clevelandart.org/1965.322/1965.322_web.jpg,https://clevelandart.org/art/1965.322,,,,,,cleveland,painted wood,CC0,FALSE,,1800s,,,,,,,,,,,,,,,,,,,,,,,,,,,
Sri Lanka,LKA,Sri Lanka,LKA,Sri Lanka,,Buddha Seated in Meditation (Dhyanamudra),keep,,"https://www.artic.edu/iiif/2/964d6f73-1b5f-4ab4-ae97-f47d82463b20/full/843,/0/default.jpg",https://www.artic.edu/artworks/103274,,,,,,aic,,public domain,FALSE,,"Kandyan period, 18th century",,,,,,,,,,,,,,,,,,,,,,,,,,,
,BFA,Burkina Faso,BFA,,,Buffalo Mask,keep,,https://openaccess-cdn.clevelandart.org/1969.2/1969.2_web.jpg,https://clevelandart.org/art/1969.2,,,,,,cleveland,"Wood, plant fibers, paint, and iron",CC0,FALSE,,early to mid-1900s,,,,,,,,,,,,,,,,,,,,,,,,,,,
,TZA,Tanzania,TZA,,,Cap (kofia ya kiua or barghashia),keep,,https://openaccess-cdn.clevelandart.org/1964.579/1964.579_web.jpg,https://clevelandart.org/art/1964.579,,,,,,cleveland,cotton,CC0,FALSE,,1900s,,,,,,,,,,,,,,,,,,,,,,,,,,,
,AZE,Azerbaijan,AZE,,,Carpet,keep,,https://openaccess-cdn.clevelandart.org/1961.383/1961.383_web.jpg,https://clevelandart.org/art/1961.383,,,,,,cleveland,Ghiordez knot: wool and cotton,CC0,FALSE,,1890,,,,,,,,,,,,,,,,,,,,,,,,,,,
,CRI,Costa Rica,CRI,,,Celt-Shaped Pendant,keep,,https://openaccess-cdn.clevelandart.org/1972.4/1972.4_web.jpg,https://clevelandart.org/art/1972.4,,,,,,cleveland,jadeite,CC0,FALSE,,c. 300 BCE–600 CE,,,,,,,,,,,,,,,,,,,,,,,,,,,
,COK,Cook Islands,COK,,,Ceremonial Adze,keep,,https://openaccess-cdn.clevelandart.org/1940.1078/1940.1078_web.jpg,https://clevelandart.org/art/1940.1078,,,,,,cleveland,"wood, stone, fiber",CC0,FALSE,,1800s,,,,,,,,,,,,,,,,,,,,,,,,,,,
,AGO,Angola,AGO,,,Ceremonial Chair or Throne (citwamo ca mangu),keep,,https://openaccess-cdn.clevelandart.org/2024.140/2024.140_web.jpg,https://clevelandart.org/art/2024.140,,,,,,cleveland,"Wood, upholstery studs, leather",CC0,FALSE,,1800s,,,,,,,,,,,,,,,,,,,,,,,,,,,
Nicoya,CRI,Costa Rica,CRI,"Nicoya
 Nicoya, Guanacaste province, Costa Rica",,Ceremonial Grinding Table (Metate),keep,,"https://www.artic.edu/iiif/2/fe83a496-c70d-233e-2585-c7da300f0f25/full/843,/0/default.jpg",https://www.artic.edu/artworks/65291,,,,,,aic,,public domain,FALSE,,1–500 CE,,,,,,,,,,,,,,,,,,,,,,,,,,,
Nicoya,CRI,Costa Rica,CRI,"Nicoya
 Nicoya, Guanacaste province, Costa Rica",,Ceremonial Grinding Table (Metate) in the Form of a Feline,keep,,"https://www.artic.edu/iiif/2/9ff92517-5be6-c4f8-db1b-a3f37fcbbb66/full/843,/0/default.jpg",https://www.artic.edu/artworks/146939,,,,,,aic,,public domain,FALSE,,500–1000,,,,,,,,,,,,,,,,,,,,,,,,,,,
Kenya,KEN,Kenya,KEN,"Swahili
 Lamu, Kenya
 Eastern and Southern Africa",,Chair (Kiti Cha Enzi),keep,,"https://www.artic.edu/iiif/2/6f071f3a-a59e-ee80-6528-ed1fa8670090/full/843,/0/default.jpg",https://www.artic.edu/artworks/183077,,,,,,aic,,public domain,FALSE,,19th century,,,,,,,,,,,,,,,,,,,,,,,,,,,
Central Asia,TKM,Turkmenistan,TKM,"Probably Central Asia, possibly Turkmenistan, Turkoman",,Chapan or Khalat (Man's Outer Robe),keep,,"https://www.artic.edu/iiif/2/a5328070-7af7-0237-cb36-e36dfbba7d9a/full/843,/0/default.jpg",https://www.artic.edu/artworks/157315,,,,,,aic,,public domain,FALSE,,19th century,,,,,,,,,,,,,,,,,,,,,,,,,,,
,AGO,Angola,AGO,,,Comb (cisakulo),keep,,https://openaccess-cdn.clevelandart.org/1915.453/1915.453_web.jpg,https://clevelandart.org/art/1915.453,,,,,,cleveland,"Wood, glass beads, and natural fibers",CC0,FALSE,,mid- to late 1800s,,,,,,,,,,,,,,,,,,,,,,,,,,,
"Africa, Central Africa, Cameroon, Bangwa Kingdom",CMR,Cameroon,CMR,"Ateu Atsa (Bangwa, c. 1840–1910)",,Commemorative figure (lefem),keep,,https://openaccess-cdn.clevelandart.org/1987.62/1987.62_web.jpg,https://clevelandart.org/art/1987.62,,,,,,cleveland,wood,CC0,FALSE,,mid-1800s–1910,,,,,,,,,,,,,,,,,,,,,,,,,,,
Angola,AGO,Angola,AGO,"Kongo
 Angola, Democratic Republic of the Congo, or Republic of the Congo
 Central Africa",,Container,keep,,"https://www.artic.edu/iiif/2/2ca1decb-b778-6d9a-ad88-3e410febc8c4/full/843,/0/default.jpg",https://www.artic.edu/artworks/180495,,,,,,aic,,public domain,FALSE,,18th/19th century,,,,,,,,,,,,,,,,,,,,,,,,,,,
,PAN,Panama,PAN,,,Crocodile Pendant,keep,,https://openaccess-cdn.clevelandart.org/1990.160/1990.160_web.jpg,https://clevelandart.org/art/1990.160,,,,,,cleveland,"cast gold, modern greenstone",CC0,FALSE,,1000–1550,,,,,,,,,,,,,,,,,,,,,,,,,,,
Panama,PAN,Panama,PAN,"Coclé
 Coclé province, Panama",,Double Pendant in the Form of a Mythical Saurian with Tusks,keep,,"https://www.artic.edu/iiif/2/31bcfcfe-6644-f36a-b412-a2055baaeae9/full/843,/0/default.jpg",https://www.artic.edu/artworks/99520,,,,,,aic,,public domain,FALSE,,800–1200,,,,,,,,,,,,,,,,,,,,,,,,,,,
Nepal,NPL,Nepal,NPL,Nepal,,Double-Sided Painted Banner (Paubha) with God Shiva,keep,,"https://www.artic.edu/iiif/2/6847bea2-8d1a-cc2e-c9ae-da6be0ae8192/full/843,/0/default.jpg",https://www.artic.edu/artworks/142517,,,,,,aic,,public domain,FALSE,,16th-17th century,,,,,,,,,,,,,,,,,,,,,,,,,,,
,UGA,Uganda,UGA,,,Drum (ngoma),keep,,https://openaccess-cdn.clevelandart.org/1929.343/1929.343_web.jpg,https://clevelandart.org/art/1929.343,,,,,,cleveland,"Wood, rawhide, and plant fiber",CC0,FALSE,,by 1928,,,,,,,,,,,,,,,,,,,,,,,,,,,
,LBR,Liberia,LBR,,,Face Mask,keep,,https://openaccess-cdn.clevelandart.org/1972.331/1972.331_web.jpg,https://clevelandart.org/art/1972.331,,,,,,cleveland,"Wood, metal, leather, and organic materials",CC0,FALSE,,possibly early 1900s,,,,,,,,,,,,,,,,,,,,,,,,,,,
,LBR,Liberia,LBR,,,Face Mask (Tehe gla),keep,,https://openaccess-cdn.clevelandart.org/1971.294/1971.294_web.jpg,https://clevelandart.org/art/1971.294,,,,,,cleveland,"Wood, boar tusks, pelt, cloth, human hair, probably aluminum, reeds, iron alloy, copper alloy, plant fiber, and paint",CC0,FALSE,,early 1900s,,,,,,,,,,,,,,,,,,,,,,,,,,,
,CRI,Costa Rica,CRI,,,Feline Pendant,keep,,https://openaccess-cdn.clevelandart.org/2015.11/2015.11_web.jpg,https://clevelandart.org/art/2015.11,,,,,,cleveland,"gold, cast",CC0,FALSE,,1000–1550,,,,,,,,,,,,,,,,,,,,,,,,,,,
"Africa, West Africa, Côte d'Ivoire, possibly Bondoukou region, unknown maker",GHA,Ghana,GHA,,,Female Figure,keep,,https://openaccess-cdn.clevelandart.org/1972.343/1972.343_web.jpg,https://clevelandart.org/art/1972.343,,,,,,cleveland,"Wood, paint, glass beads, and natural fiber",CC0,FALSE,,,,,,,,,,,,,,,,,,,,,,,,,,,,,
South Africa,LSO,Lesotho,LSO,"Southern Sotho
 Lesotho or South Africa",,Fertility Figure,keep,,"https://www.artic.edu/iiif/2/35f873ec-ee37-9c3c-61e9-d3132f2b83ef/full/843,/0/default.jpg",https://www.artic.edu/artworks/260026,,,,,,aic,,public domain,FALSE,,19th century,,,,,,,,,,,,,,,,,,,,,,,,,,,
,SLE,Sierra Leone,SLE,,,Figure,keep,,https://openaccess-cdn.clevelandart.org/1976.29/1976.29_web.jpg,https://clevelandart.org/art/1976.29,,,,,,cleveland,soapstone,CC0,FALSE,,possibly early 1400s,,,,,,,,,,,,,,,,,,,,,,,,,,,
,BFA,Burkina Faso,BFA,,,Figure (baàthíl),keep,,https://openaccess-cdn.clevelandart.org/1967.152/1967.152_web.jpg,https://clevelandart.org/art/1967.152,,,,,,cleveland,Wood and organic materials,CC0,FALSE,,c. 1900,,,,,,,,,,,,,,,,,,,,,,,,,,,
,LSO,Lesotho,LSO,,,Figure (kgöngwana-tshingwana/Ngwana sehô),keep,,https://openaccess-cdn.clevelandart.org/2010.208/2010.208_web.jpg,https://clevelandart.org/art/2010.208,,,,,,cleveland,"Wood, glass beads, cloth, thread, and copper alloy",CC0,FALSE,,1800s–1900s,,,,,,,,,,,,,,,,,,,,,,,,,,,
Venado Beach,PAN,Panama,PAN,"Coclé
 Venado Beach, Coclé province, Panama",,Filagree Pendant in the Form of a Frog or Toad,keep,,"https://www.artic.edu/iiif/2/6b81fe5c-877f-9951-40ba-4d4db735b71e/full/843,/0/default.jpg",https://www.artic.edu/artworks/32545,,,,,,aic,,public domain,FALSE,,500–1000,,,,,,,,,,,,,,,,,,,,,,,,,,,
,CHL,Chile,CHL,,,Four-Cornered Hat,keep,,https://openaccess-cdn.clevelandart.org/1997.150/1997.150_web.jpg,https://clevelandart.org/art/1997.150,,,,,,cleveland,alpaca,CC0,FALSE,,c. 400–1000,,,,,,,,,,,,,,,,,,,,,,,,,,,
Mali,MLI,Mali,MLI,"Jenné-Jeno
 Inland Niger Delta region, Mali
 Northern Africa and the Sahel",,Fragment of a Kneeling Figure,keep,,"https://www.artic.edu/iiif/2/037e6401-b0bf-a93e-3a0a-1eec498becbe/full/843,/0/default.jpg",https://www.artic.edu/artworks/100938,,,,,,aic,,public domain,FALSE,,11th-14th century,,,,,,,,,,,,,,,,,,,,,,,,,,,
Italian,DMA,Dominica,DMA,Agostino Brunias,,"Francophone Women of Color and a Young Attendant, Dominica [French Mulatresses of Dominica in their Proper Dress]",keep,,https://nrs.harvard.edu/urn-3:HUAM:LEG281322,https://www.harvardartmuseums.org/collections/object/222159,,,,,,harvard,,public domain,FALSE,,c. 1765-1790,,,,,,,,,,,,,,,,,,,,,,,,,,,
Kazakhstan,KAZ,Kazakhstan,KAZ,"Caucasus, Kazakhstan",,Garden rug,keep,,"https://www.artic.edu/iiif/2/cf9ed9a2-e2c3-e105-ea93-97288fe0109f/full/843,/0/default.jpg",https://www.artic.edu/artworks/37733,,,,,,aic,,public domain,FALSE,,1890,,,,,,,,,,,,,,,,,,,,,,,,,,,
Guernsey,GGY,Guernsey,GGY,Denys Corbet,,Guernsey Heifer behind Manoir de Pierre Percee,keep,,http://commons.wikimedia.org/wiki/Special:FilePath/Denys%20Corbet%20%281826-1909%29%20-%20Guernsey%20Heifer%20behind%20Manoir%20de%20Pierre%20Percee%20-%20GUEMG%20%2C%20GMAG%201989.108%20-%20Guernsey%20Museum%20and%20Art%20Gallery.jpg,https://www.wikidata.org/wiki/Q119118436,,,,,,wikidata,,public domain (Wikimedia Commons),FALSE,,1874,,,,,,,,,,,,,,,,,,,,,,,,,,,
,COD,Democratic Republic of the Congo,COD,,,Hat (Kalyeem),keep,,https://openaccess-cdn.clevelandart.org/1998.29/1998.29_web.jpg,https://clevelandart.org/art/1998.29,,,,,,cleveland,"Raffia, glass beads, cowrie shells, cloth (including wool), thread, and copper alloy",CC0,FALSE,,possibly early 1900s,,,,,,,,,,,,,,,,,,,,,,,,,,,
Gabon,GAB,Gabon,GAB,"Fang
 Gabon
 Central Africa",,Head,keep,,"https://www.artic.edu/iiif/2/73e4f1d9-97a2-1742-5235-72bfcaef9473/full/843,/0/default.jpg",https://www.artic.edu/artworks/187528,,,,,,aic,,public domain,FALSE,,Mid–late 19th century,,,,,,,,,,,,,,,,,,,,,,,,,,,
,MLI,Mali,MLI,,,Head of a Hobbyhorse (korèdugaso),keep,,https://openaccess-cdn.clevelandart.org/1935.307/1935.307_web.jpg,https://clevelandart.org/art/1935.307,,,,,,cleveland,Wood and iron,CC0,FALSE,,late 1800s–early 1900s,,,,,,,,,,,,,,,,,,,,,,,,,,,
,HND,Honduras,HND,,,Head of a Young Noble,keep,,https://openaccess-cdn.clevelandart.org/1953.154/1953.154_web.jpg,https://clevelandart.org/art/1953.154,,,,,,cleveland,stone,CC0,FALSE,,746,,,,,,,,,,,,,,,,,,,,,,,,,,,
,THA,Thailand,THA,,,"Head of Male Deity, possibly Aiyanar",keep,,https://openaccess-cdn.clevelandart.org/1970.11/1970.11_web.jpg,https://clevelandart.org/art/1970.11,,,,,,cleveland,sandstone,CC0,FALSE,,600–650,,,,,,,,,,,,,,,,,,,,,,,,,,,
,HND,Honduras,HND,,,Head Ornament,keep,,https://openaccess-cdn.clevelandart.org/1947.176/1947.176_web.jpg,https://clevelandart.org/art/1947.176,,,,,,cleveland,jade,CC0,FALSE,,c. 600–900,,,,,,,,,,,,,,,,,,,,,,,,,,,
,MLI,Mali,MLI,,,Headdress (chi wara),keep,,https://openaccess-cdn.clevelandart.org/1965.325/1965.325_web.jpg,https://clevelandart.org/art/1965.325,,,,,,cleveland,"Wood, cowrie shells, glass beads, possibly aluminum, iron alloy, upholstery studs, and natural fibers",CC0,FALSE,,early to mid-1900s,,,,,,,,,,,,,,,,,,,,,,,,,,,
,MOZ,Mozambique,MOZ,,,Headrest,keep,,https://openaccess-cdn.clevelandart.org/1996.268/1996.268_web.jpg,https://clevelandart.org/art/1996.268,,,,,,cleveland,Wood and colorant,CC0,FALSE,,1900s,,,,,,,,,,,,,,,,,,,,,,,,,,,
Eswatini,SWZ,Eswatini,SWZ,"Swazi
 Eswatini",,Headrest (Isicamelo),keep,,"https://www.artic.edu/iiif/2/0ae41fa4-8cd7-257e-fad5-40b013c5db28/full/843,/0/default.jpg",https://www.artic.edu/artworks/271708,,,,,,aic,,public domain,FALSE,,19th century,,,,,,,,,,,,,,,,,,,,,,,,,,,
,ECU,Ecuador,ECU,,,Healing Mural,keep,,http://commons.wikimedia.org/wiki/Special:FilePath/Mural%20en%20el%20Hospital%20Teodoro%20Maldonado%20Carbo.jpg,https://www.wikidata.org/wiki/Q111842307,,,,,,wikidata,,public domain (Wikimedia Commons),FALSE,,1970,,,,,,,,,,,,,,,,,,,,,,,,,,,
,CIV,Ivory Coast,CIV,,,Helmet Mask,keep,,https://openaccess-cdn.clevelandart.org/1972.336/1972.336_web.jpg,https://clevelandart.org/art/1972.336,,,,,,cleveland,wood,CC0,FALSE,,early to mid-1900s,,,,,,,,,,,,,,,,,,,,,,,,,,,
,THA,Thailand,THA,,,Hevajra,keep,,https://openaccess-cdn.clevelandart.org/2011.143/2011.143_web.jpg,https://clevelandart.org/art/2011.143,,,,,,cleveland,Bronze,CC0,FALSE,,c. 1200,,,,,,,,,,,,,,,,,,,,,,,,,,,
,HKG,Hong Kong,HKG,,,Hong Kong Statue of Democracy,keep,,http://commons.wikimedia.org/wiki/Special:FilePath/2019-10-04%20Protests%20in%20Hong%20Kong%2030.jpg,https://www.wikidata.org/wiki/Q67936511,,,,,,wikidata,,public domain (Wikimedia Commons),FALSE,,2019,,,,,,,,,,,,,,,,,,,,,,,,,,,
Democratic Republic of the Congo,COD,Democratic Republic of the Congo,COD,"Kuba
 Kasai region, Democratic Republic of the Congo
 Central Africa",,Horn,keep,,"https://www.artic.edu/iiif/2/76b733d0-34a8-8f1c-bda1-95b45773cf7a/full/843,/0/default.jpg",https://www.artic.edu/artworks/88689,,,,,,aic,,public domain,FALSE,,Late 19th-early 20th century,,,,,,,,,,,,,,,,,,,,,,,,,,,
,SLB,Solomon Islands,SLB,,,"House-post figure, anthropomorphic effigy, Solomon Islands.",keep,,"https://iiif.wellcomecollection.org/image/M0016045.jpg/full/512,/0/default.jpg",https://www.europeana.eu/item/9200579/mckcg3cm?utm_source=api&utm_medium=api&utm_campaign=caugeoppityr,,,,,,europeana,,open,FALSE,,,,,,,,,,,,,,,,,,,,,,,,,,,,,
,NPL,Nepal,NPL,anoniem,,Indra | Indrani,keep,,https://iiif.micr.io/zKcrP/full/max/0/default.jpg,https://www.rijksmuseum.nl/en/collection/AK-MAK-1393,,,,,,rijksmuseum,brons,public domain,FALSE,,ca. 1600 - ca. 1700,,,,,,,,,,,,,,,,,,,,,,,,,,,
,IMN,Isle of Man,IMN,,,Isle of Man,keep,,https://pub.raa.se/dokumentation/38a94977-62c5-440d-91b6-8769b90e2702/visning/1,https://www.europeana.eu/item/808/raa_dokumentation_38a94977_62c5_440d_91b6_8769b90e2702?utm_source=api&utm_medium=api&utm_campaign=caugeoppityr,,,,,,europeana,,open,FALSE,,,,,,,,,,,,,,,,,,,,,,,,,,,,,
Jersey,JEY,Jersey,JEY,Charles H. Poingdestre,,Italian Harvest Scene,keep,,http://commons.wikimedia.org/wiki/Special:FilePath/Charles%20Poingdestre%20%281825-1905%29%20-%20Italian%20Harvest%20Scene%20-%20LCNUG%201927.1538%20-%20Usher%20Gallery.jpg,https://www.wikidata.org/wiki/Q119075756,,,,,,wikidata,,public domain (Wikimedia Commons),FALSE,,1850,,,,,,,,,,,,,,,,,,,,,,,,,,,
Southern Peru,BOL,Bolivia,BOL,"Tiwanaku-Wari
 Coastal Peru or highland Bolivia",,Jar in the Form of a Jaguar Head,keep,,"https://www.artic.edu/iiif/2/e06e7dc0-3c49-76e4-546b-3344517716c2/full/843,/0/default.jpg",https://www.artic.edu/artworks/9142,,,,,,aic,,public domain,FALSE,,700–1000,,,,,,,,,,,,,,,,,,,,,,,,,,,
Myanmar,MMR,Myanmar,MMR,Burma (Myanmar),,Kneeling Monk,keep,,"https://www.artic.edu/iiif/2/a4e1f1e6-f562-8369-65d0-bc19320e809d/full/843,/0/default.jpg",https://www.artic.edu/artworks/65967,,,,,,aic,,public domain,FALSE,,19th century,,,,,,,,,,,,,,,,,,,,,,,,,,,
Latvia,LVA,Latvia,LVA,Jēkabs Kazaks,,Ladies at the Seaside,keep,,http://commons.wikimedia.org/wiki/Special:FilePath/J%C4%93kabs%20Kazaks%20-%20Ladies%20at%20the%20Seaside%20-%20Google%20Art%20Project.jpg,https://www.wikidata.org/wiki/Q28808869,,,,,,wikidata,,public domain (Wikimedia Commons),FALSE,,1920,,,,,,,,,,,,,,,,,,,,,,,,,,,
,LUX,Luxembourg,LUX,,,Luxembourg,keep,,"https://collections.mnaha.lu/api/v1/records/mnha12326/files/images/mnha12326_69182.jpg/full/!460,460/0/default.jpg",https://www.europeana.eu/item/1269/mnha12326?utm_source=api&utm_medium=api&utm_campaign=caugeoppityr,,,,,,europeana,,open,FALSE,,,,,,,,,,,,,,,,,,,,,,,,,,,,,
,CRI,Costa Rica,CRI,,,Mace Head,keep,,https://openaccess-cdn.clevelandart.org/1990.165/1990.165_web.jpg,https://clevelandart.org/art/1990.165,,,,,,cleveland,pecked and polished gray stone,CC0,FALSE,,300–500 CE,,,,,,,,,,,,,,,,,,,,,,,,,,,
Angola,AGO,Angola,AGO,"Chokwe
 Angola or Democratic Republic of the Congo
 Central Africa",,Male Face Mask (Chihongo),keep,,"https://www.artic.edu/iiif/2/65010653-87cb-a15c-1803-bca5b6617a75/full/843,/0/default.jpg",https://www.artic.edu/artworks/181740,,,,,,aic,,public domain,FALSE,,Mid–late 19th century,,,,,,,,,,,,,,,,,,,,,,,,,,,
,MLI,Mali,MLI,,,Male Figure,keep,,https://openaccess-cdn.clevelandart.org/1985.199/1985.199_web.jpg,https://clevelandart.org/art/1985.199,,,,,,cleveland,Terracotta,CC0,FALSE,,possibly 1300s–1600s,,,,,,,,,,,,,,,,,,,,,,,,,,,
,AGO,Angola,AGO,,,Male figure (nkisi nkondi),keep,,https://openaccess-cdn.clevelandart.org/2010.432/2010.432_web.jpg,https://clevelandart.org/art/2010.432,,,,,,cleveland,"Wood, metalized glass, iron, organic material, ivory or plastic, and natural fiber",CC0,FALSE,,late 1800s-early 1900s,,,,,,,,,,,,,,,,,,,,,,,,,,,
,ETH,Ethiopia,ETH,,,"Manuscript of Discourses on the Festivals of Saint Michael, with ninety-three paintings",keep,,https://nrs.harvard.edu/urn-3:HUAM:DDC253339_dynmc,https://www.harvardartmuseums.org/collections/object/215805,,,,,,harvard,,public domain,FALSE,,16th-17th century,,,,,,,,,,,,,,,,,,,,,,,,,,,
,LBR,Liberia,LBR,,,Mask,keep,,https://openaccess-cdn.clevelandart.org/1953.457/1953.457_web.jpg,https://clevelandart.org/art/1953.457,,,,,,cleveland,"Wood, copper alloy, plant fiber, cloth, rawhide or leather, teeth, seeds, resin, synthetic material, iron, and glass beads",CC0,FALSE,,c. 1900s?,,,,,,,,,,,,,,,,,,,,,,,,,,,
,CMR,Cameroon,CMR,,,Mask (mbap mteng): Elephant (aka),keep,,https://openaccess-cdn.clevelandart.org/1985.1082/1985.1082_web.jpg,https://clevelandart.org/art/1985.1082,,,,,,cleveland,"Cotton, burlap, glass beads, twine, leather, and wood",CC0,FALSE,,early 1900s,,,,,,,,,,,,,,,,,,,,,,,,,,,
,BFA,Burkina Faso,BFA,,,Mask (wan-balinga),keep,,https://openaccess-cdn.clevelandart.org/2014.1/2014.1_web.jpg,https://clevelandart.org/art/2014.1,,,,,,cleveland,Wood and paint,CC0,FALSE,,early 1900s,,,,,,,,,,,,,,,,,,,,,,,,,,,
,GHA,Ghana,GHA,,,Memorial head (nsodie),keep,,https://openaccess-cdn.clevelandart.org/1990.22/1990.22_web.jpg,https://clevelandart.org/art/1990.22,,,,,,cleveland,Terracotta,CC0,FALSE,,late 1600s–early 1700s,,,,,,,,,,,,,,,,,,,,,,,,,,,
Armenia,ARM,Armenia,ARM,Arshak Fetvadjian,,Michael Master,keep,,http://commons.wikimedia.org/wiki/Special:FilePath/A.%20Fetvadjian.%20Mikayel%20vardapet.%20Ani.jpg,https://www.wikidata.org/wiki/Q26247420,,,,,,wikidata,,public domain (Wikimedia Commons),FALSE,,1907,,,,,,,,,,,,,,,,,,,,,,,,,,,
Democratic Republic of the Congo,COD,Democratic Republic of the Congo,COD,"Luluwa
 Democratic Republic of the Congo
 Central Africa",,Mother-and-Child Figure (Bwanga bwa Chibola),keep,,"https://www.artic.edu/iiif/2/a766aef8-3bd6-8516-6691-223d9f8239b4/full/843,/0/default.jpg",https://www.artic.edu/artworks/125774,,,,,,aic,,public domain,FALSE,,Mid–late 19th century,,,,,,,,,,,,,,,,,,,,,,,,,,,
,MWI,Malawi,MWI,,,Nyasaland (Idag Malawi). Afrika.,keep,,https://ems.dimu.org/image/013AjNvnXDWQ?dimension=1200x1200,https://www.europeana.eu/item/1351/S_YLM_photo_PHO_26_2_01198?utm_source=api&utm_medium=api&utm_campaign=caugeoppityr,,,,,,europeana,,open,FALSE,,,,,,,,,,,,,,,,,,,,,,,,,,,,,
Isla de Ometepe,NIC,Nicaragua,NIC,"Ometepe Island, Lake Nicaragua (Cocibolca), Nicaragua",,Open Bowl in the Form of a Jaguar,keep,,"https://www.artic.edu/iiif/2/78d16cf4-9ae1-4933-8bb6-d914d47de23d/full/843,/0/default.jpg",https://www.artic.edu/artworks/155965,,,,,,aic,,public domain,FALSE,,600–900,,,,,,,,,,,,,,,,,,,,,,,,,,,
,NPL,Nepal,NPL,,,Pair of Deity Earrings with Vishnu on Garuda (front) and chepu (monster mask) (back),keep,,https://openaccess-cdn.clevelandart.org/1915.338/1915.338_web.jpg,https://clevelandart.org/art/1915.338,,,,,,cleveland,Gold set with precious and semi-precious stones,CC0,FALSE,,1600s or 1700s,,,,,,,,,,,,,,,,,,,,,,,,,,,
,CMR,Cameroon,CMR,,,Palm Wine Vessel (kuh mendu),keep,,https://openaccess-cdn.clevelandart.org/1998.94/1998.94_web.jpg,https://clevelandart.org/art/1998.94,,,,,,cleveland,Terracotta,CC0,FALSE,,1900s,,,,,,,,,,,,,,,,,,,,,,,,,,,
China,MAC,Macao,MAC,"China, Possibly Macao",,Panel (Dress Fabric),keep,,"https://www.artic.edu/iiif/2/c26edc74-d63a-3ec1-00ee-1d2db1e93e84/full/843,/0/default.jpg",https://www.artic.edu/artworks/149407,,,,,,aic,,public domain,FALSE,,"Qing dynasty (1644–1911), 1701/1800",,,,,,,,,,,,,,,,,,,,,,,,,,,
Los Santos province,PAN,Panama,PAN,"Coclé
 Possibly Los Santos province, Panama",,Pedestal Bowl Depicting Bicephalic Footed Serpent with Headcrest,keep,,"https://www.artic.edu/iiif/2/40987f60-9c39-1768-0b15-2f5268e9fef8/full/843,/0/default.jpg",https://www.artic.edu/artworks/65311,,,,,,aic,,public domain,FALSE,,700–1100,,,,,,,,,,,,,,,,,,,,,,,,,,,
Panama,PAN,Panama,PAN,"Veraguas
 Panama",,Pendant in the Form of a Frog,keep,,"https://www.artic.edu/iiif/2/fab41922-656e-48fd-9c63-6d697ef5e817/full/843,/0/default.jpg",https://www.artic.edu/artworks/8088,,,,,,aic,,public domain,FALSE,,1000–1500,,,,,,,,,,,,,,,,,,,,,,,,,,,
,MYS,Malaysia,MYS,,,Pillow-end Plate,keep,,https://openaccess-cdn.clevelandart.org/1916.438.a/1916.438.a_web.jpg,https://clevelandart.org/art/1916.438.a,,,,,,cleveland,white metal,CC0,FALSE,,1800s,,,,,,,,,,,,,,,,,,,,,,,,,,,
Isle of Man,IMN,Isle of Man,IMN,Flaxney Stowell,,Pooil Vaaish Farm,keep,,http://commons.wikimedia.org/wiki/Special:FilePath/Flaxney%20Stowell%20%281846-1916%29%20-%20Pooil%20Vaaish%20Farm%20-%20L21534%20-%20Manx%20Museum.jpg,https://www.wikidata.org/wiki/Q119141021,,,,,,wikidata,,public domain (Wikimedia Commons),FALSE,,1886,,,,,,,,,,,,,,,,,,,,,,,,,,,
Belarus,BLR,Belarus,BLR,Kazimierz Mordasewicz,,Portrait of Adam Mickiewicz,keep,,http://commons.wikimedia.org/wiki/Special:FilePath/Kazimierz%20Mordasewicz%20-%20Portrait%20of%20Adam%20Mickiewicz%20-%20MP%205431%20MNW%20-%20National%20Museum%20in%20Warsaw.jpg,https://www.wikidata.org/wiki/Q104603030,,,,,,wikidata,,public domain (Wikimedia Commons),FALSE,,1897,,,,,,,,,,,,,,,,,,,,,,,,,,,
,CMR,Cameroon,CMR,,,Prestige Chair,keep,,https://openaccess-cdn.clevelandart.org/1983.33/1983.33_web.jpg,https://clevelandart.org/art/1983.33,,,,,,cleveland,Wood and paint,CC0,FALSE,,1800s,,,,,,,,,,,,,,,,,,,,,,,,,,,
,CMR,Cameroon,CMR,,,Prestige stool (Kuo fo),keep,,https://openaccess-cdn.clevelandart.org/2006.138/2006.138_web.jpg,https://clevelandart.org/art/2006.138,,,,,,cleveland,"Wood, cotton, plant fiber, glass beads, and indigo",CC0,FALSE,,possibly 1800s,,,,,,,,,,,,,,,,,,,,,,,,,,,
Chile,CHL,Chile,CHL,Alberto Valenzuela Llanos,,Q114885820,keep,,http://commons.wikimedia.org/wiki/Special:FilePath/Puesta%20de%20sol.jpg,https://www.wikidata.org/wiki/Q114885820,,,,,,wikidata,,public domain (Wikimedia Commons),FALSE,,,,,,,,,,,,,,,,,,,,,,,,,,,,,
Kazakhstan,KAZ,Kazakhstan,KAZ,Q4454298,,Q131903461,keep,,http://commons.wikimedia.org/wiki/Special:FilePath/Stamp%20of%20Kazakhstan%20093.jpg,https://www.wikidata.org/wiki/Q131903461,,,,,,wikidata,,public domain (Wikimedia Commons),FALSE,,,,,,,,,,,,,,,,,,,,,,,,,,,,,
,BFA,Burkina Faso,BFA,,,Ram Mask (Bolo),keep,,https://openaccess-cdn.clevelandart.org/2016.56/2016.56_web.jpg,https://clevelandart.org/art/2016.56,,,,,,cleveland,Wood and paint,CC0,FALSE,,possibly early 1900s,,,,,,,,,,,,,,,,,,,,,,,,,,,
,OMN,Oman,OMN,,,Ring,keep,,https://openaccess-cdn.clevelandart.org/1916.377/1916.377_web.jpg,https://clevelandart.org/art/1916.377,,,,,,cleveland,silver,CC0,FALSE,,early 1900s,,,,,,,,,,,,,,,,,,,,,,,,,,,
Ghana,GHA,Ghana,GHA,"Asante
 Ghana
 Coastal West Africa",,Royal Chair (Akonkromfi),keep,,"https://www.artic.edu/iiif/2/d5a271dc-cb9e-4040-561d-158956db94d4/full/843,/0/default.jpg",https://www.artic.edu/artworks/155988,,,,,,aic,,public domain,FALSE,,Probably mid–/late 19th century,,,,,,,,,,,,,,,,,,,,,,,,,,,
,NPL,Nepal,NPL,,,Royal Female Donor,keep,,https://openaccess-cdn.clevelandart.org/1978.89/1978.89_web.jpg,https://clevelandart.org/art/1978.89,,,,,,cleveland,bronze,CC0,FALSE,,c. 1500,,,,,,,,,,,,,,,,,,,,,,,,,,,
,PNG,Papua New Guinea,PNG,,,"Sacred anthropomorphic figure, New Ireland, Papua New Guinea.",keep,,"https://iiif.wellcomecollection.org/image/M0016051.jpg/full/512,/0/default.jpg",https://www.europeana.eu/item/9200579/d6wzjd9e?utm_source=api&utm_medium=api&utm_campaign=caugeoppityr,,,,,,europeana,,open,FALSE,,,,,,,,,,,,,,,,,,,,,,,,,,,,,
,CHL,Chile,CHL,,,Sacrificer,keep,,https://openaccess-cdn.clevelandart.org/1996.293/1996.293_web.jpg,https://clevelandart.org/art/1996.293,,,,,,cleveland,carved bone,CC0,FALSE,,400–1000,,,,,,,,,,,,,,,,,,,,,,,,,,,
Bolivia,BOL,Bolivia,BOL,Melchor Pérez de Holguín,,Saint Christopher,keep,,http://commons.wikimedia.org/wiki/Special:FilePath/Melchor%20P%C3%A9rez%20Holguin%20-%20Saint%20Christopher%20-%202018.652.2%20-%20Metropolitan%20Museum%20of%20Art.jpg,https://www.wikidata.org/wiki/Q104413131,,,,,,wikidata,,public domain (Wikimedia Commons),FALSE,,1710,,,,,,,,,,,,,,,,,,,,,,,,,,,
,GAB,Gabon,GAB,,,Sculptural Element from a Reliquary Ensemble (mbulu ngulu),keep,,https://openaccess-cdn.clevelandart.org/2005.2/2005.2_web.jpg,https://clevelandart.org/art/2005.2,,,,,,cleveland,"Wood, copper alloy, and iron",CC0,FALSE,,probably 1800s,,,,,,,,,,,,,,,,,,,,,,,,,,,
,BTN,Bhutan,BTN,,,"Skull Mask, Bhutan",keep,,"https://iiif.wellcomecollection.org/image/L0037057.jpg/full/512,/0/default.jpg",https://www.europeana.eu/item/9200579/wugfttq4?utm_source=api&utm_medium=api&utm_campaign=caugeoppityr,,,,,,europeana,,open,FALSE,,,,,,,,,,,,,,,,,,,,,,,,,,,,,
,GIN,Guinea,GIN,,,Snake mask,keep,,http://commons.wikimedia.org/wiki/Special:FilePath/Guinea%2C%20nalu%2C%20parte%20superiore%20di%20una%20maschera%20mbanchong%20a%20forma%20di%20serpente%2C%20xix-inizio%20xx%20sec.%2001.JPG,https://www.wikidata.org/wiki/Q115695445,,,,,,wikidata,,public domain (Wikimedia Commons),FALSE,,1900,,,,,,,,,,,,,,,,,,,,,,,,,,,
,MOZ,Mozambique,MOZ,,,Snuff Container,keep,,https://openaccess-cdn.clevelandart.org/2010.200/2010.200_web.jpg,https://clevelandart.org/art/2010.200,,,,,,cleveland,Gourd and copper alloy,CC0,FALSE,,1800s–1900s,,,,,,,,,,,,,,,,,,,,,,,,,,,
,BDI,Burundi,BDI,,,Spike fiddle (endingidi or iningidi),keep,,https://openaccess-cdn.clevelandart.org/1929.347/1929.347_web.jpg,https://clevelandart.org/art/1929.347,,,,,,cleveland,"Wood, snakeskin, and plant fiber",CC0,FALSE,,1900s,,,,,,,,,,,,,,,,,,,,,,,,,,,
,PNG,Papua New Guinea,PNG,,,Spirit Board,keep,,https://openaccess-cdn.clevelandart.org/1971.154/1971.154_web.jpg,https://clevelandart.org/art/1971.154,,,,,,cleveland,painted wood,CC0,FALSE,,before 1930,,,,,,,,,,,,,,,,,,,,,,,,,,,
Gandhara,PAK,Pakistan,PAK,"Pakistan
 Ancient region of Gandhara",,Standing Bodhisattva with Human-Figure Necklace,keep,,"https://www.artic.edu/iiif/2/483decb0-fc13-df85-6c68-1d57b6246fc8/full/843,/0/default.jpg",https://www.artic.edu/artworks/151086,,,,,,aic,,public domain,FALSE,,"Kushan period, 2nd/3rd century",,,,,,,,,,,,,,,,,,,,,,,,,,,
,PAK,Pakistan,PAK,,,Standing Buddha,keep,,https://openaccess-cdn.clevelandart.org/1972.43/1972.43_web.jpg,https://clevelandart.org/art/1972.43,,,,,,cleveland,schist,CC0,FALSE,,150–200 CE,,,,,,,,,,,,,,,,,,,,,,,,,,,
,COD,Democratic Republic of the Congo,COD,,,"Statue nkisi nkonde, yombé",keep,,http://commons.wikimedia.org/wiki/Special:FilePath/F%C3%A9tiche%20%C3%A0%20clous%20Yombe%20ou%20Woyo%20%28Mus%C3%A9e%20du%20quai%20Branly%2C%20Paris%29%20%2855224817180%29.png,https://www.wikidata.org/wiki/Q60492834,,,,,,wikidata,,public domain (Wikimedia Commons),FALSE,,1850,,,,,,,,,,,,,,,,,,,,,,,,,,,
,COD,Democratic Republic of the Congo,COD,,,Stool,keep,,https://openaccess-cdn.clevelandart.org/1929.320/1929.320_web.jpg,https://clevelandart.org/art/1929.320,,,,,,cleveland,wood,CC0,FALSE,,by 1928,,,,,,,,,,,,,,,,,,,,,,,,,,,
American,CUW,Curaçao,CUW,Ada Vorhaus Gabriel,,Street in Curaçao,keep,,https://nrs.harvard.edu/urn-3:HUAM:INV162364_dynmc,https://www.harvardartmuseums.org/collections/object/255897,,,,,,harvard,Lithograph,public domain,FALSE,,20th century,,,,,,,,,,,,,,,,,,,,,,,,,,,
Kathmandu Valley,NPL,Nepal,NPL,"Nepal
 Kathmandu Valley",,Tantric Deities Hevajra and Nairatmya in Ritual Embrace (Yab-Yum),keep,,"https://www.artic.edu/iiif/2/cf932528-92bb-77f8-51d0-145f681643df/full/843,/0/default.jpg",https://www.artic.edu/artworks/137222,,,,,,aic,,public domain,FALSE,,c. 1600,,,,,,,,,,,,,,,,,,,,,,,,,,,
,GNB,Guinea-Bissau,GNB,,,"textil, textile",keep,,https://collections.smvk.se/carlotta-em/web/image/zoom/25086973/2020.01.0001_alt01.jpg,https://www.europeana.eu/item/91619/SMVK_EM_objekt_25086968?utm_source=api&utm_medium=api&utm_campaign=caugeoppityr,,,,,,europeana,,open,FALSE,,,,,,,,,,,,,,,,,,,,,,,,,,,,,
Bhutan,BTN,Bhutan,BTN,Bhutan,,Tribal Bracelet,keep,,"https://www.artic.edu/iiif/2/71c38485-ce61-b8fc-cd4a-bce221fe39b9/full/843,/0/default.jpg",https://www.artic.edu/artworks/60896,,,,,,aic,,public domain,FALSE,,mid–19th century,,,,,,,,,,,,,,,,,,,,,,,,,,,
Nassau (Bahama's),BHS,Bahamas,BHS,anoniem,,"Trimming Sponge, Nassau Bahamas",keep,,https://iiif.micr.io/TvOgt/full/max/0/default.jpg,https://www.rijksmuseum.nl/en/collection/NG-2022-1-2-2028,,,,,,rijksmuseum,karton,public domain,FALSE,,ca. 1906 - ca. 1922,,,,,,,,,,,,,,,,,,,,,,,,,,,
Honduras,HND,Honduras,HND,"Classic Maya
 Ulúa River Valley, Honduras or Petén region, Guatemala",,Tripod Vessel Depicting Monkey Hunters and Traders,keep,,"https://www.artic.edu/iiif/2/6040a1f6-8e4b-542b-bef1-5819619bf489/full/843,/0/default.jpg",https://www.artic.edu/artworks/210033,,,,,,aic,,public domain,FALSE,,850–950,,,,,,,,,,,,,,,,,,,,,,,,,,,
Ethiopia,ETH,Ethiopia,ETH,"Central Ethiopia
 Eastern and Southern Africa",,Triptych,keep,,"https://www.artic.edu/iiif/2/ea1e9c35-df65-1d51-96a0-73c772e18990/full/843,/0/default.jpg",https://www.artic.edu/artworks/185651,,,,,,aic,,public domain,FALSE,,Late 17th century,,,,,,,,,,,,,,,,,,,,,,,,,,,
Italian,DMA,Dominica,DMA,Agostino Brunias,,"Two Women of Color, Dominica [French Mulatress of Dominica and a Negro Woman in their Proper Dress]",keep,,https://nrs.harvard.edu/urn-3:HUAM:LEG281323,https://www.harvardartmuseums.org/collections/object/222160,,,,,,harvard,,public domain,FALSE,,c. 1765-1790,,,,,,,,,,,,,,,,,,,,,,,,,,,
Carchi,ECU,Ecuador,ECU,"Carchi
 Carchi province, Ecuador",,Urn Painted with a Geometric Textile-like Pattern,keep,,"https://www.artic.edu/iiif/2/30f1f6b4-c347-2f5d-787b-70fb16f3d024/full/843,/0/default.jpg",https://www.artic.edu/artworks/25866,,,,,,aic,,public domain,FALSE,,1100–1500,,,,,,,,,,,,,,,,,,,,,,,,,,,
,SOM,Somalia,SOM,,,"Väggmaterial av flätat gräs, typiskt för nomadhus i Somalia",keep,,https://sokisamlingar.sormlandsmuseum.se/files/original/24c346fbe51904fa3bc584bf1644ebb2.jpg,https://www.europeana.eu/item/916123/SLM_item_319677?utm_source=api&utm_medium=api&utm_campaign=caugeoppityr,,,,,,europeana,,open,FALSE,,2000,,,,,,,,,,,,,,,,,,,,,,,,,,,
Bolivia,BOL,Bolivia,BOL,Melchor Pérez de Holguín,,Virgin of the Rosary,keep,,http://commons.wikimedia.org/wiki/Special:FilePath/Melchor%20P%C3%A9rez%20Holgu%C3%ADn%20-%20Virgin%20of%20the%20Rosary%20-%201994.37.3%20-%20Dallas%20Museum%20of%20Art.jpg,https://www.wikidata.org/wiki/Q79136024,,,,,,wikidata,,public domain (Wikimedia Commons),FALSE,,,,,,,,,,,,,,,,,,,,,,,,,,,,,
Spitsbergen,SJM,Spitsbergen,SJM,Hessel Gerritsz,,Walrus bij Spitsbergen,keep,,https://iiif.micr.io/wOjbJ/full/max/0/default.jpg,https://www.rijksmuseum.nl/en/collection/RP-P-OB-52.602,,,,,,rijksmuseum,papier,public domain,FALSE,,1591 - 1632,,,,,,,,,,,,,,,,,,,,,,,,,,,
Åland,ALA,Åland,ALA,Erik Jönssen Dahlberg,,Wapen van Åland,keep,,https://iiif.micr.io/hDfFG/full/max/0/default.jpg,https://www.rijksmuseum.nl/en/collection/BI-1924-103-213,,,,,,rijksmuseum,papier,public domain,FALSE,,1703,,,,,,,,,,,,,,,,,,,,,,,,,,,
,TJK,Tajikistan,TJK,,,Wedding Veil,keep,,https://openaccess-cdn.clevelandart.org/1916.1235/1916.1235_web.jpg,https://clevelandart.org/art/1916.1235,,,,,,cleveland,"silk, cotton, embroidery",CC0,FALSE,,1800s,,,,,,,,,,,,,,,,,,,,,,,,,,,
,AGO,Angola,AGO,,,Whistle,keep,,https://openaccess-cdn.clevelandart.org/1915.442/1915.442_web.jpg,https://clevelandart.org/art/1915.442,,,,,,cleveland,Probably hippopotamus ivory,CC0,FALSE,,late 1800s,,,,,,,,,,,,,,,,,,,,,,,,,,,
,TKM,Turkmenistan,TKM,,,Woman’s Mantle (Chyrpy),keep,,https://openaccess-cdn.clevelandart.org/2010.192/2010.192_web.jpg,https://clevelandart.org/art/2010.192,,,,,,cleveland,"Exterior: silk; plain weave; embroidery: chain stitch; Trim: silk; tablet-woven with fringe; Lining: cotton; plain weave, block printed",CC0,FALSE,,late 1800s–early 1900s,,,,,,,,,,,,,,,,,,,,,,,,,,,
,CMR,Cameroon,CMR,,,"Wood carving, Dr. Simpson, Cameroon.",keep,,"https://iiif.wellcomecollection.org/image/L0025761.jpg/full/512,/0/default.jpg",https://www.europeana.eu/item/9200579/s38f24df?utm_source=api&utm_medium=api&utm_campaign=caugeoppityr,,,,,,europeana,,open,FALSE,,,,,,,,,,,,,,,,,,,,,,,,,,,,,
,MDG,Madagascar,MDG,,,Wrapper (Lamba Akotifahana),keep,,https://openaccess-cdn.clevelandart.org/2025.272/2025.272_web.jpg,https://clevelandart.org/art/2025.272,,,,,,cleveland,Silk (Bombyx mori),CC0,FALSE,,1800s,,,,,,,,,,,,,,,,,,,,,,,,,,,
Uruguayan,URY,Uruguay,URY,Carmelo Arden Quin,,Aleatory 6,keep,,https://nrs.harvard.edu/urn-3:HUAM:811007,https://www.harvardartmuseums.org/collections/object/386250,,,,,,harvard,,© President and Fellows of Harvard College,FALSE,,1981,,,,,,,,,,,,,,,,,,,,,,,,,,,
Chile,CHL,Chile,CHL,Alberto Valenzuela Llanos,,Puesta de sol,keep,,http://commons.wikimedia.org/wiki/Special:FilePath/Puesta%20de%20sol.jpg,https://www.wikidata.org/wiki/Q114885820,,,,,,wikidata,,public domain (Wikimedia Commons),FALSE,,,,,,,,,,,,,,,,,,,,,,,,,,,,,
Kazakhstan,KAZ,Kazakhstan,KAZ,Q4454298,,Stamp of Kazakhstan,keep,,http://commons.wikimedia.org/wiki/Special:FilePath/Stamp%20of%20Kazakhstan%20093.jpg,https://www.wikidata.org/wiki/Q131903461,,,,,,wikidata,,public domain (Wikimedia Commons),FALSE,,1960,,,,,,,,,,,,,,,,,,,,,,,,,,,
