id,country_code,country_name,year,mortality_rate
1,AFG,Afghanistan,1989,18.71
2,AFG,Afghanistan,1990,18.07
3,AFG,Afghanistan,1991,17.44
4,AFG,Afghanistan,1992,16.85
5,AFG,Afghanistan,1993,16.3
6,AFG,Afghanistan,1994,15.77
7,AFG,Afghanistan,1995,15.28
8,AFG,Afghanistan,1996,14.83
9,AFG,Afghanistan,1997,14.41
10,AFG,Afghanistan,1998,13.99
11,AFG,Afghanistan,1999,13.58
12,AFG,Afghanistan,2000,13.17
13,AFG,Afghanistan,2001,12.74
14,AFG,Afghanistan,2002,12.31
15,AFG,Afghanistan,2003,11.87
16,AFG,Afghanistan,2004,11.42
17,AFG,Afghanistan,2005,10.97
18,AFG,Afghanistan,2006,10.51
19,AFG,Afghanistan,2007,10.07
20,AFG,Afghanistan,2008,9.63
21,AFG,Afghanistan,2009,9.22
22,AFG,Afghanistan,2010,8.83
23,AFG,Afghanistan,2011,8.46
24,AFG,Afghanistan,2012,8.12
25,AFG,Afghanistan,2013,7.8
26,AFG,Afghanistan,2014,7.51
27,AFG,Afghanistan,2015,7.24
28,AFG,Afghanistan,2016,7.0
29,AFG,Afghanistan,2017,6.76
30,AFG,Afghanistan,2018,6.54
31,AFG,Afghanistan,2019,6.33
32,AFG,Afghanistan,2020,6.13
33,AFG,Afghanistan,2021,5.93
34,AFG,Afghanistan,2022,5.74
35,AFG,Afghanistan,2023,5.55
36,ALB,Albania,1989,4.28
37,ALB,Albania,1990,4.08
38,ALB,Albania,1991,3.9
39,ALB,Albania,1992,3.76
40,ALB,Albania,1993,3.62
41,ALB,Albania,1994,3.49
42,ALB,Albania,1995,3.36
43,ALB,Albania,1996,3.24
44,ALB,Albania,1997,3.11
45,ALB,Albania,1998,2.98
46,ALB,Albania,1999,2.84
47,ALB,Albania,2000,2.71
48,ALB,Albania,2001,2.57
49,ALB,Albania,2002,2.43
50,ALB,Albania,2003,2.29
51,ALB,Albania,2004,2.14
52,ALB,Albania,2005,2.0
53,ALB,Albania,2006,1.85
54,ALB,Albania,2007,1.71
55,ALB,Albania,2008,1.58
56,ALB,Albania,2009,1.45
57,ALB,Albania,2010,1.33
58,ALB,Albania,2011,1.22
59,ALB,Albania,2012,1.12
60,ALB,Albania,2013,1.05
61,ALB,Albania,2014,0.99
62,ALB,Albania,2015,0.96
63,ALB,Albania,2016,0.94
64,ALB,Albania,2017,0.93
65,ALB,Albania,2018,0.93
66,ALB,Albania,2019,0.94
67,ALB,Albania,2020,0.94
68,ALB,Albania,2021,0.95
69,ALB,Albania,2022,0.94
70,ALB,Albania,2023,0.94
71,DZA,Algeria,1989,5.3
72,DZA,Algeria,1990,5.17
73,DZA,Algeria,1991,5.09
74,DZA,Algeria,1992,5.04
75,DZA,Algeria,1993,4.98
76,DZA,Algeria,1994,4.9
77,DZA,Algeria,1995,4.81
78,DZA,Algeria,1996,4.7
79,DZA,Algeria,1997,4.58
80,DZA,Algeria,1998,4.45
81,DZA,Algeria,1999,4.31
82,DZA,Algeria,2000,4.16
83,DZA,Algeria,2001,4.01
84,DZA,Algeria,2002,3.85
85,DZA,Algeria,2003,3.7
86,DZA,Algeria,2004,3.54
87,DZA,Algeria,2005,3.4
88,DZA,Algeria,2006,3.26
89,DZA,Algeria,2007,3.13
90,DZA,Algeria,2008,3.01
91,DZA,Algeria,2009,2.9
92,DZA,Algeria,2010,2.81
93,DZA,Algeria,2011,2.73
94,DZA,Algeria,2012,2.66
95,DZA,Algeria,2013,2.6
96,DZA,Algeria,2014,2.54
97,DZA,Algeria,2015,2.49
98,DZA,Algeria,2016,2.45
99,DZA,Algeria,2017,2.4
100,DZA,Algeria,2018,2.37
101,DZA,Algeria,2019,2.33
102,DZA,Algeria,2020,2.29
103,DZA,Algeria,2021,2.26
104,DZA,Algeria,2022,2.23
105,DZA,Algeria,2023,2.2
106,AND,Andorra,1989,1.37
107,AND,Andorra,1990,1.31
108,AND,Andorra,1991,1.23
109,AND,Andorra,1992,1.16
110,AND,Andorra,1993,1.1
111,AND,Andorra,1994,1.05
112,AND,Andorra,1995,0.99
113,AND,Andorra,1996,0.94
114,AND,Andorra,1997,0.89
115,AND,Andorra,1998,0.84
116,AND,Andorra,1999,0.8
117,AND,Andorra,2000,0.76
118,AND,Andorra,2001,0.72
119,AND,Andorra,2002,0.69
120,AND,Andorra,2003,0.66
121,AND,Andorra,2004,0.62
122,AND,Andorra,2005,0.6
123,AND,Andorra,2006,0.56
124,AND,Andorra,2007,0.54
125,AND,Andorra,2008,0.51
126,AND,Andorra,2009,0.48
127,AND,Andorra,2010,0.46
128,AND,Andorra,2011,0.44
129,AND,Andorra,2012,0.41
130,AND,Andorra,2013,0.39
131,AND,Andorra,2014,0.37
132,AND,Andorra,2015,0.35
133,AND,Andorra,2016,0.34
134,AND,Andorra,2017,0.32
135,AND,Andorra,2018,0.31
136,AND,Andorra,2019,0.3
137,AND,Andorra,2020,0.29
138,AND,Andorra,2021,0.28
139,AND,Andorra,2022,0.27
140,AND,Andorra,2023,0.26
141,AGO,Angola,1989,22.28
142,AGO,Angola,1990,22.27
143,AGO,Angola,1991,22.25
144,AGO,Angola,1992,22.24
145,AGO,Angola,1993,22.2
146,AGO,Angola,1994,22.16
147,AGO,Angola,1995,22.07
148,AGO,Angola,1996,21.89
149,AGO,Angola,1997,21.62
150,AGO,Angola,1998,21.26
151,AGO,Angola,1999,20.82
152,AGO,Angola,2000,20.3
153,AGO,Angola,2001,19.69
154,AGO,Angola,2002,18.99
155,AGO,Angola,2003,18.22
156,AGO,Angola,2004,17.38
157,AGO,Angola,2005,16.5
158,AGO,Angola,2006,15.55
159,AGO,Angola,2007,14.6
160,AGO,Angola,2008,13.7
161,AGO,Angola,2009,12.82
162,AGO,Angola,2010,11.98
163,AGO,Angola,2011,11.21
164,AGO,Angola,2012,10.48
165,AGO,Angola,2013,9.83
166,AGO,Angola,2014,9.28
167,AGO,Angola,2015,8.82
168,AGO,Angola,2016,8.41
169,AGO,Angola,2017,8.05
170,AGO,Angola,2018,7.73
171,AGO,Angola,2019,7.44
172,AGO,Angola,2020,7.16
173,AGO,Angola,2021,6.9
174,AGO,Angola,2022,6.64
175,AGO,Angola,2023,6.4
176,AIA,Anguilla,1989,2.01
177,AIA,Anguilla,1990,1.9
178,AIA,Anguilla,1991,1.81
179,AIA,Anguilla,1992,1.72
180,AIA,Anguilla,1993,1.63
181,AIA,Anguilla,1994,1.55
182,AIA,Anguilla,1995,1.48
183,AIA,Anguilla,1996,1.41
184,AIA,Anguilla,1997,1.35
185,AIA,Anguilla,1998,1.29
186,AIA,Anguilla,1999,1.24
187,AIA,Anguilla,2000,1.19
188,AIA,Anguilla,2001,1.15
189,AIA,Anguilla,2002,1.1
190,AIA,Anguilla,2003,1.06
191,AIA,Anguilla,2004,1.03
192,AIA,Anguilla,2005,1.0
193,AIA,Anguilla,2006,0.97
194,AIA,Anguilla,2007,0.94
195,AIA,Anguilla,2008,0.91
196,AIA,Anguilla,2009,0.88
197,AIA,Anguilla,2010,0.86
198,AIA,Anguilla,2011,0.83
199,AIA,Anguilla,2012,0.81
200,AIA,Anguilla,2013,0.79
201,AIA,Anguilla,2014,0.76
202,AIA,Anguilla,2015,0.74
203,AIA,Anguilla,2016,0.72
204,AIA,Anguilla,2017,0.7
205,AIA,Anguilla,2018,0.67
206,AIA,Anguilla,2019,0.66
207,AIA,Anguilla,2020,0.64
208,AIA,Anguilla,2021,0.61
209,AIA,Anguilla,2022,0.59
210,AIA,Anguilla,2023,0.58
211,ATG,Antigua and Barbuda,1989,1.32
212,ATG,Antigua and Barbuda,1990,1.35
213,ATG,Antigua and Barbuda,1991,1.39
214,ATG,Antigua and Barbuda,1992,1.43
215,ATG,Antigua and Barbuda,1993,1.47
216,ATG,Antigua and Barbuda,1994,1.51
217,ATG,Antigua and Barbuda,1995,1.54
218,ATG,Antigua and Barbuda,1996,1.55
219,ATG,Antigua and Barbuda,1997,1.55
220,ATG,Antigua and Barbuda,1998,1.54
221,ATG,Antigua and Barbuda,1999,1.52
222,ATG,Antigua and Barbuda,2000,1.49
223,ATG,Antigua and Barbuda,2001,1.46
224,ATG,Antigua and Barbuda,2002,1.43
225,ATG,Antigua and Barbuda,2003,1.4
226,ATG,Antigua and Barbuda,2004,1.36
227,ATG,Antigua and Barbuda,2005,1.33
228,ATG,Antigua and Barbuda,2006,1.3
229,ATG,Antigua and Barbuda,2007,1.27
230,ATG,Antigua and Barbuda,2008,1.24
231,ATG,Antigua and Barbuda,2009,1.22
232,ATG,Antigua and Barbuda,2010,1.19
233,ATG,Antigua and Barbuda,2011,1.17
234,ATG,Antigua and Barbuda,2012,1.15
235,ATG,Antigua and Barbuda,2013,1.13
236,ATG,Antigua and Barbuda,2014,1.12
237,ATG,Antigua and Barbuda,2015,1.1
238,ATG,Antigua and Barbuda,2016,1.08
239,ATG,Antigua and Barbuda,2017,1.06
240,ATG,Antigua and Barbuda,2018,1.05
241,ATG,Antigua and Barbuda,2019,1.03
242,ATG,Antigua and Barbuda,2020,1.01
243,ATG,Antigua and Barbuda,2021,0.98
244,ATG,Antigua and Barbuda,2022,0.96
245,ATG,Antigua and Barbuda,2023,0.93
246,ARG,Argentina,1989,2.89
247,ARG,Argentina,1990,2.88
248,ARG,Argentina,1991,2.84
249,ARG,Argentina,1992,2.76
250,ARG,Argentina,1993,2.66
251,ARG,Argentina,1994,2.54
252,ARG,Argentina,1995,2.42
253,ARG,Argentina,1996,2.31
254,ARG,Argentina,1997,2.19
255,ARG,Argentina,1998,2.09
256,ARG,Argentina,1999,2.01
257,ARG,Argentina,2000,1.94
258,ARG,Argentina,2001,1.88
259,ARG,Argentina,2002,1.83
260,ARG,Argentina,2003,1.78
261,ARG,Argentina,2004,1.73
262,ARG,Argentina,2005,1.67
263,ARG,Argentina,2006,1.62
264,ARG,Argentina,2007,1.58
265,ARG,Argentina,2008,1.54
266,ARG,Argentina,2009,1.49
267,ARG,Argentina,2010,1.44
268,ARG,Argentina,2011,1.39
269,ARG,Argentina,2012,1.33
270,ARG,Argentina,2013,1.27
271,ARG,Argentina,2014,1.22
272,ARG,Argentina,2015,1.17
273,ARG,Argentina,2016,1.14
274,ARG,Argentina,2017,1.1
275,ARG,Argentina,2018,1.07
276,ARG,Argentina,2019,1.05
277,ARG,Argentina,2020,1.03
278,ARG,Argentina,2021,1.0
279,ARG,Argentina,2022,0.98
280,ARG,Argentina,2023,0.96
281,ARM,Armenia,1989,5.11
282,ARM,Armenia,1990,4.9
283,ARM,Armenia,1991,4.69
284,ARM,Armenia,1992,4.49
285,ARM,Armenia,1993,4.29
286,ARM,Armenia,1994,4.09
287,ARM,Armenia,1995,3.9
288,ARM,Armenia,1996,3.72
289,ARM,Armenia,1997,3.55
290,ARM,Armenia,1998,3.39
291,ARM,Armenia,1999,3.23
292,ARM,Armenia,2000,3.08
293,ARM,Armenia,2001,2.93
294,ARM,Armenia,2002,2.79
295,ARM,Armenia,2003,2.65
296,ARM,Armenia,2004,2.52
297,ARM,Armenia,2005,2.4
298,ARM,Armenia,2006,2.28
299,ARM,Armenia,2007,2.17
300,ARM,Armenia,2008,2.06
301,ARM,Armenia,2009,1.97
302,ARM,Armenia,2010,1.87
303,ARM,Armenia,2011,1.78
304,ARM,Armenia,2012,1.7
305,ARM,Armenia,2013,1.62
306,ARM,Armenia,2014,1.54
307,ARM,Armenia,2015,1.46
308,ARM,Armenia,2016,1.4
309,ARM,Armenia,2017,1.33
310,ARM,Armenia,2018,1.27
311,ARM,Armenia,2019,1.21
312,ARM,Armenia,2020,1.16
313,ARM,Armenia,2021,1.1
314,ARM,Armenia,2022,1.05
315,ARM,Armenia,2023,1.0
316,AUS,Australia,1989,0.97
317,AUS,Australia,1990,0.92
318,AUS,Australia,1991,0.87
319,AUS,Australia,1992,0.82
320,AUS,Australia,1993,0.77
321,AUS,Australia,1994,0.73
322,AUS,Australia,1995,0.7
323,AUS,Australia,1996,0.68
324,AUS,Australia,1997,0.66
325,AUS,Australia,1998,0.64
326,AUS,Australia,1999,0.63
327,AUS,Australia,2000,0.62
328,AUS,Australia,2001,0.61
329,AUS,Australia,2002,0.6
330,AUS,Australia,2003,0.59
331,AUS,Australia,2004,0.58
332,AUS,Australia,2005,0.57
333,AUS,Australia,2006,0.56
334,AUS,Australia,2007,0.54
335,AUS,Australia,2008,0.52
336,AUS,Australia,2009,0.5
337,AUS,Australia,2010,0.48
338,AUS,Australia,2011,0.45
339,AUS,Australia,2012,0.43
340,AUS,Australia,2013,0.41
341,AUS,Australia,2014,0.4
342,AUS,Australia,2015,0.39
343,AUS,Australia,2016,0.38
344,AUS,Australia,2017,0.38
345,AUS,Australia,2018,0.38
346,AUS,Australia,2019,0.38
347,AUS,Australia,2020,0.38
348,AUS,Australia,2021,0.37
349,AUS,Australia,2022,0.37
350,AUS,Australia,2023,0.37
351,AUT,Austria,1989,1.0
352,AUT,Austria,1990,0.95
353,AUT,Austria,1991,0.9
354,AUT,Austria,1992,0.85
355,AUT,Austria,1993,0.79
356,AUT,Austria,1994,0.74
357,AUT,Austria,1995,0.68
358,AUT,Austria,1996,0.64
359,AUT,Austria,1997,0.6
360,AUT,Austria,1998,0.58
361,AUT,Austria,1999,0.56
362,AUT,Austria,2000,0.55
363,AUT,Austria,2001,0.54
364,AUT,Austria,2002,0.53
365,AUT,Austria,2003,0.52
366,AUT,Austria,2004,0.51
367,AUT,Austria,2005,0.49
368,AUT,Austria,2006,0.48
369,AUT,Austria,2007,0.46
370,AUT,Austria,2008,0.45
371,AUT,Austria,2009,0.44
372,AUT,Austria,2010,0.43
373,AUT,Austria,2011,0.42
374,AUT,Austria,2012,0.4
375,AUT,Austria,2013,0.39
376,AUT,Austria,2014,0.38
377,AUT,Austria,2015,0.37
378,AUT,Austria,2016,0.36
379,AUT,Austria,2017,0.36
380,AUT,Austria,2018,0.35
381,AUT,Austria,2019,0.35
382,AUT,Austria,2020,0.34
383,AUT,Austria,2021,0.33
384,AUT,Austria,2022,0.32
385,AUT,Austria,2023,0.31
386,AZE,Azerbaijan,1989,9.52
387,AZE,Azerbaijan,1990,9.48
388,AZE,Azerbaijan,1991,9.5
389,AZE,Azerbaijan,1992,9.52
390,AZE,Azerbaijan,1993,9.52
391,AZE,Azerbaijan,1994,9.47
392,AZE,Azerbaijan,1995,9.34
393,AZE,Azerbaijan,1996,9.1
394,AZE,Azerbaijan,1997,8.78
395,AZE,Azerbaijan,1998,8.37
396,AZE,Azerbaijan,1999,7.91
397,AZE,Azerbaijan,2000,7.4
398,AZE,Azerbaijan,2001,6.9
399,AZE,Azerbaijan,2002,6.41
400,AZE,Azerbaijan,2003,5.96
401,AZE,Azerbaijan,2004,5.55
402,AZE,Azerbaijan,2005,5.18
403,AZE,Azerbaijan,2006,4.85
404,AZE,Azerbaijan,2007,4.55
405,AZE,Azerbaijan,2008,4.27
406,AZE,Azerbaijan,2009,4.01
407,AZE,Azerbaijan,2010,3.77
408,AZE,Azerbaijan,2011,3.54
409,AZE,Azerbaijan,2012,3.32
410,AZE,Azerbaijan,2013,3.12
411,AZE,Azerbaijan,2014,2.95
412,AZE,Azerbaijan,2015,2.78
413,AZE,Azerbaijan,2016,2.63
414,AZE,Azerbaijan,2017,2.49
415,AZE,Azerbaijan,2018,2.36
416,AZE,Azerbaijan,2019,2.24
417,AZE,Azerbaijan,2020,2.13
418,AZE,Azerbaijan,2021,2.04
419,AZE,Azerbaijan,2022,1.94
420,AZE,Azerbaijan,2023,1.86
421,BHS,Bahamas,1989,2.45
422,BHS,Bahamas,1990,2.34
423,BHS,Bahamas,1991,2.23
424,BHS,Bahamas,1992,2.12
425,BHS,Bahamas,1993,2.03
426,BHS,Bahamas,1994,1.93
427,BHS,Bahamas,1995,1.84
428,BHS,Bahamas,1996,1.76
429,BHS,Bahamas,1997,1.69
430,BHS,Bahamas,1998,1.65
431,BHS,Bahamas,1999,1.62
432,BHS,Bahamas,2000,1.62
433,BHS,Bahamas,2001,1.63
434,BHS,Bahamas,2002,1.65
435,BHS,Bahamas,2003,1.67
436,BHS,Bahamas,2004,1.69
437,BHS,Bahamas,2005,1.69
438,BHS,Bahamas,2006,1.68
439,BHS,Bahamas,2007,1.65
440,BHS,Bahamas,2008,1.62
441,BHS,Bahamas,2009,1.58
442,BHS,Bahamas,2010,1.54
443,BHS,Bahamas,2011,1.5
444,BHS,Bahamas,2012,1.47
445,BHS,Bahamas,2013,1.44
446,BHS,Bahamas,2014,1.42
447,BHS,Bahamas,2015,1.39
448,BHS,Bahamas,2016,1.38
449,BHS,Bahamas,2017,1.36
450,BHS,Bahamas,2018,1.35
451,BHS,Bahamas,2019,2.35
452,BHS,Bahamas,2020,1.33
453,BHS,Bahamas,2021,1.31
454,BHS,Bahamas,2022,1.29
455,BHS,Bahamas,2023,1.27
456,BHR,Bahrain,1989,2.32
457,BHR,Bahrain,1990,2.31
458,BHR,Bahrain,1991,2.27
459,BHR,Bahrain,1992,2.21
460,BHR,Bahrain,1993,2.1
461,BHR,Bahrain,1994,1.97
462,BHR,Bahrain,1995,1.82
463,BHR,Bahrain,1996,1.66
464,BHR,Bahrain,1997,1.52
465,BHR,Bahrain,1998,1.41
466,BHR,Bahrain,1999,1.32
467,BHR,Bahrain,2000,1.25
468,BHR,Bahrain,2001,1.2
469,BHR,Bahrain,2002,1.16
470,BHR,Bahrain,2003,1.13
471,BHR,Bahrain,2004,1.1
472,BHR,Bahrain,2005,1.06
473,BHR,Bahrain,2006,1.03
474,BHR,Bahrain,2007,0.98
475,BHR,Bahrain,2008,0.94
476,BHR,Bahrain,2009,0.9
477,BHR,Bahrain,2010,0.86
478,BHR,Bahrain,2011,0.83
479,BHR,Bahrain,2012,0.81
480,BHR,Bahrain,2013,0.79
481,BHR,Bahrain,2014,0.78
482,BHR,Bahrain,2015,0.77
483,BHR,Bahrain,2016,0.76
484,BHR,Bahrain,2017,0.77
485,BHR,Bahrain,2018,0.77
486,BHR,Bahrain,2019,0.78
487,BHR,Bahrain,2020,0.8
488,BHR,Bahrain,2021,0.82
489,BHR,Bahrain,2022,0.84
490,BHR,Bahrain,2023,0.86
491,BGD,Bangladesh,1989,15.22
492,BGD,Bangladesh,1990,14.6
493,BGD,Bangladesh,1991,13.98
494,BGD,Bangladesh,1992,13.37
495,BGD,Bangladesh,1993,12.74
496,BGD,Bangladesh,1994,12.12
497,BGD,Bangladesh,1995,11.51
498,BGD,Bangladesh,1996,10.91
499,BGD,Bangladesh,1997,10.3
500,BGD,Bangladesh,1998,9.7
501,BGD,Bangladesh,1999,9.1
502,BGD,Bangladesh,2000,8.54
503,BGD,Bangladesh,2001,8.01
504,BGD,Bangladesh,2002,7.53
505,BGD,Bangladesh,2003,7.09
506,BGD,Bangladesh,2004,6.69
507,BGD,Bangladesh,2005,6.32
508,BGD,Bangladesh,2006,5.98
509,BGD,Bangladesh,2007,5.67
510,BGD,Bangladesh,2008,5.39
511,BGD,Bangladesh,2009,5.13
512,BGD,Bangladesh,2010,4.89
513,BGD,Bangladesh,2011,4.67
514,BGD,Bangladesh,2012,4.47
515,BGD,Bangladesh,2013,4.27
516,BGD,Bangladesh,2014,4.07
517,BGD,Bangladesh,2015,3.88
518,BGD,Bangladesh,2016,3.69
519,BGD,Bangladesh,2017,3.52
520,BGD,Bangladesh,2018,3.37
521,BGD,Bangladesh,2019,3.24
522,BGD,Bangladesh,2020,3.15
523,BGD,Bangladesh,2021,3.1
524,BGD,Bangladesh,2022,3.07
525,BGD,Bangladesh,2023,3.06
526,BRB,Barbados,1989,1.89
527,BRB,Barbados,1990,1.81
528,BRB,Barbados,1991,1.73
529,BRB,Barbados,1992,1.66
530,BRB,Barbados,1993,1.59
531,BRB,Barbados,1994,1.53
532,BRB,Barbados,1995,1.49
533,BRB,Barbados,1996,1.45
534,BRB,Barbados,1997,1.43
535,BRB,Barbados,1998,1.42
536,BRB,Barbados,1999,1.42
537,BRB,Barbados,2000,1.44
538,BRB,Barbados,2001,1.45
539,BRB,Barbados,2002,1.47
540,BRB,Barbados,2003,1.48
541,BRB,Barbados,2004,1.49
542,BRB,Barbados,2005,1.48
543,BRB,Barbados,2006,1.47
544,BRB,Barbados,2007,1.45
545,BRB,Barbados,2008,1.43
546,BRB,Barbados,2009,1.41
547,BRB,Barbados,2010,1.39
548,BRB,Barbados,2011,1.37
549,BRB,Barbados,2012,1.35
550,BRB,Barbados,2013,1.33
551,BRB,Barbados,2014,1.31
552,BRB,Barbados,2015,1.28
553,BRB,Barbados,2016,1.25
554,BRB,Barbados,2017,1.21
555,BRB,Barbados,2018,1.18
556,BRB,Barbados,2019,1.14
557,BRB,Barbados,2020,1.11
558,BRB,Barbados,2021,1.07
559,BRB,Barbados,2022,1.04
560,BRB,Barbados,2023,1.0
561,BLR,Belarus,1989,1.55
562,BLR,Belarus,1990,1.52
563,BLR,Belarus,1991,1.52
564,BLR,Belarus,1992,1.53
565,BLR,Belarus,1993,1.55
566,BLR,Belarus,1994,1.57
567,BLR,Belarus,1995,1.57
568,BLR,Belarus,1996,1.55
569,BLR,Belarus,1997,1.51
570,BLR,Belarus,1998,1.45
571,BLR,Belarus,1999,1.37
572,BLR,Belarus,2000,1.28
573,BLR,Belarus,2001,1.18
574,BLR,Belarus,2002,1.1
575,BLR,Belarus,2003,1.02
576,BLR,Belarus,2004,0.94
577,BLR,Belarus,2005,0.87
578,BLR,Belarus,2006,0.8
579,BLR,Belarus,2007,0.73
580,BLR,Belarus,2008,0.66
581,BLR,Belarus,2009,0.61
582,BLR,Belarus,2010,0.56
583,BLR,Belarus,2011,0.52
584,BLR,Belarus,2012,0.49
585,BLR,Belarus,2013,0.46
586,BLR,Belarus,2014,0.43
587,BLR,Belarus,2015,0.41
588,BLR,Belarus,2016,0.39
589,BLR,Belarus,2017,0.36
590,BLR,Belarus,2018,0.34
591,BLR,Belarus,2019,0.31
592,BLR,Belarus,2020,0.29
593,BLR,Belarus,2021,0.27
594,BLR,Belarus,2022,0.26
595,BLR,Belarus,2023,0.24
596,BEL,Belgium,1989,1.03
597,BEL,Belgium,1990,1.0
598,BEL,Belgium,1991,0.96
599,BEL,Belgium,1992,0.92
600,BEL,Belgium,1993,0.87
601,BEL,Belgium,1994,0.82
602,BEL,Belgium,1995,0.77
603,BEL,Belgium,1996,0.72
604,BEL,Belgium,1997,0.67
605,BEL,Belgium,1998,0.64
606,BEL,Belgium,1999,0.61
607,BEL,Belgium,2000,0.59
608,BEL,Belgium,2001,0.57
609,BEL,Belgium,2002,0.55
610,BEL,Belgium,2003,0.53
611,BEL,Belgium,2004,0.52
612,BEL,Belgium,2005,0.5
613,BEL,Belgium,2006,0.49
614,BEL,Belgium,2007,0.48
615,BEL,Belgium,2008,0.47
616,BEL,Belgium,2009,0.46
617,BEL,Belgium,2010,0.45
618,BEL,Belgium,2011,0.44
619,BEL,Belgium,2012,0.43
620,BEL,Belgium,2013,0.42
621,BEL,Belgium,2014,0.42
622,BEL,Belgium,2015,0.41
623,BEL,Belgium,2016,0.41
624,BEL,Belgium,2017,0.4
625,BEL,Belgium,2018,0.4
626,BEL,Belgium,2019,0.39
627,BEL,Belgium,2020,0.39
628,BEL,Belgium,2021,0.38
629,BEL,Belgium,2022,0.37
630,BEL,Belgium,2023,0.36
631,BLZ,Belize,1989,4.18
632,BLZ,Belize,1990,3.93
633,BLZ,Belize,1991,3.69
634,BLZ,Belize,1992,3.48
635,BLZ,Belize,1993,3.3
636,BLZ,Belize,1994,3.13
637,BLZ,Belize,1995,2.99
638,BLZ,Belize,1996,2.86
639,BLZ,Belize,1997,2.74
640,BLZ,Belize,1998,2.64
641,BLZ,Belize,1999,2.54
642,BLZ,Belize,2000,2.45
643,BLZ,Belize,2001,2.36
644,BLZ,Belize,2002,2.28
645,BLZ,Belize,2003,2.21
646,BLZ,Belize,2004,2.15
647,BLZ,Belize,2005,2.1
648,BLZ,Belize,2006,2.06
649,BLZ,Belize,2007,2.01
650,BLZ,Belize,2008,1.97
651,BLZ,Belize,2009,1.93
652,BLZ,Belize,2010,1.88
653,BLZ,Belize,2011,1.83
654,BLZ,Belize,2012,1.77
655,BLZ,Belize,2013,1.7
656,BLZ,Belize,2014,1.63
657,BLZ,Belize,2015,1.56
658,BLZ,Belize,2016,1.5
659,BLZ,Belize,2017,1.44
660,BLZ,Belize,2018,1.39
661,BLZ,Belize,2019,1.35
662,BLZ,Belize,2020,1.32
663,BLZ,Belize,2021,1.3
664,BLZ,Belize,2022,1.28
665,BLZ,Belize,2023,1.27
666,BEN,Benin,1989,17.63
667,BEN,Benin,1990,17.22
668,BEN,Benin,1991,16.8
669,BEN,Benin,1992,16.39
670,BEN,Benin,1993,15.99
671,BEN,Benin,1994,15.61
672,BEN,Benin,1995,15.24
673,BEN,Benin,1996,14.9
674,BEN,Benin,1997,14.58
675,BEN,Benin,1998,14.26
676,BEN,Benin,1999,13.93
677,BEN,Benin,2000,13.61
678,BEN,Benin,2001,13.28
679,BEN,Benin,2002,12.96
680,BEN,Benin,2003,12.65
681,BEN,Benin,2004,12.35
682,BEN,Benin,2005,12.06
683,BEN,Benin,2006,11.79
684,BEN,Benin,2007,11.54
685,BEN,Benin,2008,11.3
686,BEN,Benin,2009,11.06
687,BEN,Benin,2010,10.84
688,BEN,Benin,2011,10.62
689,BEN,Benin,2012,10.39
690,BEN,Benin,2013,10.16
691,BEN,Benin,2014,9.93
692,BEN,Benin,2015,9.71
693,BEN,Benin,2016,9.5
694,BEN,Benin,2017,9.27
695,BEN,Benin,2018,9.05
696,BEN,Benin,2019,8.8
697,BEN,Benin,2020,8.55
698,BEN,Benin,2021,8.31
699,BEN,Benin,2022,8.04
700,BEN,Benin,2023,7.79
701,BTN,Bhutan,1989,13.39
702,BTN,Bhutan,1990,12.82
703,BTN,Bhutan,1991,12.28
704,BTN,Bhutan,1992,11.76
705,BTN,Bhutan,1993,11.25
706,BTN,Bhutan,1994,10.75
707,BTN,Bhutan,1995,10.25
708,BTN,Bhutan,1996,9.75
709,BTN,Bhutan,1997,9.26
710,BTN,Bhutan,1998,8.77
711,BTN,Bhutan,1999,8.3
712,BTN,Bhutan,2000,7.85
713,BTN,Bhutan,2001,7.4
714,BTN,Bhutan,2002,6.96
715,BTN,Bhutan,2003,6.54
716,BTN,Bhutan,2004,6.12
717,BTN,Bhutan,2005,5.71
718,BTN,Bhutan,2006,5.32
719,BTN,Bhutan,2007,4.96
720,BTN,Bhutan,2008,4.62
721,BTN,Bhutan,2009,4.31
722,BTN,Bhutan,2010,4.03
723,BTN,Bhutan,2011,3.77
724,BTN,Bhutan,2012,3.56
725,BTN,Bhutan,2013,3.38
726,BTN,Bhutan,2014,3.22
727,BTN,Bhutan,2015,3.08
728,BTN,Bhutan,2016,2.96
729,BTN,Bhutan,2017,2.85
730,BTN,Bhutan,2018,2.74
731,BTN,Bhutan,2019,2.65
732,BTN,Bhutan,2020,2.55
733,BTN,Bhutan,2021,2.47
734,BTN,Bhutan,2022,2.39
735,BTN,Bhutan,2023,2.31
736,BOL,Bolivia,1989,12.66
737,BOL,Bolivia,1990,12.17
738,BOL,Bolivia,1991,11.7
739,BOL,Bolivia,1992,11.22
740,BOL,Bolivia,1993,10.76
741,BOL,Bolivia,1994,10.3
742,BOL,Bolivia,1995,9.84
743,BOL,Bolivia,1996,9.38
744,BOL,Bolivia,1997,8.93
745,BOL,Bolivia,1998,8.47
746,BOL,Bolivia,1999,8.02
747,BOL,Bolivia,2000,7.57
748,BOL,Bolivia,2001,7.14
749,BOL,Bolivia,2002,6.74
750,BOL,Bolivia,2003,6.35
751,BOL,Bolivia,2004,5.99
752,BOL,Bolivia,2005,5.64
753,BOL,Bolivia,2006,5.31
754,BOL,Bolivia,2007,5.0
755,BOL,Bolivia,2008,4.72
756,BOL,Bolivia,2009,4.45
757,BOL,Bolivia,2010,4.2
758,BOL,Bolivia,2011,3.97
759,BOL,Bolivia,2012,3.75
760,BOL,Bolivia,2013,3.54
761,BOL,Bolivia,2014,3.35
762,BOL,Bolivia,2015,3.18
763,BOL,Bolivia,2016,3.03
764,BOL,Bolivia,2017,2.9
765,BOL,Bolivia,2018,2.78
766,BOL,Bolivia,2019,2.67
767,BOL,Bolivia,2020,2.57
768,BOL,Bolivia,2021,2.48
769,BOL,Bolivia,2022,2.39
770,BOL,Bolivia,2023,2.31
771,BIH,Bosnia and Herzegovina,1989,1.96
772,BIH,Bosnia and Herzegovina,1990,1.82
773,BIH,Bosnia and Herzegovina,1991,1.69
774,BIH,Bosnia and Herzegovina,1992,5.78
775,BIH,Bosnia and Herzegovina,1993,5.87
776,BIH,Bosnia and Herzegovina,1994,1.4
777,BIH,Bosnia and Herzegovina,1995,1.94
778,BIH,Bosnia and Herzegovina,1996,1.24
779,BIH,Bosnia and Herzegovina,1997,1.17
780,BIH,Bosnia and Herzegovina,1998,1.09
781,BIH,Bosnia and Herzegovina,1999,1.02
782,BIH,Bosnia and Herzegovina,2000,0.95
783,BIH,Bosnia and Herzegovina,2001,0.89
784,BIH,Bosnia and Herzegovina,2002,0.84
785,BIH,Bosnia and Herzegovina,2003,0.8
786,BIH,Bosnia and Herzegovina,2004,0.76
787,BIH,Bosnia and Herzegovina,2005,0.74
788,BIH,Bosnia and Herzegovina,2006,0.72
789,BIH,Bosnia and Herzegovina,2007,0.71
790,BIH,Bosnia and Herzegovina,2008,0.7
791,BIH,Bosnia and Herzegovina,2009,0.69
792,BIH,Bosnia and Herzegovina,2010,0.68
793,BIH,Bosnia and Herzegovina,2011,0.68
794,BIH,Bosnia and Herzegovina,2012,0.67
795,BIH,Bosnia and Herzegovina,2013,0.67
796,BIH,Bosnia and Herzegovina,2014,0.67
797,BIH,Bosnia and Herzegovina,2015,0.67
798,BIH,Bosnia and Herzegovina,2016,0.68
799,BIH,Bosnia and Herzegovina,2017,0.68
800,BIH,Bosnia and Herzegovina,2018,0.68
801,BIH,Bosnia and Herzegovina,2019,0.67
802,BIH,Bosnia and Herzegovina,2020,0.66
803,BIH,Bosnia and Herzegovina,2021,0.64
804,BIH,Bosnia and Herzegovina,2022,0.62
805,BIH,Bosnia and Herzegovina,2023,0.6
806,BWA,Botswana,1989,4.87
807,BWA,Botswana,1990,5.01
808,BWA,Botswana,1991,5.29
809,BWA,Botswana,1992,5.7
810,BWA,Botswana,1993,6.2
811,BWA,Botswana,1994,6.72
812,BWA,Botswana,1995,6.74
813,BWA,Botswana,1996,7.1
814,BWA,Botswana,1997,7.37
815,BWA,Botswana,1998,7.57
816,BWA,Botswana,1999,7.91
817,BWA,Botswana,2000,8.11
818,BWA,Botswana,2001,8.12
819,BWA,Botswana,2002,8.0
820,BWA,Botswana,2003,7.85
821,BWA,Botswana,2004,7.63
822,BWA,Botswana,2005,7.03
823,BWA,Botswana,2006,6.43
824,BWA,Botswana,2007,6.16
825,BWA,Botswana,2008,6.03
826,BWA,Botswana,2009,5.78
827,BWA,Botswana,2010,5.58
828,BWA,Botswana,2011,5.68
829,BWA,Botswana,2012,5.34
830,BWA,Botswana,2013,5.1
831,BWA,Botswana,2014,5.11
832,BWA,Botswana,2015,4.98
833,BWA,Botswana,2016,4.9
834,BWA,Botswana,2017,4.65
835,BWA,Botswana,2018,4.59
836,BWA,Botswana,2019,4.5
837,BWA,Botswana,2020,4.39
838,BWA,Botswana,2021,4.2
839,BWA,Botswana,2022,4.07
840,BWA,Botswana,2023,3.96
841,BRA,Brazil,1989,6.58
842,BRA,Brazil,1990,6.31
843,BRA,Brazil,1991,6.02
844,BRA,Brazil,1992,5.72
845,BRA,Brazil,1993,5.41
846,BRA,Brazil,1994,5.09
847,BRA,Brazil,1995,4.77
848,BRA,Brazil,1996,4.47
849,BRA,Brazil,1997,4.19
850,BRA,Brazil,1998,3.93
851,BRA,Brazil,1999,3.68
852,BRA,Brazil,2000,3.45
853,BRA,Brazil,2001,3.22
854,BRA,Brazil,2002,3.01
855,BRA,Brazil,2003,2.81
856,BRA,Brazil,2004,2.63
857,BRA,Brazil,2005,2.46
858,BRA,Brazil,2006,2.31
859,BRA,Brazil,2007,2.17
860,BRA,Brazil,2008,2.05
861,BRA,Brazil,2009,1.95
862,BRA,Brazil,2010,1.86
863,BRA,Brazil,2011,1.79
864,BRA,Brazil,2012,1.72
865,BRA,Brazil,2013,1.67
866,BRA,Brazil,2014,1.63
867,BRA,Brazil,2015,1.6
868,BRA,Brazil,2016,1.68
869,BRA,Brazil,2017,1.54
870,BRA,Brazil,2018,1.52
871,BRA,Brazil,2019,1.5
872,BRA,Brazil,2020,1.49
873,BRA,Brazil,2021,1.47
874,BRA,Brazil,2022,1.46
875,BRA,Brazil,2023,1.44
876,VGB,British Virgin Islands,1989,2.41
877,VGB,British Virgin Islands,1990,2.29
878,VGB,British Virgin Islands,1991,2.19
879,VGB,British Virgin Islands,1992,2.1
880,VGB,British Virgin Islands,1993,2.02
881,VGB,British Virgin Islands,1994,1.95
882,VGB,British Virgin Islands,1995,1.89
883,VGB,British Virgin Islands,1996,1.83
884,VGB,British Virgin Islands,1997,1.79
885,VGB,British Virgin Islands,1998,1.75
886,VGB,British Virgin Islands,1999,1.71
887,VGB,British Virgin Islands,2000,1.68
888,VGB,British Virgin Islands,2001,1.66
889,VGB,British Virgin Islands,2002,1.63
890,VGB,British Virgin Islands,2003,1.61
891,VGB,British Virgin Islands,2004,1.6
892,VGB,British Virgin Islands,2005,1.59
893,VGB,British Virgin Islands,2006,1.58
894,VGB,British Virgin Islands,2007,1.57
895,VGB,British Virgin Islands,2008,1.57
896,VGB,British Virgin Islands,2009,1.56
897,VGB,British Virgin Islands,2010,1.56
898,VGB,British Virgin Islands,2011,1.56
899,VGB,British Virgin Islands,2012,1.56
900,VGB,British Virgin Islands,2013,1.56
901,VGB,British Virgin Islands,2014,1.56
902,VGB,British Virgin Islands,2015,1.55
903,VGB,British Virgin Islands,2016,1.52
904,VGB,British Virgin Islands,2017,1.5
905,VGB,British Virgin Islands,2018,1.46
906,VGB,British Virgin Islands,2019,1.43
907,VGB,British Virgin Islands,2020,1.39
908,VGB,British Virgin Islands,2021,1.35
909,VGB,British Virgin Islands,2022,1.31
910,VGB,British Virgin Islands,2023,1.27
911,BRN,Brunei,1989,1.35
912,BRN,Brunei,1990,1.33
913,BRN,Brunei,1991,1.32
914,BRN,Brunei,1992,1.31
915,BRN,Brunei,1993,1.3
916,BRN,Brunei,1994,1.27
917,BRN,Brunei,1995,1.23
918,BRN,Brunei,1996,1.19
919,BRN,Brunei,1997,1.15
920,BRN,Brunei,1998,1.1
921,BRN,Brunei,1999,1.07
922,BRN,Brunei,2000,1.03
923,BRN,Brunei,2001,1.0
924,BRN,Brunei,2002,0.98
925,BRN,Brunei,2003,0.96
926,BRN,Brunei,2004,0.95
927,BRN,Brunei,2005,0.95
928,BRN,Brunei,2006,0.95
929,BRN,Brunei,2007,0.95
930,BRN,Brunei,2008,0.96
931,BRN,Brunei,2009,0.96
932,BRN,Brunei,2010,0.97
933,BRN,Brunei,2011,0.98
934,BRN,Brunei,2012,0.99
935,BRN,Brunei,2013,0.99
936,BRN,Brunei,2014,1.0
937,BRN,Brunei,2015,1.0
938,BRN,Brunei,2016,1.0
939,BRN,Brunei,2017,1.0
940,BRN,Brunei,2018,0.99
941,BRN,Brunei,2019,0.98
942,BRN,Brunei,2020,0.97
943,BRN,Brunei,2021,0.96
944,BRN,Brunei,2022,0.95
945,BRN,Brunei,2023,0.94
946,BGR,Bulgaria,1989,1.79
947,BGR,Bulgaria,1990,1.83
948,BGR,Bulgaria,1991,1.89
949,BGR,Bulgaria,1992,1.92
950,BGR,Bulgaria,1993,1.92
951,BGR,Bulgaria,1994,1.91
952,BGR,Bulgaria,1995,1.92
953,BGR,Bulgaria,1996,1.94
954,BGR,Bulgaria,1997,1.93
955,BGR,Bulgaria,1998,1.89
956,BGR,Bulgaria,1999,1.82
957,BGR,Bulgaria,2000,1.75
958,BGR,Bulgaria,2001,1.68
959,BGR,Bulgaria,2002,1.6
960,BGR,Bulgaria,2003,1.51
961,BGR,Bulgaria,2004,1.42
962,BGR,Bulgaria,2005,1.33
963,BGR,Bulgaria,2006,1.24
964,BGR,Bulgaria,2007,1.18
965,BGR,Bulgaria,2008,1.14
966,BGR,Bulgaria,2009,1.12
967,BGR,Bulgaria,2010,1.08
968,BGR,Bulgaria,2011,1.04
969,BGR,Bulgaria,2012,0.99
970,BGR,Bulgaria,2013,0.93
971,BGR,Bulgaria,2014,0.87
972,BGR,Bulgaria,2015,0.82
973,BGR,Bulgaria,2016,0.77
974,BGR,Bulgaria,2017,0.73
975,BGR,Bulgaria,2018,0.7
976,BGR,Bulgaria,2019,0.67
977,BGR,Bulgaria,2020,0.65
978,BGR,Bulgaria,2021,0.63
979,BGR,Bulgaria,2022,0.62
980,BGR,Bulgaria,2023,0.61
981,BFA,Burkina Faso,1989,19.98
982,BFA,Burkina Faso,1990,19.83
983,BFA,Burkina Faso,1991,19.76
984,BFA,Burkina Faso,1992,19.73
985,BFA,Burkina Faso,1993,19.69
986,BFA,Burkina Faso,1994,19.59
987,BFA,Burkina Faso,1995,19.43
988,BFA,Burkina Faso,1996,19.18
989,BFA,Burkina Faso,1997,18.87
990,BFA,Burkina Faso,1998,18.54
991,BFA,Burkina Faso,1999,18.18
992,BFA,Burkina Faso,2000,17.81
993,BFA,Burkina Faso,2001,17.4
994,BFA,Burkina Faso,2002,16.93
995,BFA,Burkina Faso,2003,16.43
996,BFA,Burkina Faso,2004,15.86
997,BFA,Burkina Faso,2005,15.23
998,BFA,Burkina Faso,2006,14.57
999,BFA,Burkina Faso,2007,13.9
1000,BFA,Burkina Faso,2008,13.27
1001,BFA,Burkina Faso,2009,12.68
1002,BFA,Burkina Faso,2010,12.15
1003,BFA,Burkina Faso,2011,11.68
1004,BFA,Burkina Faso,2012,11.26
1005,BFA,Burkina Faso,2013,10.86
1006,BFA,Burkina Faso,2014,10.47
1007,BFA,Burkina Faso,2015,10.11
1008,BFA,Burkina Faso,2016,9.77
1009,BFA,Burkina Faso,2017,9.43
1010,BFA,Burkina Faso,2018,9.12
1011,BFA,Burkina Faso,2019,8.82
1012,BFA,Burkina Faso,2020,8.53
1013,BFA,Burkina Faso,2021,8.25
1014,BFA,Burkina Faso,2022,7.99
1015,BFA,Burkina Faso,2023,7.73
1016,BDI,Burundi,1989,16.89
1017,BDI,Burundi,1990,16.98
1018,BDI,Burundi,1991,17.11
1019,BDI,Burundi,1992,17.21
1020,BDI,Burundi,1993,19.5
1021,BDI,Burundi,1994,17.22
1022,BDI,Burundi,1995,17.12
1023,BDI,Burundi,1996,16.95
1024,BDI,Burundi,1997,16.67
1025,BDI,Burundi,1998,16.3
1026,BDI,Burundi,1999,15.86
1027,BDI,Burundi,2000,15.37
1028,BDI,Burundi,2001,14.85
1029,BDI,Burundi,2002,14.3
1030,BDI,Burundi,2003,13.73
1031,BDI,Burundi,2004,13.1
1032,BDI,Burundi,2005,12.41
1033,BDI,Burundi,2006,11.68
1034,BDI,Burundi,2007,10.97
1035,BDI,Burundi,2008,10.28
1036,BDI,Burundi,2009,9.66
1037,BDI,Burundi,2010,9.08
1038,BDI,Burundi,2011,8.53
1039,BDI,Burundi,2012,8.02
1040,BDI,Burundi,2013,7.55
1041,BDI,Burundi,2014,7.13
1042,BDI,Burundi,2015,6.76
1043,BDI,Burundi,2016,6.44
1044,BDI,Burundi,2017,6.15
1045,BDI,Burundi,2018,5.9
1046,BDI,Burundi,2019,5.67
1047,BDI,Burundi,2020,5.46
1048,BDI,Burundi,2021,5.26
1049,BDI,Burundi,2022,5.08
1050,BDI,Burundi,2023,4.92
1051,KHM,Cambodia,1989,11.63
1052,KHM,Cambodia,1990,11.63
1053,KHM,Cambodia,1991,11.62
1054,KHM,Cambodia,1992,11.65
1055,KHM,Cambodia,1993,11.74
1056,KHM,Cambodia,1994,11.86
1057,KHM,Cambodia,1995,11.97
1058,KHM,Cambodia,1996,12.01
1059,KHM,Cambodia,1997,11.94
1060,KHM,Cambodia,1998,11.73
1061,KHM,Cambodia,1999,11.3
1062,KHM,Cambodia,2000,10.59
1063,KHM,Cambodia,2001,9.65
1064,KHM,Cambodia,2002,8.67
1065,KHM,Cambodia,2003,7.8
1066,KHM,Cambodia,2004,7.08
1067,KHM,Cambodia,2005,6.48
1068,KHM,Cambodia,2006,5.98
1069,KHM,Cambodia,2007,5.54
1070,KHM,Cambodia,2008,5.13
1071,KHM,Cambodia,2009,4.74
1072,KHM,Cambodia,2010,4.37
1073,KHM,Cambodia,2011,4.05
1074,KHM,Cambodia,2012,3.77
1075,KHM,Cambodia,2013,3.53
1076,KHM,Cambodia,2014,3.33
1077,KHM,Cambodia,2015,3.16
1078,KHM,Cambodia,2016,3.02
1079,KHM,Cambodia,2017,2.89
1080,KHM,Cambodia,2018,2.77
1081,KHM,Cambodia,2019,2.67
1082,KHM,Cambodia,2020,2.56
1083,KHM,Cambodia,2021,2.47
1084,KHM,Cambodia,2022,2.38
1085,KHM,Cambodia,2023,2.29
1086,CMR,Cameroon,1989,13.63
1087,CMR,Cameroon,1990,13.66
1088,CMR,Cameroon,1991,13.82
1089,CMR,Cameroon,1992,14.04
1090,CMR,Cameroon,1993,14.27
1091,CMR,Cameroon,1994,14.5
1092,CMR,Cameroon,1995,14.69
1093,CMR,Cameroon,1996,14.81
1094,CMR,Cameroon,1997,14.85
1095,CMR,Cameroon,1998,14.8
1096,CMR,Cameroon,1999,14.67
1097,CMR,Cameroon,2000,14.44
1098,CMR,Cameroon,2001,14.14
1099,CMR,Cameroon,2002,13.81
1100,CMR,Cameroon,2003,13.47
1101,CMR,Cameroon,2004,13.13
1102,CMR,Cameroon,2005,12.81
1103,CMR,Cameroon,2006,12.46
1104,CMR,Cameroon,2007,12.13
1105,CMR,Cameroon,2008,11.77
1106,CMR,Cameroon,2009,11.43
1107,CMR,Cameroon,2010,11.0
1108,CMR,Cameroon,2011,10.59
1109,CMR,Cameroon,2012,10.16
1110,CMR,Cameroon,2013,9.73
1111,CMR,Cameroon,2014,9.31
1112,CMR,Cameroon,2015,8.9
1113,CMR,Cameroon,2016,8.56
1114,CMR,Cameroon,2017,8.25
1115,CMR,Cameroon,2018,7.97
1116,CMR,Cameroon,2019,7.72
1117,CMR,Cameroon,2020,7.46
1118,CMR,Cameroon,2021,7.21
1119,CMR,Cameroon,2022,6.95
1120,CMR,Cameroon,2023,6.72
1121,CAN,Canada,1989,0.85
1122,CAN,Canada,1990,0.82
1123,CAN,Canada,1991,0.8
1124,CAN,Canada,1992,0.77
1125,CAN,Canada,1993,0.74
1126,CAN,Canada,1994,0.72
1127,CAN,Canada,1995,0.69
1128,CAN,Canada,1996,0.67
1129,CAN,Canada,1997,0.65
1130,CAN,Canada,1998,0.64
1131,CAN,Canada,1999,0.63
1132,CAN,Canada,2000,0.62
1133,CAN,Canada,2001,0.62
1134,CAN,Canada,2002,0.62
1135,CAN,Canada,2003,0.62
1136,CAN,Canada,2004,0.61
1137,CAN,Canada,2005,0.61
1138,CAN,Canada,2006,0.6
1139,CAN,Canada,2007,0.6
1140,CAN,Canada,2008,0.59
1141,CAN,Canada,2009,0.58
1142,CAN,Canada,2010,0.57
1143,CAN,Canada,2011,0.56
1144,CAN,Canada,2012,0.56
1145,CAN,Canada,2013,0.55
1146,CAN,Canada,2014,0.54
1147,CAN,Canada,2015,0.54
1148,CAN,Canada,2016,0.53
1149,CAN,Canada,2017,0.52
1150,CAN,Canada,2018,0.52
1151,CAN,Canada,2019,0.51
1152,CAN,Canada,2020,0.51
1153,CAN,Canada,2021,0.51
1154,CAN,Canada,2022,0.51
1155,CAN,Canada,2023,0.51
1156,CPV,Cape Verde,1989,5.88
1157,CPV,Cape Verde,1990,5.64
1158,CPV,Cape Verde,1991,5.5
1159,CPV,Cape Verde,1992,5.46
1160,CPV,Cape Verde,1993,5.46
1161,CPV,Cape Verde,1994,5.45
1162,CPV,Cape Verde,1995,5.37
1163,CPV,Cape Verde,1996,5.17
1164,CPV,Cape Verde,1997,4.84
1165,CPV,Cape Verde,1998,4.44
1166,CPV,Cape Verde,1999,4.0
1167,CPV,Cape Verde,2000,3.6
1168,CPV,Cape Verde,2001,3.28
1169,CPV,Cape Verde,2002,3.05
1170,CPV,Cape Verde,2003,2.9
1171,CPV,Cape Verde,2004,2.82
1172,CPV,Cape Verde,2005,2.8
1173,CPV,Cape Verde,2006,2.8
1174,CPV,Cape Verde,2007,2.8
1175,CPV,Cape Verde,2008,2.79
1176,CPV,Cape Verde,2009,2.75
1177,CPV,Cape Verde,2010,2.67
1178,CPV,Cape Verde,2011,2.56
1179,CPV,Cape Verde,2012,2.42
1180,CPV,Cape Verde,2013,2.26
1181,CPV,Cape Verde,2014,2.09
1182,CPV,Cape Verde,2015,1.91
1183,CPV,Cape Verde,2016,1.76
1184,CPV,Cape Verde,2017,1.62
1185,CPV,Cape Verde,2018,1.51
1186,CPV,Cape Verde,2019,1.41
1187,CPV,Cape Verde,2020,1.33
1188,CPV,Cape Verde,2021,1.27
1189,CPV,Cape Verde,2022,1.21
1190,CPV,Cape Verde,2023,1.16
1191,CAF,Central African Republic,1989,17.78
1192,CAF,Central African Republic,1990,17.75
1193,CAF,Central African Republic,1991,17.71
1194,CAF,Central African Republic,1992,17.66
1195,CAF,Central African Republic,1993,17.6
1196,CAF,Central African Republic,1994,17.53
1197,CAF,Central African Republic,1995,17.45
1198,CAF,Central African Republic,1996,17.33
1199,CAF,Central African Republic,1997,17.2
1200,CAF,Central African Republic,1998,17.02
1201,CAF,Central African Republic,1999,16.8
1202,CAF,Central African Republic,2000,16.55
1203,CAF,Central African Republic,2001,16.28
1204,CAF,Central African Republic,2002,15.94
1205,CAF,Central African Republic,2003,15.6
1206,CAF,Central African Republic,2004,15.22
1207,CAF,Central African Republic,2005,14.84
1208,CAF,Central African Republic,2006,14.38
1209,CAF,Central African Republic,2007,13.95
1210,CAF,Central African Republic,2008,13.56
1211,CAF,Central African Republic,2009,47.89
1212,CAF,Central African Republic,2010,14.92
1213,CAF,Central African Republic,2011,12.54
1214,CAF,Central African Republic,2012,12.23
1215,CAF,Central African Republic,2013,13.36
1216,CAF,Central African Republic,2014,18.26
1217,CAF,Central African Republic,2015,11.41
1218,CAF,Central African Republic,2016,12.61
1219,CAF,Central African Republic,2017,15.24
1220,CAF,Central African Republic,2018,11.98
1221,CAF,Central African Republic,2019,24.31
1222,CAF,Central African Republic,2020,12.26
1223,CAF,Central African Republic,2021,17.13
1224,CAF,Central African Republic,2022,38.74
1225,CAF,Central African Republic,2023,9.22
1226,TCD,Chad,1989,21.45
1227,TCD,Chad,1990,21.16
1228,TCD,Chad,1991,20.88
1229,TCD,Chad,1992,20.6
1230,TCD,Chad,1993,20.33
1231,TCD,Chad,1994,20.07
1232,TCD,Chad,1995,19.81
1233,TCD,Chad,1996,19.55
1234,TCD,Chad,1997,19.28
1235,TCD,Chad,1998,18.99
1236,TCD,Chad,1999,18.68
1237,TCD,Chad,2000,18.36
1238,TCD,Chad,2001,18.02
1239,TCD,Chad,2002,17.68
1240,TCD,Chad,2003,17.34
1241,TCD,Chad,2004,17.0
1242,TCD,Chad,2005,16.65
1243,TCD,Chad,2006,16.29
1244,TCD,Chad,2007,15.92
1245,TCD,Chad,2008,15.54
1246,TCD,Chad,2009,15.15
1247,TCD,Chad,2010,14.77
1248,TCD,Chad,2011,14.39
1249,TCD,Chad,2012,14.01
1250,TCD,Chad,2013,13.65
1251,TCD,Chad,2014,13.3
1252,TCD,Chad,2015,12.93
1253,TCD,Chad,2016,12.57
1254,TCD,Chad,2017,12.2
1255,TCD,Chad,2018,11.83
1256,TCD,Chad,2019,11.46
1257,TCD,Chad,2020,11.1
1258,TCD,Chad,2021,10.76
1259,TCD,Chad,2022,10.43
1260,TCD,Chad,2023,10.11
1261,CHL,Chile,1989,2.03
1262,CHL,Chile,1990,1.91
1263,CHL,Chile,1991,1.76
1264,CHL,Chile,1992,1.63
1265,CHL,Chile,1993,1.5
1266,CHL,Chile,1994,1.39
1267,CHL,Chile,1995,1.31
1268,CHL,Chile,1996,1.26
1269,CHL,Chile,1997,1.22
1270,CHL,Chile,1998,1.19
1271,CHL,Chile,1999,1.15
1272,CHL,Chile,2000,1.09
1273,CHL,Chile,2001,1.03
1274,CHL,Chile,2002,0.98
1275,CHL,Chile,2003,0.95
1276,CHL,Chile,2004,0.93
1277,CHL,Chile,2005,0.91
1278,CHL,Chile,2006,0.9
1279,CHL,Chile,2007,0.89
1280,CHL,Chile,2008,0.89
1281,CHL,Chile,2009,0.88
1282,CHL,Chile,2010,0.87
1283,CHL,Chile,2011,0.86
1284,CHL,Chile,2012,0.84
1285,CHL,Chile,2013,0.82
1286,CHL,Chile,2014,0.81
1287,CHL,Chile,2015,0.79
1288,CHL,Chile,2016,0.77
1289,CHL,Chile,2017,0.75
1290,CHL,Chile,2018,0.72
1291,CHL,Chile,2019,0.7
1292,CHL,Chile,2020,0.68
1293,CHL,Chile,2021,0.67
1294,CHL,Chile,2022,0.68
1295,CHL,Chile,2023,0.72
1296,CHN,China,1989,5.39
1297,CHN,China,1990,5.37
1298,CHN,China,1991,5.31
1299,CHN,China,1992,5.22
1300,CHN,China,1993,5.08
1301,CHN,China,1994,4.93
1302,CHN,China,1995,4.75
1303,CHN,China,1996,4.56
1304,CHN,China,1997,4.36
1305,CHN,China,1998,4.14
1306,CHN,China,1999,3.91
1307,CHN,China,2000,3.67
1308,CHN,China,2001,3.42
1309,CHN,China,2002,3.15
1310,CHN,China,2003,2.89
1311,CHN,China,2004,2.64
1312,CHN,China,2005,2.4
1313,CHN,China,2006,2.19
1314,CHN,China,2007,2.01
1315,CHN,China,2008,1.85
1316,CHN,China,2009,1.71
1317,CHN,China,2010,1.58
1318,CHN,China,2011,1.46
1319,CHN,China,2012,1.35
1320,CHN,China,2013,1.25
1321,CHN,China,2014,1.15
1322,CHN,China,2015,1.07
1323,CHN,China,2016,0.99
1324,CHN,China,2017,0.92
1325,CHN,China,2018,0.86
1326,CHN,China,2019,0.8
1327,CHN,China,2020,0.75
1328,CHN,China,2021,0.7
1329,CHN,China,2022,0.66
1330,CHN,China,2023,0.62
1331,COL,Colombia,1989,3.7
1332,COL,Colombia,1990,3.57
1333,COL,Colombia,1991,3.45
1334,COL,Colombia,1992,3.33
1335,COL,Colombia,1993,3.21
1336,COL,Colombia,1994,3.1
1337,COL,Colombia,1995,2.99
1338,COL,Colombia,1996,2.88
1339,COL,Colombia,1997,2.78
1340,COL,Colombia,1998,2.68
1341,COL,Colombia,1999,2.59
1342,COL,Colombia,2000,2.51
1343,COL,Colombia,2001,2.43
1344,COL,Colombia,2002,2.35
1345,COL,Colombia,2003,2.28
1346,COL,Colombia,2004,2.22
1347,COL,Colombia,2005,2.15
1348,COL,Colombia,2006,2.09
1349,COL,Colombia,2007,2.02
1350,COL,Colombia,2008,1.96
1351,COL,Colombia,2009,1.89
1352,COL,Colombia,2010,1.83
1353,COL,Colombia,2011,1.77
1354,COL,Colombia,2012,1.72
1355,COL,Colombia,2013,1.66
1356,COL,Colombia,2014,1.61
1357,COL,Colombia,2015,1.56
1358,COL,Colombia,2016,1.51
1359,COL,Colombia,2017,1.46
1360,COL,Colombia,2018,1.41
1361,COL,Colombia,2019,1.37
1362,COL,Colombia,2020,1.32
1363,COL,Colombia,2021,1.28
1364,COL,Colombia,2022,1.24
1365,COL,Colombia,2023,1.2
1366,COM,Comoros,1989,12.57
1367,COM,Comoros,1990,12.09
1368,COM,Comoros,1991,11.61
1369,COM,Comoros,1992,11.13
1370,COM,Comoros,1993,10.66
1371,COM,Comoros,1994,10.21
1372,COM,Comoros,1995,9.78
1373,COM,Comoros,1996,9.37
1374,COM,Comoros,1997,9.0
1375,COM,Comoros,1998,8.63
1376,COM,Comoros,1999,8.28
1377,COM,Comoros,2000,7.96
1378,COM,Comoros,2001,7.65
1379,COM,Comoros,2002,7.36
1380,COM,Comoros,2003,7.07
1381,COM,Comoros,2004,6.8
1382,COM,Comoros,2005,6.55
1383,COM,Comoros,2006,6.31
1384,COM,Comoros,2007,6.08
1385,COM,Comoros,2008,5.88
1386,COM,Comoros,2009,5.69
1387,COM,Comoros,2010,5.51
1388,COM,Comoros,2011,5.36
1389,COM,Comoros,2012,5.21
1390,COM,Comoros,2013,5.08
1391,COM,Comoros,2014,4.97
1392,COM,Comoros,2015,4.87
1393,COM,Comoros,2016,4.76
1394,COM,Comoros,2017,4.66
1395,COM,Comoros,2018,4.56
1396,COM,Comoros,2019,4.46
1397,COM,Comoros,2020,4.35
1398,COM,Comoros,2021,4.24
1399,COM,Comoros,2022,4.11
1400,COM,Comoros,2023,3.98
1401,COG,Congo,1989,9.05
1402,COG,Congo,1990,9.15
1403,COG,Congo,1991,9.31
1404,COG,Congo,1992,9.54
1405,COG,Congo,1993,9.84
1406,COG,Congo,1994,10.16
1407,COG,Congo,1995,10.52
1408,COG,Congo,1996,10.87
1409,COG,Congo,1997,11.19
1410,COG,Congo,1998,11.42
1411,COG,Congo,1999,11.49
1412,COG,Congo,2000,11.37
1413,COG,Congo,2001,11.07
1414,COG,Congo,2002,10.6
1415,COG,Congo,2003,10.01
1416,COG,Congo,2004,9.35
1417,COG,Congo,2005,8.66
1418,COG,Congo,2006,8.02
1419,COG,Congo,2007,7.43
1420,COG,Congo,2008,6.95
1421,COG,Congo,2009,6.55
1422,COG,Congo,2010,6.25
1423,COG,Congo,2011,6.02
1424,COG,Congo,2012,5.82
1425,COG,Congo,2013,5.64
1426,COG,Congo,2014,5.45
1427,COG,Congo,2015,5.27
1428,COG,Congo,2016,5.09
1429,COG,Congo,2017,4.93
1430,COG,Congo,2018,4.77
1431,COG,Congo,2019,5.24
1432,COG,Congo,2020,4.47
1433,COG,Congo,2021,4.33
1434,COG,Congo,2022,4.19
1435,COG,Congo,2023,4.05
1436,COK,Cook Islands,1989,2.38
1437,COK,Cook Islands,1990,2.37
1438,COK,Cook Islands,1991,2.37
1439,COK,Cook Islands,1992,2.36
1440,COK,Cook Islands,1993,2.35
1441,COK,Cook Islands,1994,2.31
1442,COK,Cook Islands,1995,2.26
1443,COK,Cook Islands,1996,2.2
1444,COK,Cook Islands,1997,2.12
1445,COK,Cook Islands,1998,2.03
1446,COK,Cook Islands,1999,1.95
1447,COK,Cook Islands,2000,1.87
1448,COK,Cook Islands,2001,1.79
1449,COK,Cook Islands,2002,1.72
1450,COK,Cook Islands,2003,1.65
1451,COK,Cook Islands,2004,1.59
1452,COK,Cook Islands,2005,1.52
1453,COK,Cook Islands,2006,1.46
1454,COK,Cook Islands,2007,1.4
1455,COK,Cook Islands,2008,1.35
1456,COK,Cook Islands,2009,1.31
1457,COK,Cook Islands,2010,1.29
1458,COK,Cook Islands,2011,1.28
1459,COK,Cook Islands,2012,1.28
1460,COK,Cook Islands,2013,1.29
1461,COK,Cook Islands,2014,1.32
1462,COK,Cook Islands,2015,1.34
1463,COK,Cook Islands,2016,1.37
1464,COK,Cook Islands,2017,1.4
1465,COK,Cook Islands,2018,1.42
1466,COK,Cook Islands,2019,1.43
1467,COK,Cook Islands,2020,1.43
1468,COK,Cook Islands,2021,1.42
1469,COK,Cook Islands,2022,1.39
1470,COK,Cook Islands,2023,1.36
1471,CRI,Costa Rica,1989,1.78
1472,CRI,Costa Rica,1990,1.69
1473,CRI,Costa Rica,1991,1.62
1474,CRI,Costa Rica,1992,1.57
1475,CRI,Costa Rica,1993,1.53
1476,CRI,Costa Rica,1994,1.51
1477,CRI,Costa Rica,1995,1.49
1478,CRI,Costa Rica,1996,1.47
1479,CRI,Costa Rica,1997,1.45
1480,CRI,Costa Rica,1998,1.41
1481,CRI,Costa Rica,1999,1.36
1482,CRI,Costa Rica,2000,1.31
1483,CRI,Costa Rica,2001,1.26
1484,CRI,Costa Rica,2002,1.22
1485,CRI,Costa Rica,2003,1.18
1486,CRI,Costa Rica,2004,1.15
1487,CRI,Costa Rica,2005,1.13
1488,CRI,Costa Rica,2006,1.12
1489,CRI,Costa Rica,2007,1.11
1490,CRI,Costa Rica,2008,1.09
1491,CRI,Costa Rica,2009,1.07
1492,CRI,Costa Rica,2010,1.05
1493,CRI,Costa Rica,2011,1.02
1494,CRI,Costa Rica,2012,0.98
1495,CRI,Costa Rica,2013,0.95
1496,CRI,Costa Rica,2014,0.92
1497,CRI,Costa Rica,2015,0.9
1498,CRI,Costa Rica,2016,0.89
1499,CRI,Costa Rica,2017,0.89
1500,CRI,Costa Rica,2018,0.89
1501,CRI,Costa Rica,2019,0.91
1502,CRI,Costa Rica,2020,0.94
1503,CRI,Costa Rica,2021,0.97
1504,CRI,Costa Rica,2022,1.01
1505,CRI,Costa Rica,2023,1.05
1506,CIV,Cote d'Ivoire,1989,15.25
1507,CIV,Cote d'Ivoire,1990,15.3
1508,CIV,Cote d'Ivoire,1991,15.36
1509,CIV,Cote d'Ivoire,1992,15.38
1510,CIV,Cote d'Ivoire,1993,15.36
1511,CIV,Cote d'Ivoire,1994,15.3
1512,CIV,Cote d'Ivoire,1995,15.2
1513,CIV,Cote d'Ivoire,1996,15.07
1514,CIV,Cote d'Ivoire,1997,14.88
1515,CIV,Cote d'Ivoire,1998,14.64
1516,CIV,Cote d'Ivoire,1999,14.36
1517,CIV,Cote d'Ivoire,2000,14.05
1518,CIV,Cote d'Ivoire,2001,13.71
1519,CIV,Cote d'Ivoire,2002,13.34
1520,CIV,Cote d'Ivoire,2003,12.96
1521,CIV,Cote d'Ivoire,2004,12.57
1522,CIV,Cote d'Ivoire,2005,12.16
1523,CIV,Cote d'Ivoire,2006,11.78
1524,CIV,Cote d'Ivoire,2007,11.39
1525,CIV,Cote d'Ivoire,2008,10.95
1526,CIV,Cote d'Ivoire,2009,10.58
1527,CIV,Cote d'Ivoire,2010,10.22
1528,CIV,Cote d'Ivoire,2011,9.91
1529,CIV,Cote d'Ivoire,2012,9.6
1530,CIV,Cote d'Ivoire,2013,9.27
1531,CIV,Cote d'Ivoire,2014,8.92
1532,CIV,Cote d'Ivoire,2015,8.61
1533,CIV,Cote d'Ivoire,2016,8.36
1534,CIV,Cote d'Ivoire,2017,8.11
1535,CIV,Cote d'Ivoire,2018,7.85
1536,CIV,Cote d'Ivoire,2019,7.59
1537,CIV,Cote d'Ivoire,2020,7.37
1538,CIV,Cote d'Ivoire,2021,7.14
1539,CIV,Cote d'Ivoire,2022,6.92
1540,CIV,Cote d'Ivoire,2023,6.71
1541,HRV,Croatia,1989,1.38
1542,HRV,Croatia,1990,1.29
1543,HRV,Croatia,1991,1.39
1544,HRV,Croatia,1992,1.15
1545,HRV,Croatia,1993,1.09
1546,HRV,Croatia,1994,1.04
1547,HRV,Croatia,1995,1.0
1548,HRV,Croatia,1996,0.96
1549,HRV,Croatia,1997,0.93
1550,HRV,Croatia,1998,0.9
1551,HRV,Croatia,1999,0.86
1552,HRV,Croatia,2000,0.83
1553,HRV,Croatia,2001,0.8
1554,HRV,Croatia,2002,0.77
1555,HRV,Croatia,2003,0.82
1556,HRV,Croatia,2004,0.71
1557,HRV,Croatia,2005,0.67
1558,HRV,Croatia,2006,0.64
1559,HRV,Croatia,2007,0.61
1560,HRV,Croatia,2008,0.59
1561,HRV,Croatia,2009,0.57
1562,HRV,Croatia,2010,0.55
1563,HRV,Croatia,2011,0.53
1564,HRV,Croatia,2012,0.52
1565,HRV,Croatia,2013,0.51
1566,HRV,Croatia,2014,0.5
1567,HRV,Croatia,2015,0.49
1568,HRV,Croatia,2016,0.49
1569,HRV,Croatia,2017,0.48
1570,HRV,Croatia,2018,0.48
1571,HRV,Croatia,2019,0.47
1572,HRV,Croatia,2020,0.47
1573,HRV,Croatia,2021,0.46
1574,HRV,Croatia,2022,0.46
1575,HRV,Croatia,2023,0.46
1576,CUB,Cuba,1989,1.41
1577,CUB,Cuba,1990,1.34
1578,CUB,Cuba,1991,1.28
1579,CUB,Cuba,1992,1.22
1580,CUB,Cuba,1993,1.16
1581,CUB,Cuba,1994,1.11
1582,CUB,Cuba,1995,1.06
1583,CUB,Cuba,1996,1.01
1584,CUB,Cuba,1997,0.97
1585,CUB,Cuba,1998,0.93
1586,CUB,Cuba,1999,0.89
1587,CUB,Cuba,2000,0.86
1588,CUB,Cuba,2001,0.82
1589,CUB,Cuba,2002,0.79
1590,CUB,Cuba,2003,0.76
1591,CUB,Cuba,2004,0.73
1592,CUB,Cuba,2005,0.71
1593,CUB,Cuba,2006,0.69
1594,CUB,Cuba,2007,0.66
1595,CUB,Cuba,2008,0.65
1596,CUB,Cuba,2009,0.63
1597,CUB,Cuba,2010,0.62
1598,CUB,Cuba,2011,0.61
1599,CUB,Cuba,2012,0.6
1600,CUB,Cuba,2013,0.6
1601,CUB,Cuba,2014,0.6
1602,CUB,Cuba,2015,0.61
1603,CUB,Cuba,2016,0.62
1604,CUB,Cuba,2017,0.64
1605,CUB,Cuba,2018,0.66
1606,CUB,Cuba,2019,0.69
1607,CUB,Cuba,2020,0.72
1608,CUB,Cuba,2021,0.76
1609,CUB,Cuba,2022,0.79
1610,CUB,Cuba,2023,0.83
1611,CYP,Cyprus,1989,1.12
1612,CYP,Cyprus,1990,1.11
1613,CYP,Cyprus,1991,1.09
1614,CYP,Cyprus,1992,1.06
1615,CYP,Cyprus,1993,1.02
1616,CYP,Cyprus,1994,0.97
1617,CYP,Cyprus,1995,0.91
1618,CYP,Cyprus,1996,0.86
1619,CYP,Cyprus,1997,0.81
1620,CYP,Cyprus,1998,0.76
1621,CYP,Cyprus,1999,0.71
1622,CYP,Cyprus,2000,0.66
1623,CYP,Cyprus,2001,0.62
1624,CYP,Cyprus,2002,0.58
1625,CYP,Cyprus,2003,0.54
1626,CYP,Cyprus,2004,0.5
1627,CYP,Cyprus,2005,0.46
1628,CYP,Cyprus,2006,0.42
1629,CYP,Cyprus,2007,0.39
1630,CYP,Cyprus,2008,0.37
1631,CYP,Cyprus,2009,0.35
1632,CYP,Cyprus,2010,0.33
1633,CYP,Cyprus,2011,0.32
1634,CYP,Cyprus,2012,0.3
1635,CYP,Cyprus,2013,0.3
1636,CYP,Cyprus,2014,0.29
1637,CYP,Cyprus,2015,0.29
1638,CYP,Cyprus,2016,0.29
1639,CYP,Cyprus,2017,0.3
1640,CYP,Cyprus,2018,0.3
1641,CYP,Cyprus,2019,0.31
1642,CYP,Cyprus,2020,0.32
1643,CYP,Cyprus,2021,0.34
1644,CYP,Cyprus,2022,0.35
1645,CYP,Cyprus,2023,0.35
1646,CZE,Czechia,1989,1.25
1647,CZE,Czechia,1990,1.21
1648,CZE,Czechia,1991,1.17
1649,CZE,Czechia,1992,1.11
1650,CZE,Czechia,1993,1.03
1651,CZE,Czechia,1994,0.94
1652,CZE,Czechia,1995,0.85
1653,CZE,Czechia,1996,0.77
1654,CZE,Czechia,1997,0.7
1655,CZE,Czechia,1998,0.63
1656,CZE,Czechia,1999,0.58
1657,CZE,Czechia,2000,0.55
1658,CZE,Czechia,2001,0.52
1659,CZE,Czechia,2002,0.5
1660,CZE,Czechia,2003,0.48
1661,CZE,Czechia,2004,0.46
1662,CZE,Czechia,2005,0.44
1663,CZE,Czechia,2006,0.41
1664,CZE,Czechia,2007,0.39
1665,CZE,Czechia,2008,0.37
1666,CZE,Czechia,2009,0.35
1667,CZE,Czechia,2010,0.34
1668,CZE,Czechia,2011,0.33
1669,CZE,Czechia,2012,0.32
1670,CZE,Czechia,2013,0.31
1671,CZE,Czechia,2014,0.31
1672,CZE,Czechia,2015,0.32
1673,CZE,Czechia,2016,0.32
1674,CZE,Czechia,2017,0.32
1675,CZE,Czechia,2018,0.31
1676,CZE,Czechia,2019,0.3
1677,CZE,Czechia,2020,0.29
1678,CZE,Czechia,2021,0.28
1679,CZE,Czechia,2022,0.27
1680,CZE,Czechia,2023,0.26
1681,COD,Democratic Republic of Congo,1989,18.77
1682,COD,Democratic Republic of Congo,1990,18.53
1683,COD,Democratic Republic of Congo,1991,18.31
1684,COD,Democratic Republic of Congo,1992,18.1
1685,COD,Democratic Republic of Congo,1993,17.88
1686,COD,Democratic Republic of Congo,1994,17.69
1687,COD,Democratic Republic of Congo,1995,17.48
1688,COD,Democratic Republic of Congo,1996,17.25
1689,COD,Democratic Republic of Congo,1997,16.99
1690,COD,Democratic Republic of Congo,1998,16.68
1691,COD,Democratic Republic of Congo,1999,16.32
1692,COD,Democratic Republic of Congo,2000,15.92
1693,COD,Democratic Republic of Congo,2001,15.48
1694,COD,Democratic Republic of Congo,2002,15.02
1695,COD,Democratic Republic of Congo,2003,14.55
1696,COD,Democratic Republic of Congo,2004,14.07
1697,COD,Democratic Republic of Congo,2005,13.59
1698,COD,Democratic Republic of Congo,2006,13.11
1699,COD,Democratic Republic of Congo,2007,12.65
1700,COD,Democratic Republic of Congo,2008,12.19
1701,COD,Democratic Republic of Congo,2009,11.75
1702,COD,Democratic Republic of Congo,2010,11.35
1703,COD,Democratic Republic of Congo,2011,10.96
1704,COD,Democratic Republic of Congo,2012,10.6
1705,COD,Democratic Republic of Congo,2013,10.25
1706,COD,Democratic Republic of Congo,2014,9.9
1707,COD,Democratic Republic of Congo,2015,9.56
1708,COD,Democratic Republic of Congo,2016,9.23
1709,COD,Democratic Republic of Congo,2017,8.93
1710,COD,Democratic Republic of Congo,2018,8.63
1711,COD,Democratic Republic of Congo,2019,8.35
1712,COD,Democratic Republic of Congo,2020,8.07
1713,COD,Democratic Republic of Congo,2021,7.81
1714,COD,Democratic Republic of Congo,2022,7.57
1715,COD,Democratic Republic of Congo,2023,7.32
1716,DNK,Denmark,1989,0.93
1717,DNK,Denmark,1990,0.89
1718,DNK,Denmark,1991,0.84
1719,DNK,Denmark,1992,0.79
1720,DNK,Denmark,1993,0.74
1721,DNK,Denmark,1994,0.69
1722,DNK,Denmark,1995,0.65
1723,DNK,Denmark,1996,0.63
1724,DNK,Denmark,1997,0.6
1725,DNK,Denmark,1998,0.59
1726,DNK,Denmark,1999,0.57
1727,DNK,Denmark,2000,0.56
1728,DNK,Denmark,2001,0.55
1729,DNK,Denmark,2002,0.54
1730,DNK,Denmark,2003,0.52
1731,DNK,Denmark,2004,0.5
1732,DNK,Denmark,2005,0.48
1733,DNK,Denmark,2006,0.46
1734,DNK,Denmark,2007,0.45
1735,DNK,Denmark,2008,0.43
1736,DNK,Denmark,2009,0.42
1737,DNK,Denmark,2010,0.41
1738,DNK,Denmark,2011,0.41
1739,DNK,Denmark,2012,0.41
1740,DNK,Denmark,2013,0.41
1741,DNK,Denmark,2014,0.41
1742,DNK,Denmark,2015,0.41
1743,DNK,Denmark,2016,0.4
1744,DNK,Denmark,2017,0.4
1745,DNK,Denmark,2018,0.39
1746,DNK,Denmark,2019,0.38
1747,DNK,Denmark,2020,0.37
1748,DNK,Denmark,2021,0.36
1749,DNK,Denmark,2022,0.35
1750,DNK,Denmark,2023,0.34
1751,DJI,Djibouti,1989,11.88
1752,DJI,Djibouti,1990,11.63
1753,DJI,Djibouti,1991,11.4
1754,DJI,Djibouti,1992,11.22
1755,DJI,Djibouti,1993,11.06
1756,DJI,Djibouti,1994,10.93
1757,DJI,Djibouti,1995,10.79
1758,DJI,Djibouti,1996,10.66
1759,DJI,Djibouti,1997,10.51
1760,DJI,Djibouti,1998,10.34
1761,DJI,Djibouti,1999,10.15
1762,DJI,Djibouti,2000,9.95
1763,DJI,Djibouti,2001,9.72
1764,DJI,Djibouti,2002,9.48
1765,DJI,Djibouti,2003,9.24
1766,DJI,Djibouti,2004,9.0
1767,DJI,Djibouti,2005,8.77
1768,DJI,Djibouti,2006,8.53
1769,DJI,Djibouti,2007,8.28
1770,DJI,Djibouti,2008,8.03
1771,DJI,Djibouti,2009,7.81
1772,DJI,Djibouti,2010,7.59
1773,DJI,Djibouti,2011,7.36
1774,DJI,Djibouti,2012,7.14
1775,DJI,Djibouti,2013,6.93
1776,DJI,Djibouti,2014,6.72
1777,DJI,Djibouti,2015,6.51
1778,DJI,Djibouti,2016,6.33
1779,DJI,Djibouti,2017,6.13
1780,DJI,Djibouti,2018,5.94
1781,DJI,Djibouti,2019,5.75
1782,DJI,Djibouti,2020,5.56
1783,DJI,Djibouti,2021,5.38
1784,DJI,Djibouti,2022,5.22
1785,DJI,Djibouti,2023,5.04
1786,DMA,Dominica,1989,1.88
1787,DMA,Dominica,1990,1.85
1788,DMA,Dominica,1991,1.84
1789,DMA,Dominica,1992,1.82
1790,DMA,Dominica,1993,1.82
1791,DMA,Dominica,1994,1.82
1792,DMA,Dominica,1995,1.83
1793,DMA,Dominica,1996,1.84
1794,DMA,Dominica,1997,1.86
1795,DMA,Dominica,1998,1.88
1796,DMA,Dominica,1999,1.91
1797,DMA,Dominica,2000,1.94
1798,DMA,Dominica,2001,1.97
1799,DMA,Dominica,2002,2.01
1800,DMA,Dominica,2003,2.06
1801,DMA,Dominica,2004,2.11
1802,DMA,Dominica,2005,2.16
1803,DMA,Dominica,2006,2.22
1804,DMA,Dominica,2007,2.28
1805,DMA,Dominica,2008,2.35
1806,DMA,Dominica,2009,2.42
1807,DMA,Dominica,2010,2.5
1808,DMA,Dominica,2011,2.57
1809,DMA,Dominica,2012,2.66
1810,DMA,Dominica,2013,2.74
1811,DMA,Dominica,2014,2.83
1812,DMA,Dominica,2015,2.93
1813,DMA,Dominica,2016,3.02
1814,DMA,Dominica,2017,3.12
1815,DMA,Dominica,2018,3.21
1816,DMA,Dominica,2019,3.3
1817,DMA,Dominica,2020,3.38
1818,DMA,Dominica,2021,3.45
1819,DMA,Dominica,2022,3.51
1820,DMA,Dominica,2023,3.55
1821,DOM,Dominican Republic,1989,6.19
1822,DOM,Dominican Republic,1990,5.95
1823,DOM,Dominican Republic,1991,5.7
1824,DOM,Dominican Republic,1992,5.46
1825,DOM,Dominican Republic,1993,5.22
1826,DOM,Dominican Republic,1994,5.0
1827,DOM,Dominican Republic,1995,4.78
1828,DOM,Dominican Republic,1996,4.58
1829,DOM,Dominican Republic,1997,4.4
1830,DOM,Dominican Republic,1998,4.24
1831,DOM,Dominican Republic,1999,4.1
1832,DOM,Dominican Republic,2000,3.98
1833,DOM,Dominican Republic,2001,3.88
1834,DOM,Dominican Republic,2002,3.8
1835,DOM,Dominican Republic,2003,3.73
1836,DOM,Dominican Republic,2004,3.67
1837,DOM,Dominican Republic,2005,3.62
1838,DOM,Dominican Republic,2006,3.59
1839,DOM,Dominican Republic,2007,3.56
1840,DOM,Dominican Republic,2008,3.54
1841,DOM,Dominican Republic,2009,3.52
1842,DOM,Dominican Republic,2010,3.51
1843,DOM,Dominican Republic,2011,3.5
1844,DOM,Dominican Republic,2012,3.49
1845,DOM,Dominican Republic,2013,3.5
1846,DOM,Dominican Republic,2014,3.5
1847,DOM,Dominican Republic,2015,3.5
1848,DOM,Dominican Republic,2016,3.5
1849,DOM,Dominican Republic,2017,3.5
1850,DOM,Dominican Republic,2018,3.47
1851,DOM,Dominican Republic,2019,3.43
1852,DOM,Dominican Republic,2020,3.38
1853,DOM,Dominican Republic,2021,3.31
1854,DOM,Dominican Republic,2022,3.22
1855,DOM,Dominican Republic,2023,3.14
1856,TLS,East Timor,1989,22.96
1857,TLS,East Timor,1990,22.54
1858,TLS,East Timor,1991,22.16
1859,TLS,East Timor,1992,21.05
1860,TLS,East Timor,1993,19.99
1861,TLS,East Timor,1994,19.22
1862,TLS,East Timor,1995,19.34
1863,TLS,East Timor,1996,18.52
1864,TLS,East Timor,1997,17.74
1865,TLS,East Timor,1998,18.02
1866,TLS,East Timor,1999,19.38
1867,TLS,East Timor,2000,11.05
1868,TLS,East Timor,2001,10.55
1869,TLS,East Timor,2002,10.07
1870,TLS,East Timor,2003,9.61
1871,TLS,East Timor,2004,9.17
1872,TLS,East Timor,2005,8.75
1873,TLS,East Timor,2006,8.36
1874,TLS,East Timor,2007,8.01
1875,TLS,East Timor,2008,7.68
1876,TLS,East Timor,2009,7.38
1877,TLS,East Timor,2010,7.11
1878,TLS,East Timor,2011,6.86
1879,TLS,East Timor,2012,6.63
1880,TLS,East Timor,2013,6.42
1881,TLS,East Timor,2014,6.23
1882,TLS,East Timor,2015,6.06
1883,TLS,East Timor,2016,5.91
1884,TLS,East Timor,2017,5.78
1885,TLS,East Timor,2018,5.66
1886,TLS,East Timor,2019,5.55
1887,TLS,East Timor,2020,5.42
1888,TLS,East Timor,2021,5.28
1889,TLS,East Timor,2022,5.14
1890,TLS,East Timor,2023,5.0
1891,ECU,Ecuador,1989,5.66
1892,ECU,Ecuador,1990,5.39
1893,ECU,Ecuador,1991,5.12
1894,ECU,Ecuador,1992,4.86
1895,ECU,Ecuador,1993,4.6
1896,ECU,Ecuador,1994,4.34
1897,ECU,Ecuador,1995,4.08
1898,ECU,Ecuador,1996,3.82
1899,ECU,Ecuador,1997,3.57
1900,ECU,Ecuador,1998,3.34
1901,ECU,Ecuador,1999,3.14
1902,ECU,Ecuador,2000,2.96
1903,ECU,Ecuador,2001,2.81
1904,ECU,Ecuador,2002,2.68
1905,ECU,Ecuador,2003,2.57
1906,ECU,Ecuador,2004,2.46
1907,ECU,Ecuador,2005,2.37
1908,ECU,Ecuador,2006,2.28
1909,ECU,Ecuador,2007,2.19
1910,ECU,Ecuador,2008,2.1
1911,ECU,Ecuador,2009,2.0
1912,ECU,Ecuador,2010,1.92
1913,ECU,Ecuador,2011,1.83
1914,ECU,Ecuador,2012,1.74
1915,ECU,Ecuador,2013,1.66
1916,ECU,Ecuador,2014,1.59
1917,ECU,Ecuador,2015,1.53
1918,ECU,Ecuador,2016,1.48
1919,ECU,Ecuador,2017,1.44
1920,ECU,Ecuador,2018,1.41
1921,ECU,Ecuador,2019,1.38
1922,ECU,Ecuador,2020,1.36
1923,ECU,Ecuador,2021,1.34
1924,ECU,Ecuador,2022,1.32
1925,ECU,Ecuador,2023,1.31
1926,EGY,Egypt,1989,9.03
1927,EGY,Egypt,1990,8.57
1928,EGY,Egypt,1991,8.14
1929,EGY,Egypt,1992,7.73
1930,EGY,Egypt,1993,7.31
1931,EGY,Egypt,1994,6.88
1932,EGY,Egypt,1995,6.45
1933,EGY,Egypt,1996,6.04
1934,EGY,Egypt,1997,5.65
1935,EGY,Egypt,1998,5.29
1936,EGY,Egypt,1999,4.96
1937,EGY,Egypt,2000,4.66
1938,EGY,Egypt,2001,4.39
1939,EGY,Egypt,2002,4.15
1940,EGY,Egypt,2003,3.94
1941,EGY,Egypt,2004,3.75
1942,EGY,Egypt,2005,3.57
1943,EGY,Egypt,2006,3.41
1944,EGY,Egypt,2007,3.27
1945,EGY,Egypt,2008,3.12
1946,EGY,Egypt,2009,2.99
1947,EGY,Egypt,2010,2.86
1948,EGY,Egypt,2011,2.74
1949,EGY,Egypt,2012,2.62
1950,EGY,Egypt,2013,2.52
1951,EGY,Egypt,2014,2.41
1952,EGY,Egypt,2015,2.33
1953,EGY,Egypt,2016,2.24
1954,EGY,Egypt,2017,2.16
1955,EGY,Egypt,2018,2.08
1956,EGY,Egypt,2019,2.01
1957,EGY,Egypt,2020,1.94
1958,EGY,Egypt,2021,1.87
1959,EGY,Egypt,2022,1.81
1960,EGY,Egypt,2023,1.75
1961,SLV,El Salvador,1989,6.28
1962,SLV,El Salvador,1990,5.94
1963,SLV,El Salvador,1991,5.61
1964,SLV,El Salvador,1992,5.3
1965,SLV,El Salvador,1993,5.0
1966,SLV,El Salvador,1994,4.71
1967,SLV,El Salvador,1995,4.42
1968,SLV,El Salvador,1996,4.15
1969,SLV,El Salvador,1997,3.89
1970,SLV,El Salvador,1998,3.65
1971,SLV,El Salvador,1999,3.43
1972,SLV,El Salvador,2000,3.23
1973,SLV,El Salvador,2001,3.04
1974,SLV,El Salvador,2002,2.86
1975,SLV,El Salvador,2003,2.7
1976,SLV,El Salvador,2004,2.55
1977,SLV,El Salvador,2005,2.4
1978,SLV,El Salvador,2006,2.27
1979,SLV,El Salvador,2007,2.15
1980,SLV,El Salvador,2008,2.04
1981,SLV,El Salvador,2009,1.94
1982,SLV,El Salvador,2010,1.84
1983,SLV,El Salvador,2011,1.75
1984,SLV,El Salvador,2012,1.67
1985,SLV,El Salvador,2013,1.59
1986,SLV,El Salvador,2014,1.52
1987,SLV,El Salvador,2015,1.45
1988,SLV,El Salvador,2016,1.39
1989,SLV,El Salvador,2017,1.33
1990,SLV,El Salvador,2018,1.27
1991,SLV,El Salvador,2019,1.22
1992,SLV,El Salvador,2020,1.17
1993,SLV,El Salvador,2021,1.12
1994,SLV,El Salvador,2022,1.08
1995,SLV,El Salvador,2023,1.04
1996,GNQ,Equatorial Guinea,1989,18.01
1997,GNQ,Equatorial Guinea,1990,17.87
1998,GNQ,Equatorial Guinea,1991,17.72
1999,GNQ,Equatorial Guinea,1992,17.59
2000,GNQ,Equatorial Guinea,1993,17.45
2001,GNQ,Equatorial Guinea,1994,17.31
2002,GNQ,Equatorial Guinea,1995,17.14
2003,GNQ,Equatorial Guinea,1996,16.93
2004,GNQ,Equatorial Guinea,1997,16.69
2005,GNQ,Equatorial Guinea,1998,16.38
2006,GNQ,Equatorial Guinea,1999,16.01
2007,GNQ,Equatorial Guinea,2000,15.59
2008,GNQ,Equatorial Guinea,2001,15.15
2009,GNQ,Equatorial Guinea,2002,14.7
2010,GNQ,Equatorial Guinea,2003,14.25
2011,GNQ,Equatorial Guinea,2004,13.78
2012,GNQ,Equatorial Guinea,2005,13.32
2013,GNQ,Equatorial Guinea,2006,12.86
2014,GNQ,Equatorial Guinea,2007,12.4
2015,GNQ,Equatorial Guinea,2008,11.94
2016,GNQ,Equatorial Guinea,2009,11.52
2017,GNQ,Equatorial Guinea,2010,11.11
2018,GNQ,Equatorial Guinea,2011,10.71
2019,GNQ,Equatorial Guinea,2012,10.34
2020,GNQ,Equatorial Guinea,2013,9.99
2021,GNQ,Equatorial Guinea,2014,9.66
2022,GNQ,Equatorial Guinea,2015,9.33
2023,GNQ,Equatorial Guinea,2016,8.99
2024,GNQ,Equatorial Guinea,2017,8.7
2025,GNQ,Equatorial Guinea,2018,8.42
2026,GNQ,Equatorial Guinea,2019,8.17
2027,GNQ,Equatorial Guinea,2020,7.88
2028,GNQ,Equatorial Guinea,2021,7.61
2029,GNQ,Equatorial Guinea,2022,7.34
2030,GNQ,Equatorial Guinea,2023,7.06
2031,ERI,Eritrea,1989,15.99
2032,ERI,Eritrea,1990,15.36
2033,ERI,Eritrea,1991,14.65
2034,ERI,Eritrea,1992,13.88
2035,ERI,Eritrea,1993,13.07
2036,ERI,Eritrea,1994,12.26
2037,ERI,Eritrea,1995,11.48
2038,ERI,Eritrea,1996,10.75
2039,ERI,Eritrea,1997,10.09
2040,ERI,Eritrea,1998,9.51
2041,ERI,Eritrea,1999,10.86
2042,ERI,Eritrea,2000,8.53
2043,ERI,Eritrea,2001,8.11
2044,ERI,Eritrea,2002,7.73
2045,ERI,Eritrea,2003,7.38
2046,ERI,Eritrea,2004,7.05
2047,ERI,Eritrea,2005,6.75
2048,ERI,Eritrea,2006,6.46
2049,ERI,Eritrea,2007,6.19
2050,ERI,Eritrea,2008,5.94
2051,ERI,Eritrea,2009,5.71
2052,ERI,Eritrea,2010,5.5
2053,ERI,Eritrea,2011,5.31
2054,ERI,Eritrea,2012,5.12
2055,ERI,Eritrea,2013,4.94
2056,ERI,Eritrea,2014,4.78
2057,ERI,Eritrea,2015,4.61
2058,ERI,Eritrea,2016,4.46
2059,ERI,Eritrea,2017,4.32
2060,ERI,Eritrea,2018,4.17
2061,ERI,Eritrea,2019,4.03
2062,ERI,Eritrea,2020,3.91
2063,ERI,Eritrea,2021,3.79
2064,ERI,Eritrea,2022,3.66
2065,ERI,Eritrea,2023,3.54
2066,EST,Estonia,1989,1.79
2067,EST,Estonia,1990,1.77
2068,EST,Estonia,1991,1.75
2069,EST,Estonia,1992,1.73
2070,EST,Estonia,1993,1.69
2071,EST,Estonia,1994,1.64
2072,EST,Estonia,1995,1.57
2073,EST,Estonia,1996,1.48
2074,EST,Estonia,1997,1.39
2075,EST,Estonia,1998,1.29
2076,EST,Estonia,1999,1.2
2077,EST,Estonia,2000,1.1
2078,EST,Estonia,2001,1.01
2079,EST,Estonia,2002,0.93
2080,EST,Estonia,2003,0.85
2081,EST,Estonia,2004,0.78
2082,EST,Estonia,2005,0.71
2083,EST,Estonia,2006,0.65
2084,EST,Estonia,2007,0.59
2085,EST,Estonia,2008,0.54
2086,EST,Estonia,2009,0.5
2087,EST,Estonia,2010,0.46
2088,EST,Estonia,2011,0.42
2089,EST,Estonia,2012,0.39
2090,EST,Estonia,2013,0.36
2091,EST,Estonia,2014,0.34
2092,EST,Estonia,2015,0.32
2093,EST,Estonia,2016,0.3
2094,EST,Estonia,2017,0.28
2095,EST,Estonia,2018,0.27
2096,EST,Estonia,2019,0.25
2097,EST,Estonia,2020,0.24
2098,EST,Estonia,2021,0.23
2099,EST,Estonia,2022,0.22
2100,EST,Estonia,2023,0.21
2101,SWZ,Eswatini,1989,6.93
2102,SWZ,Eswatini,1990,6.75
2103,SWZ,Eswatini,1991,6.72
2104,SWZ,Eswatini,1992,6.85
2105,SWZ,Eswatini,1993,7.17
2106,SWZ,Eswatini,1994,7.62
2107,SWZ,Eswatini,1995,8.12
2108,SWZ,Eswatini,1996,8.71
2109,SWZ,Eswatini,1997,9.3
2110,SWZ,Eswatini,1998,9.87
2111,SWZ,Eswatini,1999,10.41
2112,SWZ,Eswatini,2000,10.91
2113,SWZ,Eswatini,2001,11.26
2114,SWZ,Eswatini,2002,11.43
2115,SWZ,Eswatini,2003,11.57
2116,SWZ,Eswatini,2004,11.62
2117,SWZ,Eswatini,2005,11.55
2118,SWZ,Eswatini,2006,10.53
2119,SWZ,Eswatini,2007,10.0
2120,SWZ,Eswatini,2008,9.82
2121,SWZ,Eswatini,2009,9.25
2122,SWZ,Eswatini,2010,8.18
2123,SWZ,Eswatini,2011,6.81
2124,SWZ,Eswatini,2012,6.38
2125,SWZ,Eswatini,2013,6.16
2126,SWZ,Eswatini,2014,6.17
2127,SWZ,Eswatini,2015,5.86
2128,SWZ,Eswatini,2016,5.53
2129,SWZ,Eswatini,2017,5.43
2130,SWZ,Eswatini,2018,5.1
2131,SWZ,Eswatini,2019,5.16
2132,SWZ,Eswatini,2020,4.98
2133,SWZ,Eswatini,2021,4.76
2134,SWZ,Eswatini,2022,4.62
2135,SWZ,Eswatini,2023,4.5
2136,ETH,Ethiopia,1989,20.62
2137,ETH,Ethiopia,1990,20.17
2138,ETH,Ethiopia,1991,19.67
2139,ETH,Ethiopia,1992,19.13
2140,ETH,Ethiopia,1993,18.54
2141,ETH,Ethiopia,1994,17.9
2142,ETH,Ethiopia,1995,17.24
2143,ETH,Ethiopia,1996,16.58
2144,ETH,Ethiopia,1997,15.92
2145,ETH,Ethiopia,1998,15.29
2146,ETH,Ethiopia,1999,14.67
2147,ETH,Ethiopia,2000,14.04
2148,ETH,Ethiopia,2001,13.41
2149,ETH,Ethiopia,2002,12.77
2150,ETH,Ethiopia,2003,12.14
2151,ETH,Ethiopia,2004,11.5
2152,ETH,Ethiopia,2005,10.88
2153,ETH,Ethiopia,2006,10.29
2154,ETH,Ethiopia,2007,9.74
2155,ETH,Ethiopia,2008,9.23
2156,ETH,Ethiopia,2009,8.76
2157,ETH,Ethiopia,2010,8.32
2158,ETH,Ethiopia,2011,7.91
2159,ETH,Ethiopia,2012,7.53
2160,ETH,Ethiopia,2013,7.16
2161,ETH,Ethiopia,2014,6.82
2162,ETH,Ethiopia,2015,6.49
2163,ETH,Ethiopia,2016,6.17
2164,ETH,Ethiopia,2017,5.89
2165,ETH,Ethiopia,2018,5.64
2166,ETH,Ethiopia,2019,5.41
2167,ETH,Ethiopia,2020,5.2
2168,ETH,Ethiopia,2021,5.0
2169,ETH,Ethiopia,2022,4.82
2170,ETH,Ethiopia,2023,4.65
2171,FJI,Fiji,1989,3.0
2172,FJI,Fiji,1990,2.89
2173,FJI,Fiji,1991,2.78
2174,FJI,Fiji,1992,2.68
2175,FJI,Fiji,1993,2.6
2176,FJI,Fiji,1994,2.52
2177,FJI,Fiji,1995,2.45
2178,FJI,Fiji,1996,2.39
2179,FJI,Fiji,1997,2.35
2180,FJI,Fiji,1998,2.31
2181,FJI,Fiji,1999,2.28
2182,FJI,Fiji,2000,2.27
2183,FJI,Fiji,2001,2.26
2184,FJI,Fiji,2002,2.27
2185,FJI,Fiji,2003,2.28
2186,FJI,Fiji,2004,2.31
2187,FJI,Fiji,2005,2.33
2188,FJI,Fiji,2006,2.35
2189,FJI,Fiji,2007,2.35
2190,FJI,Fiji,2008,2.32
2191,FJI,Fiji,2009,2.28
2192,FJI,Fiji,2010,2.22
2193,FJI,Fiji,2011,2.16
2194,FJI,Fiji,2012,2.1
2195,FJI,Fiji,2013,2.07
2196,FJI,Fiji,2014,2.06
2197,FJI,Fiji,2015,2.09
2198,FJI,Fiji,2016,2.16
2199,FJI,Fiji,2017,2.27
2200,FJI,Fiji,2018,2.41
2201,FJI,Fiji,2019,2.57
2202,FJI,Fiji,2020,2.72
2203,FJI,Fiji,2021,2.83
2204,FJI,Fiji,2022,2.89
2205,FJI,Fiji,2023,2.91
2206,FIN,Finland,1989,0.69
2207,FIN,Finland,1990,0.67
2208,FIN,Finland,1991,0.64
2209,FIN,Finland,1992,0.61
2210,FIN,Finland,1993,0.58
2211,FIN,Finland,1994,0.55
2212,FIN,Finland,1995,0.52
2213,FIN,Finland,1996,0.49
2214,FIN,Finland,1997,0.47
2215,FIN,Finland,1998,0.46
2216,FIN,Finland,1999,0.44
2217,FIN,Finland,2000,0.43
2218,FIN,Finland,2001,0.42
2219,FIN,Finland,2002,0.41
2220,FIN,Finland,2003,0.4
2221,FIN,Finland,2004,0.39
2222,FIN,Finland,2005,0.37
2223,FIN,Finland,2006,0.36
2224,FIN,Finland,2007,0.35
2225,FIN,Finland,2008,0.33
2226,FIN,Finland,2009,0.32
2227,FIN,Finland,2010,0.3
2228,FIN,Finland,2011,0.29
2229,FIN,Finland,2012,0.28
2230,FIN,Finland,2013,0.26
2231,FIN,Finland,2014,0.26
2232,FIN,Finland,2015,0.25
2233,FIN,Finland,2016,0.24
2234,FIN,Finland,2017,0.24
2235,FIN,Finland,2018,0.24
2236,FIN,Finland,2019,0.23
2237,FIN,Finland,2020,0.23
2238,FIN,Finland,2021,0.23
2239,FIN,Finland,2022,0.23
2240,FIN,Finland,2023,0.23
2241,FRA,France,1989,0.93
2242,FRA,France,1990,0.9
2243,FRA,France,1991,0.86
2244,FRA,France,1992,0.81
2245,FRA,France,1993,0.75
2246,FRA,France,1994,0.7
2247,FRA,France,1995,0.65
2248,FRA,France,1996,0.61
2249,FRA,France,1997,0.58
2250,FRA,France,1998,0.57
2251,FRA,France,1999,0.55
2252,FRA,France,2000,0.54
2253,FRA,France,2001,0.52
2254,FRA,France,2002,0.51
2255,FRA,France,2003,0.49
2256,FRA,France,2004,0.48
2257,FRA,France,2005,0.46
2258,FRA,France,2006,0.45
2259,FRA,France,2007,0.44
2260,FRA,France,2008,0.44
2261,FRA,France,2009,0.43
2262,FRA,France,2010,0.42
2263,FRA,France,2011,0.42
2264,FRA,France,2012,0.41
2265,FRA,France,2013,0.41
2266,FRA,France,2014,0.41
2267,FRA,France,2015,0.42
2268,FRA,France,2016,0.42
2269,FRA,France,2017,0.42
2270,FRA,France,2018,0.42
2271,FRA,France,2019,0.42
2272,FRA,France,2020,0.42
2273,FRA,France,2021,0.43
2274,FRA,France,2022,0.43
2275,FRA,France,2023,0.43
2276,GAB,Gabon,1989,8.64
2277,GAB,Gabon,1990,8.49
2278,GAB,Gabon,1991,8.35
2279,GAB,Gabon,1992,8.24
2280,GAB,Gabon,1993,8.14
2281,GAB,Gabon,1994,8.06
2282,GAB,Gabon,1995,7.98
2283,GAB,Gabon,1996,7.89
2284,GAB,Gabon,1997,7.79
2285,GAB,Gabon,1998,7.67
2286,GAB,Gabon,1999,7.53
2287,GAB,Gabon,2000,7.37
2288,GAB,Gabon,2001,7.19
2289,GAB,Gabon,2002,7.01
2290,GAB,Gabon,2003,6.81
2291,GAB,Gabon,2004,6.6
2292,GAB,Gabon,2005,6.39
2293,GAB,Gabon,2006,6.21
2294,GAB,Gabon,2007,5.99
2295,GAB,Gabon,2008,5.77
2296,GAB,Gabon,2009,5.57
2297,GAB,Gabon,2010,5.35
2298,GAB,Gabon,2011,5.14
2299,GAB,Gabon,2012,4.94
2300,GAB,Gabon,2013,4.73
2301,GAB,Gabon,2014,4.57
2302,GAB,Gabon,2015,4.42
2303,GAB,Gabon,2016,4.24
2304,GAB,Gabon,2017,4.1
2305,GAB,Gabon,2018,3.96
2306,GAB,Gabon,2019,3.8
2307,GAB,Gabon,2020,3.62
2308,GAB,Gabon,2021,3.52
2309,GAB,Gabon,2022,3.41
2310,GAB,Gabon,2023,3.32
2311,GMB,Gambia,1989,17.19
2312,GMB,Gambia,1990,16.61
2313,GMB,Gambia,1991,16.04
2314,GMB,Gambia,1992,15.48
2315,GMB,Gambia,1993,14.93
2316,GMB,Gambia,1994,14.38
2317,GMB,Gambia,1995,13.85
2318,GMB,Gambia,1996,13.31
2319,GMB,Gambia,1997,12.79
2320,GMB,Gambia,1998,12.28
2321,GMB,Gambia,1999,11.79
2322,GMB,Gambia,2000,11.31
2323,GMB,Gambia,2001,10.85
2324,GMB,Gambia,2002,10.39
2325,GMB,Gambia,2003,9.95
2326,GMB,Gambia,2004,9.52
2327,GMB,Gambia,2005,9.11
2328,GMB,Gambia,2006,8.71
2329,GMB,Gambia,2007,8.33
2330,GMB,Gambia,2008,7.98
2331,GMB,Gambia,2009,7.64
2332,GMB,Gambia,2010,7.31
2333,GMB,Gambia,2011,7.01
2334,GMB,Gambia,2012,6.73
2335,GMB,Gambia,2013,6.45
2336,GMB,Gambia,2014,6.18
2337,GMB,Gambia,2015,5.93
2338,GMB,Gambia,2016,5.7
2339,GMB,Gambia,2017,5.47
2340,GMB,Gambia,2018,5.27
2341,GMB,Gambia,2019,5.07
2342,GMB,Gambia,2020,4.89
2343,GMB,Gambia,2021,4.72
2344,GMB,Gambia,2022,4.56
2345,GMB,Gambia,2023,4.41
2346,GEO,Georgia,1989,4.78
2347,GEO,Georgia,1990,4.75
2348,GEO,Georgia,1991,4.72
2349,GEO,Georgia,1992,4.68
2350,GEO,Georgia,1993,4.63
2351,GEO,Georgia,1994,4.56
2352,GEO,Georgia,1995,4.47
2353,GEO,Georgia,1996,4.36
2354,GEO,Georgia,1997,4.22
2355,GEO,Georgia,1998,4.05
2356,GEO,Georgia,1999,3.85
2357,GEO,Georgia,2000,3.63
2358,GEO,Georgia,2001,3.39
2359,GEO,Georgia,2002,3.13
2360,GEO,Georgia,2003,2.87
2361,GEO,Georgia,2004,2.6
2362,GEO,Georgia,2005,2.35
2363,GEO,Georgia,2006,2.12
2364,GEO,Georgia,2007,1.9
2365,GEO,Georgia,2008,1.72
2366,GEO,Georgia,2009,1.55
2367,GEO,Georgia,2010,1.41
2368,GEO,Georgia,2011,1.3
2369,GEO,Georgia,2012,1.21
2370,GEO,Georgia,2013,1.14
2371,GEO,Georgia,2014,1.09
2372,GEO,Georgia,2015,1.05
2373,GEO,Georgia,2016,1.02
2374,GEO,Georgia,2017,1.0
2375,GEO,Georgia,2018,0.98
2376,GEO,Georgia,2019,0.97
2377,GEO,Georgia,2020,0.96
2378,GEO,Georgia,2021,0.95
2379,GEO,Georgia,2022,0.93
2380,GEO,Georgia,2023,0.92
2381,DEU,Germany,1989,0.9
2382,DEU,Germany,1990,0.85
2383,DEU,Germany,1991,0.8
2384,DEU,Germany,1992,0.76
2385,DEU,Germany,1993,0.72
2386,DEU,Germany,1994,0.68
2387,DEU,Germany,1995,0.65
2388,DEU,Germany,1996,0.62
2389,DEU,Germany,1997,0.59
2390,DEU,Germany,1998,0.57
2391,DEU,Germany,1999,0.55
2392,DEU,Germany,2000,0.54
2393,DEU,Germany,2001,0.52
2394,DEU,Germany,2002,0.51
2395,DEU,Germany,2003,0.5
2396,DEU,Germany,2004,0.48
2397,DEU,Germany,2005,0.47
2398,DEU,Germany,2006,0.46
2399,DEU,Germany,2007,0.45
2400,DEU,Germany,2008,0.44
2401,DEU,Germany,2009,0.43
2402,DEU,Germany,2010,0.42
2403,DEU,Germany,2011,0.41
2404,DEU,Germany,2012,0.4
2405,DEU,Germany,2013,0.4
2406,DEU,Germany,2014,0.4
2407,DEU,Germany,2015,0.39
2408,DEU,Germany,2016,0.39
2409,DEU,Germany,2017,0.38
2410,DEU,Germany,2018,0.38
2411,DEU,Germany,2019,0.37
2412,DEU,Germany,2020,0.37
2413,DEU,Germany,2021,0.37
2414,DEU,Germany,2022,0.37
2415,DEU,Germany,2023,0.37
2416,GHA,Ghana,1989,13.26
2417,GHA,Ghana,1990,12.75
2418,GHA,Ghana,1991,12.33
2419,GHA,Ghana,1992,12.01
2420,GHA,Ghana,1993,11.77
2421,GHA,Ghana,1994,11.6
2422,GHA,Ghana,1995,11.45
2423,GHA,Ghana,1996,11.29
2424,GHA,Ghana,1997,11.06
2425,GHA,Ghana,1998,10.77
2426,GHA,Ghana,1999,10.41
2427,GHA,Ghana,2000,10.02
2428,GHA,Ghana,2001,9.61
2429,GHA,Ghana,2002,9.21
2430,GHA,Ghana,2003,8.85
2431,GHA,Ghana,2004,8.52
2432,GHA,Ghana,2005,8.22
2433,GHA,Ghana,2006,7.93
2434,GHA,Ghana,2007,7.63
2435,GHA,Ghana,2008,7.31
2436,GHA,Ghana,2009,6.99
2437,GHA,Ghana,2010,6.65
2438,GHA,Ghana,2011,6.33
2439,GHA,Ghana,2012,6.02
2440,GHA,Ghana,2013,5.74
2441,GHA,Ghana,2014,5.48
2442,GHA,Ghana,2015,5.25
2443,GHA,Ghana,2016,5.02
2444,GHA,Ghana,2017,4.81
2445,GHA,Ghana,2018,4.6
2446,GHA,Ghana,2019,4.39
2447,GHA,Ghana,2020,4.2
2448,GHA,Ghana,2021,4.02
2449,GHA,Ghana,2022,3.85
2450,GHA,Ghana,2023,3.71
2451,GRC,Greece,1989,1.11
2452,GRC,Greece,1990,1.05
2453,GRC,Greece,1991,0.99
2454,GRC,Greece,1992,0.95
2455,GRC,Greece,1993,0.91
2456,GRC,Greece,1994,0.88
2457,GRC,Greece,1995,0.85
2458,GRC,Greece,1996,0.81
2459,GRC,Greece,1997,0.77
2460,GRC,Greece,1998,0.73
2461,GRC,Greece,1999,0.69
2462,GRC,Greece,2000,0.64
2463,GRC,Greece,2001,0.6
2464,GRC,Greece,2002,0.56
2465,GRC,Greece,2003,0.52
2466,GRC,Greece,2004,0.49
2467,GRC,Greece,2005,0.46
2468,GRC,Greece,2006,0.43
2469,GRC,Greece,2007,0.41
2470,GRC,Greece,2008,0.4
2471,GRC,Greece,2009,0.4
2472,GRC,Greece,2010,0.39
2473,GRC,Greece,2011,0.4
2474,GRC,Greece,2012,0.4
2475,GRC,Greece,2013,0.41
2476,GRC,Greece,2014,0.42
2477,GRC,Greece,2015,0.43
2478,GRC,Greece,2016,0.43
2479,GRC,Greece,2017,0.43
2480,GRC,Greece,2018,0.42
2481,GRC,Greece,2019,0.41
2482,GRC,Greece,2020,0.4
2483,GRC,Greece,2021,0.39
2484,GRC,Greece,2022,0.38
2485,GRC,Greece,2023,0.37
2486,GRD,Grenada,1989,2.35
2487,GRD,Grenada,1990,2.24
2488,GRD,Grenada,1991,2.13
2489,GRD,Grenada,1992,2.04
2490,GRD,Grenada,1993,1.95
2491,GRD,Grenada,1994,1.87
2492,GRD,Grenada,1995,1.79
2493,GRD,Grenada,1996,1.73
2494,GRD,Grenada,1997,1.67
2495,GRD,Grenada,1998,1.62
2496,GRD,Grenada,1999,1.58
2497,GRD,Grenada,2000,1.55
2498,GRD,Grenada,2001,1.52
2499,GRD,Grenada,2002,1.5
2500,GRD,Grenada,2003,1.49
2501,GRD,Grenada,2004,1.49
2502,GRD,Grenada,2005,1.48
2503,GRD,Grenada,2006,1.49
2504,GRD,Grenada,2007,1.5
2505,GRD,Grenada,2008,1.51
2506,GRD,Grenada,2009,1.54
2507,GRD,Grenada,2010,1.57
2508,GRD,Grenada,2011,1.6
2509,GRD,Grenada,2012,1.64
2510,GRD,Grenada,2013,1.68
2511,GRD,Grenada,2014,1.72
2512,GRD,Grenada,2015,1.75
2513,GRD,Grenada,2016,1.79
2514,GRD,Grenada,2017,1.81
2515,GRD,Grenada,2018,1.83
2516,GRD,Grenada,2019,1.85
2517,GRD,Grenada,2020,1.87
2518,GRD,Grenada,2021,1.87
2519,GRD,Grenada,2022,1.85
2520,GRD,Grenada,2023,1.83
2521,GTM,Guatemala,1989,8.41
2522,GTM,Guatemala,1990,8.04
2523,GTM,Guatemala,1991,7.68
2524,GTM,Guatemala,1992,7.34
2525,GTM,Guatemala,1993,7.02
2526,GTM,Guatemala,1994,6.71
2527,GTM,Guatemala,1995,6.42
2528,GTM,Guatemala,1996,6.15
2529,GTM,Guatemala,1997,5.89
2530,GTM,Guatemala,1998,5.65
2531,GTM,Guatemala,1999,5.42
2532,GTM,Guatemala,2000,5.21
2533,GTM,Guatemala,2001,5.0
2534,GTM,Guatemala,2002,4.8
2535,GTM,Guatemala,2003,4.61
2536,GTM,Guatemala,2004,4.43
2537,GTM,Guatemala,2005,4.26
2538,GTM,Guatemala,2006,4.1
2539,GTM,Guatemala,2007,3.93
2540,GTM,Guatemala,2008,3.78
2541,GTM,Guatemala,2009,3.62
2542,GTM,Guatemala,2010,3.48
2543,GTM,Guatemala,2011,3.33
2544,GTM,Guatemala,2012,3.2
2545,GTM,Guatemala,2013,3.07
2546,GTM,Guatemala,2014,2.94
2547,GTM,Guatemala,2015,2.83
2548,GTM,Guatemala,2016,2.72
2549,GTM,Guatemala,2017,2.63
2550,GTM,Guatemala,2018,2.54
2551,GTM,Guatemala,2019,2.45
2552,GTM,Guatemala,2020,2.37
2553,GTM,Guatemala,2021,2.28
2554,GTM,Guatemala,2022,2.21
2555,GTM,Guatemala,2023,2.14
2556,GIN,Guinea,1989,23.86
2557,GIN,Guinea,1990,23.31
2558,GIN,Guinea,1991,22.71
2559,GIN,Guinea,1992,22.07
2560,GIN,Guinea,1993,21.39
2561,GIN,Guinea,1994,20.7
2562,GIN,Guinea,1995,20.0
2563,GIN,Guinea,1996,19.3
2564,GIN,Guinea,1997,18.61
2565,GIN,Guinea,1998,17.92
2566,GIN,Guinea,1999,17.23
2567,GIN,Guinea,2000,16.54
2568,GIN,Guinea,2001,15.86
2569,GIN,Guinea,2002,15.22
2570,GIN,Guinea,2003,14.64
2571,GIN,Guinea,2004,14.12
2572,GIN,Guinea,2005,13.66
2573,GIN,Guinea,2006,13.27
2574,GIN,Guinea,2007,12.94
2575,GIN,Guinea,2008,12.66
2576,GIN,Guinea,2009,12.41
2577,GIN,Guinea,2010,12.2
2578,GIN,Guinea,2011,12.01
2579,GIN,Guinea,2012,11.84
2580,GIN,Guinea,2013,11.67
2581,GIN,Guinea,2014,11.56
2582,GIN,Guinea,2015,11.41
2583,GIN,Guinea,2016,11.17
2584,GIN,Guinea,2017,10.99
2585,GIN,Guinea,2018,10.8
2586,GIN,Guinea,2019,10.57
2587,GIN,Guinea,2020,10.32
2588,GIN,Guinea,2021,10.05
2589,GIN,Guinea,2022,9.78
2590,GIN,Guinea,2023,9.5
2591,GNB,Guinea-Bissau,1989,22.66
2592,GNB,Guinea-Bissau,1990,22.23
2593,GNB,Guinea-Bissau,1991,21.79
2594,GNB,Guinea-Bissau,1992,21.34
2595,GNB,Guinea-Bissau,1993,20.86
2596,GNB,Guinea-Bissau,1994,20.41
2597,GNB,Guinea-Bissau,1995,19.93
2598,GNB,Guinea-Bissau,1996,19.43
2599,GNB,Guinea-Bissau,1997,18.92
2600,GNB,Guinea-Bissau,1998,18.42
2601,GNB,Guinea-Bissau,1999,17.9
2602,GNB,Guinea-Bissau,2000,17.38
2603,GNB,Guinea-Bissau,2001,16.84
2604,GNB,Guinea-Bissau,2002,16.28
2605,GNB,Guinea-Bissau,2003,15.7
2606,GNB,Guinea-Bissau,2004,15.11
2607,GNB,Guinea-Bissau,2005,14.49
2608,GNB,Guinea-Bissau,2006,13.86
2609,GNB,Guinea-Bissau,2007,13.22
2610,GNB,Guinea-Bissau,2008,12.61
2611,GNB,Guinea-Bissau,2009,12.0
2612,GNB,Guinea-Bissau,2010,11.42
2613,GNB,Guinea-Bissau,2011,10.87
2614,GNB,Guinea-Bissau,2012,10.37
2615,GNB,Guinea-Bissau,2013,9.93
2616,GNB,Guinea-Bissau,2014,9.53
2617,GNB,Guinea-Bissau,2015,9.18
2618,GNB,Guinea-Bissau,2016,8.84
2619,GNB,Guinea-Bissau,2017,8.53
2620,GNB,Guinea-Bissau,2018,8.21
2621,GNB,Guinea-Bissau,2019,7.91
2622,GNB,Guinea-Bissau,2020,7.66
2623,GNB,Guinea-Bissau,2021,7.41
2624,GNB,Guinea-Bissau,2022,7.16
2625,GNB,Guinea-Bissau,2023,6.93
2626,GUY,Guyana,1989,6.22
2627,GUY,Guyana,1990,6.08
2628,GUY,Guyana,1991,5.92
2629,GUY,Guyana,1992,5.77
2630,GUY,Guyana,1993,5.6
2631,GUY,Guyana,1994,5.45
2632,GUY,Guyana,1995,5.3
2633,GUY,Guyana,1996,5.16
2634,GUY,Guyana,1997,5.02
2635,GUY,Guyana,1998,4.89
2636,GUY,Guyana,1999,4.77
2637,GUY,Guyana,2000,4.65
2638,GUY,Guyana,2001,4.53
2639,GUY,Guyana,2002,4.42
2640,GUY,Guyana,2003,4.32
2641,GUY,Guyana,2004,4.23
2642,GUY,Guyana,2005,4.14
2643,GUY,Guyana,2006,4.05
2644,GUY,Guyana,2007,3.97
2645,GUY,Guyana,2008,3.89
2646,GUY,Guyana,2009,3.81
2647,GUY,Guyana,2010,3.73
2648,GUY,Guyana,2011,3.65
2649,GUY,Guyana,2012,3.58
2650,GUY,Guyana,2013,3.49
2651,GUY,Guyana,2014,3.4
2652,GUY,Guyana,2015,3.31
2653,GUY,Guyana,2016,3.21
2654,GUY,Guyana,2017,3.11
2655,GUY,Guyana,2018,3.02
2656,GUY,Guyana,2019,2.93
2657,GUY,Guyana,2020,2.84
2658,GUY,Guyana,2021,2.75
2659,GUY,Guyana,2022,2.66
2660,GUY,Guyana,2023,2.57
2661,HTI,Haiti,1989,14.91
2662,HTI,Haiti,1990,14.49
2663,HTI,Haiti,1991,14.08
2664,HTI,Haiti,1992,13.66
2665,HTI,Haiti,1993,13.24
2666,HTI,Haiti,1994,12.8
2667,HTI,Haiti,1995,12.37
2668,HTI,Haiti,1996,11.95
2669,HTI,Haiti,1997,11.53
2670,HTI,Haiti,1998,11.12
2671,HTI,Haiti,1999,10.72
2672,HTI,Haiti,2000,10.35
2673,HTI,Haiti,2001,10.0
2674,HTI,Haiti,2002,9.68
2675,HTI,Haiti,2003,9.4
2676,HTI,Haiti,2004,9.14
2677,HTI,Haiti,2005,8.91
2678,HTI,Haiti,2006,8.69
2679,HTI,Haiti,2007,8.49
2680,HTI,Haiti,2008,8.29
2681,HTI,Haiti,2009,8.11
2682,HTI,Haiti,2010,13.67
2683,HTI,Haiti,2011,7.74
2684,HTI,Haiti,2012,7.56
2685,HTI,Haiti,2013,7.38
2686,HTI,Haiti,2014,7.19
2687,HTI,Haiti,2015,6.99
2688,HTI,Haiti,2016,6.79
2689,HTI,Haiti,2017,6.61
2690,HTI,Haiti,2018,6.42
2691,HTI,Haiti,2019,6.23
2692,HTI,Haiti,2020,6.04
2693,HTI,Haiti,2021,5.85
2694,HTI,Haiti,2022,5.69
2695,HTI,Haiti,2023,5.51
2696,HND,Honduras,1989,6.1
2697,HND,Honduras,1990,5.81
2698,HND,Honduras,1991,5.54
2699,HND,Honduras,1992,5.29
2700,HND,Honduras,1993,5.06
2701,HND,Honduras,1994,4.84
2702,HND,Honduras,1995,4.64
2703,HND,Honduras,1996,4.44
2704,HND,Honduras,1997,4.25
2705,HND,Honduras,1998,6.49
2706,HND,Honduras,1999,3.9
2707,HND,Honduras,2000,3.73
2708,HND,Honduras,2001,3.57
2709,HND,Honduras,2002,3.41
2710,HND,Honduras,2003,3.26
2711,HND,Honduras,2004,3.11
2712,HND,Honduras,2005,2.98
2713,HND,Honduras,2006,2.86
2714,HND,Honduras,2007,2.75
2715,HND,Honduras,2008,2.65
2716,HND,Honduras,2009,2.55
2717,HND,Honduras,2010,2.46
2718,HND,Honduras,2011,2.37
2719,HND,Honduras,2012,2.28
2720,HND,Honduras,2013,2.2
2721,HND,Honduras,2014,2.12
2722,HND,Honduras,2015,2.05
2723,HND,Honduras,2016,1.98
2724,HND,Honduras,2017,1.91
2725,HND,Honduras,2018,1.84
2726,HND,Honduras,2019,1.78
2727,HND,Honduras,2020,1.72
2728,HND,Honduras,2021,1.66
2729,HND,Honduras,2022,1.6
2730,HND,Honduras,2023,1.55
2731,HUN,Hungary,1989,1.78
2732,HUN,Hungary,1990,1.72
2733,HUN,Hungary,1991,1.65
2734,HUN,Hungary,1992,1.57
2735,HUN,Hungary,1993,1.45
2736,HUN,Hungary,1994,1.34
2737,HUN,Hungary,1995,1.25
2738,HUN,Hungary,1996,1.19
2739,HUN,Hungary,1997,1.15
2740,HUN,Hungary,1998,1.11
2741,HUN,Hungary,1999,1.06
2742,HUN,Hungary,2000,1.01
2743,HUN,Hungary,2001,0.95
2744,HUN,Hungary,2002,0.9
2745,HUN,Hungary,2003,0.84
2746,HUN,Hungary,2004,0.8
2747,HUN,Hungary,2005,0.75
2748,HUN,Hungary,2006,0.72
2749,HUN,Hungary,2007,0.68
2750,HUN,Hungary,2008,0.65
2751,HUN,Hungary,2009,0.62
2752,HUN,Hungary,2010,0.6
2753,HUN,Hungary,2011,0.59
2754,HUN,Hungary,2012,0.57
2755,HUN,Hungary,2013,0.56
2756,HUN,Hungary,2014,0.53
2757,HUN,Hungary,2015,0.51
2758,HUN,Hungary,2016,0.47
2759,HUN,Hungary,2017,0.45
2760,HUN,Hungary,2018,0.43
2761,HUN,Hungary,2019,0.41
2762,HUN,Hungary,2020,0.4
2763,HUN,Hungary,2021,0.4
2764,HUN,Hungary,2022,0.39
2765,HUN,Hungary,2023,0.38
2766,ISL,Iceland,1989,0.65
2767,ISL,Iceland,1990,0.63
2768,ISL,Iceland,1991,0.61
2769,ISL,Iceland,1992,0.58
2770,ISL,Iceland,1993,0.56
2771,ISL,Iceland,1994,0.54
2772,ISL,Iceland,1995,0.52
2773,ISL,Iceland,1996,0.49
2774,ISL,Iceland,1997,0.47
2775,ISL,Iceland,1998,0.45
2776,ISL,Iceland,1999,0.42
2777,ISL,Iceland,2000,0.4
2778,ISL,Iceland,2001,0.38
2779,ISL,Iceland,2002,0.36
2780,ISL,Iceland,2003,0.34
2781,ISL,Iceland,2004,0.33
2782,ISL,Iceland,2005,0.31
2783,ISL,Iceland,2006,0.3
2784,ISL,Iceland,2007,0.29
2785,ISL,Iceland,2008,0.28
2786,ISL,Iceland,2009,0.27
2787,ISL,Iceland,2010,0.27
2788,ISL,Iceland,2011,0.27
2789,ISL,Iceland,2012,0.26
2790,ISL,Iceland,2013,0.26
2791,ISL,Iceland,2014,0.26
2792,ISL,Iceland,2015,0.26
2793,ISL,Iceland,2016,0.26
2794,ISL,Iceland,2017,0.26
2795,ISL,Iceland,2018,0.27
2796,ISL,Iceland,2019,0.27
2797,ISL,Iceland,2020,0.27
2798,ISL,Iceland,2021,0.27
2799,ISL,Iceland,2022,0.26
2800,ISL,Iceland,2023,0.26
2801,IND,India,1989,13.03
2802,IND,India,1990,12.65
2803,IND,India,1991,12.29
2804,IND,India,1992,11.95
2805,IND,India,1993,11.61
2806,IND,India,1994,11.28
2807,IND,India,1995,10.95
2808,IND,India,1996,10.6
2809,IND,India,1997,10.25
2810,IND,India,1998,9.89
2811,IND,India,1999,9.53
2812,IND,India,2000,9.16
2813,IND,India,2001,8.8
2814,IND,India,2002,8.45
2815,IND,India,2003,8.11
2816,IND,India,2004,7.77
2817,IND,India,2005,7.44
2818,IND,India,2006,7.11
2819,IND,India,2007,6.79
2820,IND,India,2008,6.46
2821,IND,India,2009,6.14
2822,IND,India,2010,5.82
2823,IND,India,2011,5.5
2824,IND,India,2012,5.2
2825,IND,India,2013,4.91
2826,IND,India,2014,4.63
2827,IND,India,2015,4.36
2828,IND,India,2016,4.11
2829,IND,India,2017,3.87
2830,IND,India,2018,3.64
2831,IND,India,2019,3.43
2832,IND,India,2020,3.24
2833,IND,India,2021,3.06
2834,IND,India,2022,2.91
2835,IND,India,2023,2.77
2836,IDN,Indonesia,1989,8.76
2837,IDN,Indonesia,1990,8.39
2838,IDN,Indonesia,1991,8.01
2839,IDN,Indonesia,1992,7.64
2840,IDN,Indonesia,1993,7.28
2841,IDN,Indonesia,1994,6.94
2842,IDN,Indonesia,1995,6.61
2843,IDN,Indonesia,1996,6.29
2844,IDN,Indonesia,1997,5.99
2845,IDN,Indonesia,1998,5.71
2846,IDN,Indonesia,1999,5.44
2847,IDN,Indonesia,2000,5.19
2848,IDN,Indonesia,2001,4.96
2849,IDN,Indonesia,2002,4.73
2850,IDN,Indonesia,2003,4.52
2851,IDN,Indonesia,2004,4.91
2852,IDN,Indonesia,2005,4.14
2853,IDN,Indonesia,2006,3.96
2854,IDN,Indonesia,2007,3.8
2855,IDN,Indonesia,2008,3.64
2856,IDN,Indonesia,2009,3.5
2857,IDN,Indonesia,2010,3.36
2858,IDN,Indonesia,2011,3.22
2859,IDN,Indonesia,2012,3.1
2860,IDN,Indonesia,2013,2.97
2861,IDN,Indonesia,2014,2.86
2862,IDN,Indonesia,2015,2.74
2863,IDN,Indonesia,2016,2.64
2864,IDN,Indonesia,2017,2.54
2865,IDN,Indonesia,2018,2.45
2866,IDN,Indonesia,2019,2.36
2867,IDN,Indonesia,2020,2.28
2868,IDN,Indonesia,2021,2.2
2869,IDN,Indonesia,2022,2.13
2870,IDN,Indonesia,2023,2.06
2871,IRN,Iran,1989,6.07
2872,IRN,Iran,1990,5.76
2873,IRN,Iran,1991,5.48
2874,IRN,Iran,1992,5.22
2875,IRN,Iran,1993,5.0
2876,IRN,Iran,1994,4.79
2877,IRN,Iran,1995,4.59
2878,IRN,Iran,1996,4.4
2879,IRN,Iran,1997,4.21
2880,IRN,Iran,1998,4.02
2881,IRN,Iran,1999,3.83
2882,IRN,Iran,2000,3.63
2883,IRN,Iran,2001,3.42
2884,IRN,Iran,2002,3.22
2885,IRN,Iran,2003,3.02
2886,IRN,Iran,2004,2.83
2887,IRN,Iran,2005,2.65
2888,IRN,Iran,2006,2.48
2889,IRN,Iran,2007,2.32
2890,IRN,Iran,2008,2.17
2891,IRN,Iran,2009,2.04
2892,IRN,Iran,2010,1.93
2893,IRN,Iran,2011,1.84
2894,IRN,Iran,2012,1.75
2895,IRN,Iran,2013,1.68
2896,IRN,Iran,2014,1.61
2897,IRN,Iran,2015,1.55
2898,IRN,Iran,2016,1.5
2899,IRN,Iran,2017,1.45
2900,IRN,Iran,2018,1.39
2901,IRN,Iran,2019,1.35
2902,IRN,Iran,2020,1.3
2903,IRN,Iran,2021,1.26
2904,IRN,Iran,2022,1.22
2905,IRN,Iran,2023,1.18
2906,IRQ,Iraq,1989,8.12
2907,IRQ,Iraq,1990,7.97
2908,IRQ,Iraq,1991,6.49
2909,IRQ,Iraq,1992,5.17
2910,IRQ,Iraq,1993,5.07
2911,IRQ,Iraq,1994,4.98
2912,IRQ,Iraq,1995,4.89
2913,IRQ,Iraq,1996,4.8
2914,IRQ,Iraq,1997,4.71
2915,IRQ,Iraq,1998,4.61
2916,IRQ,Iraq,1999,4.52
2917,IRQ,Iraq,2000,4.43
2918,IRQ,Iraq,2001,4.33
2919,IRQ,Iraq,2002,4.24
2920,IRQ,Iraq,2003,4.16
2921,IRQ,Iraq,2004,4.07
2922,IRQ,Iraq,2005,3.97
2923,IRQ,Iraq,2006,3.88
2924,IRQ,Iraq,2007,3.78
2925,IRQ,Iraq,2008,3.67
2926,IRQ,Iraq,2009,3.56
2927,IRQ,Iraq,2010,3.46
2928,IRQ,Iraq,2011,3.35
2929,IRQ,Iraq,2012,3.24
2930,IRQ,Iraq,2013,3.14
2931,IRQ,Iraq,2014,3.04
2932,IRQ,Iraq,2015,2.94
2933,IRQ,Iraq,2016,2.84
2934,IRQ,Iraq,2017,2.75
2935,IRQ,Iraq,2018,2.66
2936,IRQ,Iraq,2019,2.57
2937,IRQ,Iraq,2020,2.49
2938,IRQ,Iraq,2021,2.41
2939,IRQ,Iraq,2022,2.33
2940,IRQ,Iraq,2023,2.26
2941,IRL,Ireland,1989,0.96
2942,IRL,Ireland,1990,0.92
2943,IRL,Ireland,1991,0.87
2944,IRL,Ireland,1992,0.81
2945,IRL,Ireland,1993,0.77
2946,IRL,Ireland,1994,0.74
2947,IRL,Ireland,1995,0.73
2948,IRL,Ireland,1996,0.73
2949,IRL,Ireland,1997,0.73
2950,IRL,Ireland,1998,0.73
2951,IRL,Ireland,1999,0.73
2952,IRL,Ireland,2000,0.72
2953,IRL,Ireland,2001,0.69
2954,IRL,Ireland,2002,0.65
2955,IRL,Ireland,2003,0.6
2956,IRL,Ireland,2004,0.56
2957,IRL,Ireland,2005,0.52
2958,IRL,Ireland,2006,0.49
2959,IRL,Ireland,2007,0.46
2960,IRL,Ireland,2008,0.44
2961,IRL,Ireland,2009,0.43
2962,IRL,Ireland,2010,0.42
2963,IRL,Ireland,2011,0.41
2964,IRL,Ireland,2012,0.4
2965,IRL,Ireland,2013,0.39
2966,IRL,Ireland,2014,0.38
2967,IRL,Ireland,2015,0.37
2968,IRL,Ireland,2016,0.36
2969,IRL,Ireland,2017,0.35
2970,IRL,Ireland,2018,0.34
2971,IRL,Ireland,2019,0.34
2972,IRL,Ireland,2020,0.35
2973,IRL,Ireland,2021,0.36
2974,IRL,Ireland,2022,0.37
2975,IRL,Ireland,2023,0.38
2976,ISR,Israel,1989,1.21
2977,ISR,Israel,1990,1.15
2978,ISR,Israel,1991,1.1
2979,ISR,Israel,1992,1.04
2980,ISR,Israel,1993,0.98
2981,ISR,Israel,1994,0.92
2982,ISR,Israel,1995,0.87
2983,ISR,Israel,1996,0.82
2984,ISR,Israel,1997,0.78
2985,ISR,Israel,1998,0.75
2986,ISR,Israel,1999,0.72
2987,ISR,Israel,2000,0.69
2988,ISR,Israel,2001,0.66
2989,ISR,Israel,2002,0.63
2990,ISR,Israel,2003,0.61
2991,ISR,Israel,2004,0.58
2992,ISR,Israel,2005,0.56
2993,ISR,Israel,2006,0.53
2994,ISR,Israel,2007,0.51
2995,ISR,Israel,2008,0.49
2996,ISR,Israel,2009,0.47
2997,ISR,Israel,2010,0.46
2998,ISR,Israel,2011,0.44
2999,ISR,Israel,2012,0.43
3000,ISR,Israel,2013,0.41
3001,ISR,Israel,2014,0.4
3002,ISR,Israel,2015,0.39
3003,ISR,Israel,2016,0.38
3004,ISR,Israel,2017,0.37
3005,ISR,Israel,2018,0.37
3006,ISR,Israel,2019,0.36
3007,ISR,Israel,2020,0.35
3008,ISR,Israel,2021,0.35
3009,ISR,Israel,2022,0.34
3010,ISR,Israel,2023,0.34
3011,ITA,Italy,1989,1.0
3012,ITA,Italy,1990,0.97
3013,ITA,Italy,1991,0.93
3014,ITA,Italy,1992,0.89
3015,ITA,Italy,1993,0.85
3016,ITA,Italy,1994,0.8
3017,ITA,Italy,1995,0.75
3018,ITA,Italy,1996,0.7
3019,ITA,Italy,1997,0.66
3020,ITA,Italy,1998,0.62
3021,ITA,Italy,1999,0.59
3022,ITA,Italy,2000,0.56
3023,ITA,Italy,2001,0.53
3024,ITA,Italy,2002,0.51
3025,ITA,Italy,2003,0.48
3026,ITA,Italy,2004,0.46
3027,ITA,Italy,2005,0.45
3028,ITA,Italy,2006,0.43
3029,ITA,Italy,2007,0.42
3030,ITA,Italy,2008,0.41
3031,ITA,Italy,2009,0.41
3032,ITA,Italy,2010,0.4
3033,ITA,Italy,2011,0.39
3034,ITA,Italy,2012,0.38
3035,ITA,Italy,2013,0.37
3036,ITA,Italy,2014,0.36
3037,ITA,Italy,2015,0.35
3038,ITA,Italy,2016,0.34
3039,ITA,Italy,2017,0.33
3040,ITA,Italy,2018,0.32
3041,ITA,Italy,2019,0.31
3042,ITA,Italy,2020,0.3
3043,ITA,Italy,2021,0.29
3044,ITA,Italy,2022,0.28
3045,ITA,Italy,2023,0.28
3046,JAM,Jamaica,1989,2.88
3047,JAM,Jamaica,1990,2.8
3048,JAM,Jamaica,1991,2.73
3049,JAM,Jamaica,1992,2.66
3050,JAM,Jamaica,1993,2.58
3051,JAM,Jamaica,1994,2.51
3052,JAM,Jamaica,1995,2.43
3053,JAM,Jamaica,1996,2.35
3054,JAM,Jamaica,1997,2.27
3055,JAM,Jamaica,1998,2.19
3056,JAM,Jamaica,1999,2.12
3057,JAM,Jamaica,2000,2.06
3058,JAM,Jamaica,2001,2.0
3059,JAM,Jamaica,2002,1.97
3060,JAM,Jamaica,2003,1.94
3061,JAM,Jamaica,2004,1.92
3062,JAM,Jamaica,2005,1.92
3063,JAM,Jamaica,2006,1.91
3064,JAM,Jamaica,2007,1.92
3065,JAM,Jamaica,2008,1.92
3066,JAM,Jamaica,2009,1.91
3067,JAM,Jamaica,2010,1.91
3068,JAM,Jamaica,2011,1.9
3069,JAM,Jamaica,2012,1.89
3070,JAM,Jamaica,2013,1.88
3071,JAM,Jamaica,2014,1.87
3072,JAM,Jamaica,2015,1.87
3073,JAM,Jamaica,2016,1.86
3074,JAM,Jamaica,2017,1.86
3075,JAM,Jamaica,2018,1.87
3076,JAM,Jamaica,2019,1.88
3077,JAM,Jamaica,2020,1.9
3078,JAM,Jamaica,2021,1.91
3079,JAM,Jamaica,2022,1.93
3080,JAM,Jamaica,2023,1.93
3081,JPN,Japan,1989,0.64
3082,JPN,Japan,1990,0.63
3083,JPN,Japan,1991,0.62
3084,JPN,Japan,1992,0.61
3085,JPN,Japan,1993,0.6
3086,JPN,Japan,1994,0.59
3087,JPN,Japan,1995,0.57
3088,JPN,Japan,1996,0.55
3089,JPN,Japan,1997,0.52
3090,JPN,Japan,1998,0.5
3091,JPN,Japan,1999,0.47
3092,JPN,Japan,2000,0.45
3093,JPN,Japan,2001,0.43
3094,JPN,Japan,2002,0.41
3095,JPN,Japan,2003,0.4
3096,JPN,Japan,2004,0.39
3097,JPN,Japan,2005,0.37
3098,JPN,Japan,2006,0.36
3099,JPN,Japan,2007,0.35
3100,JPN,Japan,2008,0.34
3101,JPN,Japan,2009,0.34
3102,JPN,Japan,2010,0.33
3103,JPN,Japan,2011,0.33
3104,JPN,Japan,2012,0.31
3105,JPN,Japan,2013,0.3
3106,JPN,Japan,2014,0.29
3107,JPN,Japan,2015,0.28
3108,JPN,Japan,2016,0.27
3109,JPN,Japan,2017,0.26
3110,JPN,Japan,2018,0.25
3111,JPN,Japan,2019,0.25
3112,JPN,Japan,2020,0.24
3113,JPN,Japan,2021,0.24
3114,JPN,Japan,2022,0.24
3115,JPN,Japan,2023,0.24
3116,JOR,Jordan,1989,3.68
3117,JOR,Jordan,1990,3.54
3118,JOR,Jordan,1991,3.42
3119,JOR,Jordan,1992,3.31
3120,JOR,Jordan,1993,3.2
3121,JOR,Jordan,1994,3.1
3122,JOR,Jordan,1995,3.01
3123,JOR,Jordan,1996,2.91
3124,JOR,Jordan,1997,2.83
3125,JOR,Jordan,1998,2.74
3126,JOR,Jordan,1999,2.66
3127,JOR,Jordan,2000,2.58
3128,JOR,Jordan,2001,2.5
3129,JOR,Jordan,2002,2.42
3130,JOR,Jordan,2003,2.35
3131,JOR,Jordan,2004,2.27
3132,JOR,Jordan,2005,2.2
3133,JOR,Jordan,2006,2.13
3134,JOR,Jordan,2007,2.07
3135,JOR,Jordan,2008,2.0
3136,JOR,Jordan,2009,1.94
3137,JOR,Jordan,2010,1.89
3138,JOR,Jordan,2011,1.83
3139,JOR,Jordan,2012,1.78
3140,JOR,Jordan,2013,1.74
3141,JOR,Jordan,2014,1.69
3142,JOR,Jordan,2015,1.65
3143,JOR,Jordan,2016,1.6
3144,JOR,Jordan,2017,1.56
3145,JOR,Jordan,2018,1.52
3146,JOR,Jordan,2019,1.48
3147,JOR,Jordan,2020,1.44
3148,JOR,Jordan,2021,1.4
3149,JOR,Jordan,2022,1.36
3150,JOR,Jordan,2023,1.32
3151,KAZ,Kazakhstan,1989,5.23
3152,KAZ,Kazakhstan,1990,5.16
3153,KAZ,Kazakhstan,1991,5.13
3154,KAZ,Kazakhstan,1992,5.16
3155,KAZ,Kazakhstan,1993,5.23
3156,KAZ,Kazakhstan,1994,5.28
3157,KAZ,Kazakhstan,1995,5.26
3158,KAZ,Kazakhstan,1996,5.16
3159,KAZ,Kazakhstan,1997,4.99
3160,KAZ,Kazakhstan,1998,4.76
3161,KAZ,Kazakhstan,1999,4.51
3162,KAZ,Kazakhstan,2000,4.25
3163,KAZ,Kazakhstan,2001,3.99
3164,KAZ,Kazakhstan,2002,3.76
3165,KAZ,Kazakhstan,2003,3.54
3166,KAZ,Kazakhstan,2004,3.33
3167,KAZ,Kazakhstan,2005,3.12
3168,KAZ,Kazakhstan,2006,2.9
3169,KAZ,Kazakhstan,2007,2.69
3170,KAZ,Kazakhstan,2008,2.47
3171,KAZ,Kazakhstan,2009,2.25
3172,KAZ,Kazakhstan,2010,2.04
3173,KAZ,Kazakhstan,2011,1.83
3174,KAZ,Kazakhstan,2012,1.63
3175,KAZ,Kazakhstan,2013,1.46
3176,KAZ,Kazakhstan,2014,1.3
3177,KAZ,Kazakhstan,2015,1.19
3178,KAZ,Kazakhstan,2016,1.1
3179,KAZ,Kazakhstan,2017,1.05
3180,KAZ,Kazakhstan,2018,1.03
3181,KAZ,Kazakhstan,2019,1.02
3182,KAZ,Kazakhstan,2020,1.01
3183,KAZ,Kazakhstan,2021,1.0
3184,KAZ,Kazakhstan,2022,0.98
3185,KAZ,Kazakhstan,2023,0.96
3186,KEN,Kenya,1989,9.85
3187,KEN,Kenya,1990,10.14
3188,KEN,Kenya,1991,10.46
3189,KEN,Kenya,1992,10.74
3190,KEN,Kenya,1993,10.93
3191,KEN,Kenya,1994,11.02
3192,KEN,Kenya,1995,11.0
3193,KEN,Kenya,1996,10.89
3194,KEN,Kenya,1997,10.7
3195,KEN,Kenya,1998,10.42
3196,KEN,Kenya,1999,10.06
3197,KEN,Kenya,2000,9.63
3198,KEN,Kenya,2001,9.16
3199,KEN,Kenya,2002,8.66
3200,KEN,Kenya,2003,8.16
3201,KEN,Kenya,2004,7.66
3202,KEN,Kenya,2005,7.15
3203,KEN,Kenya,2006,6.71
3204,KEN,Kenya,2007,6.32
3205,KEN,Kenya,2008,5.82
3206,KEN,Kenya,2009,5.54
3207,KEN,Kenya,2010,5.35
3208,KEN,Kenya,2011,5.22
3209,KEN,Kenya,2012,5.12
3210,KEN,Kenya,2013,5.0
3211,KEN,Kenya,2014,4.88
3212,KEN,Kenya,2015,4.74
3213,KEN,Kenya,2016,4.6
3214,KEN,Kenya,2017,4.53
3215,KEN,Kenya,2018,4.43
3216,KEN,Kenya,2019,4.33
3217,KEN,Kenya,2020,4.28
3218,KEN,Kenya,2021,4.19
3219,KEN,Kenya,2022,4.11
3220,KEN,Kenya,2023,3.99
3221,KIR,Kiribati,1989,9.5
3222,KIR,Kiribati,1990,9.13
3223,KIR,Kiribati,1991,8.77
3224,KIR,Kiribati,1992,8.44
3225,KIR,Kiribati,1993,8.13
3226,KIR,Kiribati,1994,7.87
3227,KIR,Kiribati,1995,7.64
3228,KIR,Kiribati,1996,7.42
3229,KIR,Kiribati,1997,7.22
3230,KIR,Kiribati,1998,7.02
3231,KIR,Kiribati,1999,6.83
3232,KIR,Kiribati,2000,6.64
3233,KIR,Kiribati,2001,6.46
3234,KIR,Kiribati,2002,6.31
3235,KIR,Kiribati,2003,6.2
3236,KIR,Kiribati,2004,6.13
3237,KIR,Kiribati,2005,6.07
3238,KIR,Kiribati,2006,6.03
3239,KIR,Kiribati,2007,5.99
3240,KIR,Kiribati,2008,5.93
3241,KIR,Kiribati,2009,5.87
3242,KIR,Kiribati,2010,5.82
3243,KIR,Kiribati,2011,5.79
3244,KIR,Kiribati,2012,5.78
3245,KIR,Kiribati,2013,5.8
3246,KIR,Kiribati,2014,5.84
3247,KIR,Kiribati,2015,5.89
3248,KIR,Kiribati,2016,5.95
3249,KIR,Kiribati,2017,5.99
3250,KIR,Kiribati,2018,5.98
3251,KIR,Kiribati,2019,5.93
3252,KIR,Kiribati,2020,5.86
3253,KIR,Kiribati,2021,5.76
3254,KIR,Kiribati,2022,5.65
3255,KIR,Kiribati,2023,5.51
3256,KWT,Kuwait,1989,1.83
3257,KWT,Kuwait,1990,1.73
3258,KWT,Kuwait,1991,1.64
3259,KWT,Kuwait,1992,1.57
3260,KWT,Kuwait,1993,1.52
3261,KWT,Kuwait,1994,1.49
3262,KWT,Kuwait,1995,1.46
3263,KWT,Kuwait,1996,1.42
3264,KWT,Kuwait,1997,1.38
3265,KWT,Kuwait,1998,1.34
3266,KWT,Kuwait,1999,1.3
3267,KWT,Kuwait,2000,1.27
3268,KWT,Kuwait,2001,1.25
3269,KWT,Kuwait,2002,1.23
3270,KWT,Kuwait,2003,1.21
3271,KWT,Kuwait,2004,1.19
3272,KWT,Kuwait,2005,1.17
3273,KWT,Kuwait,2006,1.16
3274,KWT,Kuwait,2007,1.14
3275,KWT,Kuwait,2008,1.12
3276,KWT,Kuwait,2009,1.1
3277,KWT,Kuwait,2010,1.07
3278,KWT,Kuwait,2011,1.03
3279,KWT,Kuwait,2012,0.99
3280,KWT,Kuwait,2013,0.96
3281,KWT,Kuwait,2014,0.93
3282,KWT,Kuwait,2015,0.91
3283,KWT,Kuwait,2016,0.9
3284,KWT,Kuwait,2017,0.89
3285,KWT,Kuwait,2018,0.89
3286,KWT,Kuwait,2019,0.89
3287,KWT,Kuwait,2020,0.89
3288,KWT,Kuwait,2021,0.89
3289,KWT,Kuwait,2022,0.88
3290,KWT,Kuwait,2023,0.88
3291,KGZ,Kyrgyzstan,1989,6.64
3292,KGZ,Kyrgyzstan,1990,6.52
3293,KGZ,Kyrgyzstan,1991,6.47
3294,KGZ,Kyrgyzstan,1992,6.47
3295,KGZ,Kyrgyzstan,1993,6.49
3296,KGZ,Kyrgyzstan,1994,6.48
3297,KGZ,Kyrgyzstan,1995,6.36
3298,KGZ,Kyrgyzstan,1996,6.17
3299,KGZ,Kyrgyzstan,1997,5.92
3300,KGZ,Kyrgyzstan,1998,5.63
3301,KGZ,Kyrgyzstan,1999,5.35
3302,KGZ,Kyrgyzstan,2000,5.08
3303,KGZ,Kyrgyzstan,2001,4.81
3304,KGZ,Kyrgyzstan,2002,4.57
3305,KGZ,Kyrgyzstan,2003,4.33
3306,KGZ,Kyrgyzstan,2004,4.12
3307,KGZ,Kyrgyzstan,2005,3.93
3308,KGZ,Kyrgyzstan,2006,3.76
3309,KGZ,Kyrgyzstan,2007,3.57
3310,KGZ,Kyrgyzstan,2008,3.37
3311,KGZ,Kyrgyzstan,2009,3.16
3312,KGZ,Kyrgyzstan,2010,2.96
3313,KGZ,Kyrgyzstan,2011,2.77
3314,KGZ,Kyrgyzstan,2012,2.6
3315,KGZ,Kyrgyzstan,2013,2.47
3316,KGZ,Kyrgyzstan,2014,2.35
3317,KGZ,Kyrgyzstan,2015,2.22
3318,KGZ,Kyrgyzstan,2016,2.11
3319,KGZ,Kyrgyzstan,2017,2.0
3320,KGZ,Kyrgyzstan,2018,1.91
3321,KGZ,Kyrgyzstan,2019,1.84
3322,KGZ,Kyrgyzstan,2020,1.78
3323,KGZ,Kyrgyzstan,2021,1.75
3324,KGZ,Kyrgyzstan,2022,1.72
3325,KGZ,Kyrgyzstan,2023,1.7
3326,LAO,Laos,1989,15.93
3327,LAO,Laos,1990,15.41
3328,LAO,Laos,1991,14.9
3329,LAO,Laos,1992,14.39
3330,LAO,Laos,1993,13.87
3331,LAO,Laos,1994,13.39
3332,LAO,Laos,1995,12.91
3333,LAO,Laos,1996,12.45
3334,LAO,Laos,1997,12.01
3335,LAO,Laos,1998,11.58
3336,LAO,Laos,1999,11.17
3337,LAO,Laos,2000,10.75
3338,LAO,Laos,2001,10.34
3339,LAO,Laos,2002,9.91
3340,LAO,Laos,2003,9.49
3341,LAO,Laos,2004,9.08
3342,LAO,Laos,2005,8.68
3343,LAO,Laos,2006,8.27
3344,LAO,Laos,2007,7.88
3345,LAO,Laos,2008,7.5
3346,LAO,Laos,2009,7.14
3347,LAO,Laos,2010,6.8
3348,LAO,Laos,2011,6.47
3349,LAO,Laos,2012,6.15
3350,LAO,Laos,2013,5.86
3351,LAO,Laos,2014,5.58
3352,LAO,Laos,2015,5.32
3353,LAO,Laos,2016,5.09
3354,LAO,Laos,2017,4.88
3355,LAO,Laos,2018,4.68
3356,LAO,Laos,2019,4.51
3357,LAO,Laos,2020,4.34
3358,LAO,Laos,2021,4.19
3359,LAO,Laos,2022,4.04
3360,LAO,Laos,2023,3.9
3361,LVA,Latvia,1989,1.58
3362,LVA,Latvia,1990,1.7
3363,LVA,Latvia,1991,1.83
3364,LVA,Latvia,1992,1.93
3365,LVA,Latvia,1993,1.99
3366,LVA,Latvia,1994,2.0
3367,LVA,Latvia,1995,1.98
3368,LVA,Latvia,1996,1.9
3369,LVA,Latvia,1997,1.79
3370,LVA,Latvia,1998,1.67
3371,LVA,Latvia,1999,1.54
3372,LVA,Latvia,2000,1.42
3373,LVA,Latvia,2001,1.33
3374,LVA,Latvia,2002,1.26
3375,LVA,Latvia,2003,1.19
3376,LVA,Latvia,2004,1.12
3377,LVA,Latvia,2005,1.05
3378,LVA,Latvia,2006,0.99
3379,LVA,Latvia,2007,0.93
3380,LVA,Latvia,2008,0.88
3381,LVA,Latvia,2009,0.83
3382,LVA,Latvia,2010,0.78
3383,LVA,Latvia,2011,0.72
3384,LVA,Latvia,2012,0.66
3385,LVA,Latvia,2013,0.6
3386,LVA,Latvia,2014,0.55
3387,LVA,Latvia,2015,0.51
3388,LVA,Latvia,2016,0.47
3389,LVA,Latvia,2017,0.45
3390,LVA,Latvia,2018,0.42
3391,LVA,Latvia,2019,0.4
3392,LVA,Latvia,2020,0.37
3393,LVA,Latvia,2021,0.35
3394,LVA,Latvia,2022,0.32
3395,LVA,Latvia,2023,0.3
3396,LBN,Lebanon,1989,3.34
3397,LBN,Lebanon,1990,3.18
3398,LBN,Lebanon,1991,3.03
3399,LBN,Lebanon,1992,2.88
3400,LBN,Lebanon,1993,2.75
3401,LBN,Lebanon,1994,2.63
3402,LBN,Lebanon,1995,2.52
3403,LBN,Lebanon,1996,2.4
3404,LBN,Lebanon,1997,2.3
3405,LBN,Lebanon,1998,2.19
3406,LBN,Lebanon,1999,2.09
3407,LBN,Lebanon,2000,1.99
3408,LBN,Lebanon,2001,1.89
3409,LBN,Lebanon,2002,1.78
3410,LBN,Lebanon,2003,1.69
3411,LBN,Lebanon,2004,1.6
3412,LBN,Lebanon,2005,1.52
3413,LBN,Lebanon,2006,1.44
3414,LBN,Lebanon,2007,1.38
3415,LBN,Lebanon,2008,1.33
3416,LBN,Lebanon,2009,1.3
3417,LBN,Lebanon,2010,1.27
3418,LBN,Lebanon,2011,1.25
3419,LBN,Lebanon,2012,1.24
3420,LBN,Lebanon,2013,1.24
3421,LBN,Lebanon,2014,1.25
3422,LBN,Lebanon,2015,1.27
3423,LBN,Lebanon,2016,1.31
3424,LBN,Lebanon,2017,1.35
3425,LBN,Lebanon,2018,1.4
3426,LBN,Lebanon,2019,1.47
3427,LBN,Lebanon,2020,1.55
3428,LBN,Lebanon,2021,1.63
3429,LBN,Lebanon,2022,1.73
3430,LBN,Lebanon,2023,1.83
3431,LSO,Lesotho,1989,8.6
3432,LSO,Lesotho,1990,8.47
3433,LSO,Lesotho,1991,8.43
3434,LSO,Lesotho,1992,8.51
3435,LSO,Lesotho,1993,8.73
3436,LSO,Lesotho,1994,9.07
3437,LSO,Lesotho,1995,9.45
3438,LSO,Lesotho,1996,9.83
3439,LSO,Lesotho,1997,10.16
3440,LSO,Lesotho,1998,10.45
3441,LSO,Lesotho,1999,10.72
3442,LSO,Lesotho,2000,10.94
3443,LSO,Lesotho,2001,11.11
3444,LSO,Lesotho,2002,11.24
3445,LSO,Lesotho,2003,11.37
3446,LSO,Lesotho,2004,11.47
3447,LSO,Lesotho,2005,11.56
3448,LSO,Lesotho,2006,11.53
3449,LSO,Lesotho,2007,11.15
3450,LSO,Lesotho,2008,10.88
3451,LSO,Lesotho,2009,9.64
3452,LSO,Lesotho,2010,9.01
3453,LSO,Lesotho,2011,8.59
3454,LSO,Lesotho,2012,8.26
3455,LSO,Lesotho,2013,8.02
3456,LSO,Lesotho,2014,7.82
3457,LSO,Lesotho,2015,7.51
3458,LSO,Lesotho,2016,7.18
3459,LSO,Lesotho,2017,7.12
3460,LSO,Lesotho,2018,6.91
3461,LSO,Lesotho,2019,6.87
3462,LSO,Lesotho,2020,6.68
3463,LSO,Lesotho,2021,6.44
3464,LSO,Lesotho,2022,6.15
3465,LSO,Lesotho,2023,5.89
3466,LBR,Liberia,1989,26.35
3467,LBR,Liberia,1990,26.78
3468,LBR,Liberia,1991,26.99
3469,LBR,Liberia,1992,26.92
3470,LBR,Liberia,1993,26.55
3471,LBR,Liberia,1994,25.93
3472,LBR,Liberia,1995,25.09
3473,LBR,Liberia,1996,24.11
3474,LBR,Liberia,1997,23.0
3475,LBR,Liberia,1998,21.8
3476,LBR,Liberia,1999,20.54
3477,LBR,Liberia,2000,19.24
3478,LBR,Liberia,2001,17.94
3479,LBR,Liberia,2002,16.66
3480,LBR,Liberia,2003,15.43
3481,LBR,Liberia,2004,14.31
3482,LBR,Liberia,2005,13.32
3483,LBR,Liberia,2006,12.48
3484,LBR,Liberia,2007,11.8
3485,LBR,Liberia,2008,11.26
3486,LBR,Liberia,2009,10.81
3487,LBR,Liberia,2010,10.44
3488,LBR,Liberia,2011,10.11
3489,LBR,Liberia,2012,9.82
3490,LBR,Liberia,2013,9.54
3491,LBR,Liberia,2014,9.5
3492,LBR,Liberia,2015,9.08
3493,LBR,Liberia,2016,8.83
3494,LBR,Liberia,2017,8.6
3495,LBR,Liberia,2018,8.4
3496,LBR,Liberia,2019,8.19
3497,LBR,Liberia,2020,7.97
3498,LBR,Liberia,2021,7.74
3499,LBR,Liberia,2022,7.51
3500,LBR,Liberia,2023,7.29
3501,LBY,Libya,1989,4.42
3502,LBY,Libya,1990,4.19
3503,LBY,Libya,1991,3.98
3504,LBY,Libya,1992,3.78
3505,LBY,Libya,1993,3.61
3506,LBY,Libya,1994,3.46
3507,LBY,Libya,1995,3.32
3508,LBY,Libya,1996,3.2
3509,LBY,Libya,1997,3.09
3510,LBY,Libya,1998,2.99
3511,LBY,Libya,1999,2.9
3512,LBY,Libya,2000,2.81
3513,LBY,Libya,2001,2.73
3514,LBY,Libya,2002,2.65
3515,LBY,Libya,2003,2.55
3516,LBY,Libya,2004,2.44
3517,LBY,Libya,2005,2.31
3518,LBY,Libya,2006,2.17
3519,LBY,Libya,2007,2.02
3520,LBY,Libya,2008,1.88
3521,LBY,Libya,2009,1.76
3522,LBY,Libya,2010,1.66
3523,LBY,Libya,2011,1.96
3524,LBY,Libya,2012,1.51
3525,LBY,Libya,2013,1.45
3526,LBY,Libya,2014,1.39
3527,LBY,Libya,2015,1.33
3528,LBY,Libya,2016,1.28
3529,LBY,Libya,2017,1.24
3530,LBY,Libya,2018,1.19
3531,LBY,Libya,2019,1.16
3532,LBY,Libya,2020,1.12
3533,LBY,Libya,2021,1.08
3534,LBY,Libya,2022,1.05
3535,LBY,Libya,2023,3.08
3536,LTU,Lithuania,1989,1.42
3537,LTU,Lithuania,1990,1.52
3538,LTU,Lithuania,1991,1.67
3539,LTU,Lithuania,1992,1.78
3540,LTU,Lithuania,1993,1.79
3541,LTU,Lithuania,1994,1.69
3542,LTU,Lithuania,1995,1.51
3543,LTU,Lithuania,1996,1.34
3544,LTU,Lithuania,1997,1.23
3545,LTU,Lithuania,1998,1.16
3546,LTU,Lithuania,1999,1.12
3547,LTU,Lithuania,2000,1.07
3548,LTU,Lithuania,2001,1.03
3549,LTU,Lithuania,2002,0.99
3550,LTU,Lithuania,2003,0.96
3551,LTU,Lithuania,2004,0.93
3552,LTU,Lithuania,2005,0.9
3553,LTU,Lithuania,2006,0.86
3554,LTU,Lithuania,2007,0.8
3555,LTU,Lithuania,2008,0.74
3556,LTU,Lithuania,2009,0.67
3557,LTU,Lithuania,2010,0.6
3558,LTU,Lithuania,2011,0.56
3559,LTU,Lithuania,2012,0.53
3560,LTU,Lithuania,2013,0.51
3561,LTU,Lithuania,2014,0.51
3562,LTU,Lithuania,2015,0.5
3563,LTU,Lithuania,2016,0.49
3564,LTU,Lithuania,2017,0.46
3565,LTU,Lithuania,2018,0.42
3566,LTU,Lithuania,2019,0.39
3567,LTU,Lithuania,2020,0.37
3568,LTU,Lithuania,2021,0.36
3569,LTU,Lithuania,2022,0.35
3570,LTU,Lithuania,2023,0.34
3571,LUX,Luxembourg,1989,0.93
3572,LUX,Luxembourg,1990,0.88
3573,LUX,Luxembourg,1991,0.83
3574,LUX,Luxembourg,1992,0.78
3575,LUX,Luxembourg,1993,0.73
3576,LUX,Luxembourg,1994,0.68
3577,LUX,Luxembourg,1995,0.64
3578,LUX,Luxembourg,1996,0.6
3579,LUX,Luxembourg,1997,0.56
3580,LUX,Luxembourg,1998,0.53
3581,LUX,Luxembourg,1999,0.5
3582,LUX,Luxembourg,2000,0.47
3583,LUX,Luxembourg,2001,0.44
3584,LUX,Luxembourg,2002,0.42
3585,LUX,Luxembourg,2003,0.39
3586,LUX,Luxembourg,2004,0.37
3587,LUX,Luxembourg,2005,0.35
3588,LUX,Luxembourg,2006,0.33
3589,LUX,Luxembourg,2007,0.31
3590,LUX,Luxembourg,2008,0.3
3591,LUX,Luxembourg,2009,0.29
3592,LUX,Luxembourg,2010,0.28
3593,LUX,Luxembourg,2011,0.27
3594,LUX,Luxembourg,2012,0.27
3595,LUX,Luxembourg,2013,0.26
3596,LUX,Luxembourg,2014,0.26
3597,LUX,Luxembourg,2015,0.26
3598,LUX,Luxembourg,2016,0.25
3599,LUX,Luxembourg,2017,0.25
3600,LUX,Luxembourg,2018,0.25
3601,LUX,Luxembourg,2019,0.25
3602,LUX,Luxembourg,2020,0.25
3603,LUX,Luxembourg,2021,0.24
3604,LUX,Luxembourg,2022,0.24
3605,LUX,Luxembourg,2023,0.23
3606,MDG,Madagascar,1989,16.1
3607,MDG,Madagascar,1990,15.55
3608,MDG,Madagascar,1991,15.01
3609,MDG,Madagascar,1992,14.5
3610,MDG,Madagascar,1993,14.02
3611,MDG,Madagascar,1994,13.54
3612,MDG,Madagascar,1995,13.06
3613,MDG,Madagascar,1996,12.56
3614,MDG,Madagascar,1997,12.04
3615,MDG,Madagascar,1998,11.51
3616,MDG,Madagascar,1999,11.0
3617,MDG,Madagascar,2000,10.5
3618,MDG,Madagascar,2001,10.04
3619,MDG,Madagascar,2002,9.6
3620,MDG,Madagascar,2003,9.2
3621,MDG,Madagascar,2004,8.82
3622,MDG,Madagascar,2005,8.46
3623,MDG,Madagascar,2006,8.12
3624,MDG,Madagascar,2007,7.81
3625,MDG,Madagascar,2008,7.53
3626,MDG,Madagascar,2009,7.28
3627,MDG,Madagascar,2010,7.07
3628,MDG,Madagascar,2011,6.9
3629,MDG,Madagascar,2012,6.77
3630,MDG,Madagascar,2013,6.69
3631,MDG,Madagascar,2014,6.62
3632,MDG,Madagascar,2015,6.58
3633,MDG,Madagascar,2016,6.57
3634,MDG,Madagascar,2017,6.57
3635,MDG,Madagascar,2018,6.58
3636,MDG,Madagascar,2019,6.61
3637,MDG,Madagascar,2020,6.63
3638,MDG,Madagascar,2021,6.62
3639,MDG,Madagascar,2022,6.57
3640,MDG,Madagascar,2023,6.48
3641,MWI,Malawi,1989,24.89
3642,MWI,Malawi,1990,24.28
3643,MWI,Malawi,1991,23.55
3644,MWI,Malawi,1992,22.77
3645,MWI,Malawi,1993,22.02
3646,MWI,Malawi,1994,21.34
3647,MWI,Malawi,1995,20.66
3648,MWI,Malawi,1996,20.19
3649,MWI,Malawi,1997,19.73
3650,MWI,Malawi,1998,19.17
3651,MWI,Malawi,1999,18.39
3652,MWI,Malawi,2000,17.33
3653,MWI,Malawi,2001,15.99
3654,MWI,Malawi,2002,14.55
3655,MWI,Malawi,2003,13.15
3656,MWI,Malawi,2004,11.93
3657,MWI,Malawi,2005,10.99
3658,MWI,Malawi,2006,10.34
3659,MWI,Malawi,2007,9.83
3660,MWI,Malawi,2008,9.31
3661,MWI,Malawi,2009,8.81
3662,MWI,Malawi,2010,8.3
3663,MWI,Malawi,2011,7.67
3664,MWI,Malawi,2012,6.98
3665,MWI,Malawi,2013,6.4
3666,MWI,Malawi,2014,6.02
3667,MWI,Malawi,2015,5.67
3668,MWI,Malawi,2016,5.35
3669,MWI,Malawi,2017,5.06
3670,MWI,Malawi,2018,4.75
3671,MWI,Malawi,2019,4.55
3672,MWI,Malawi,2020,4.31
3673,MWI,Malawi,2021,4.15
3674,MWI,Malawi,2022,3.99
3675,MWI,Malawi,2023,3.83
3676,MYS,Malaysia,1989,1.74
3677,MYS,Malaysia,1990,1.66
3678,MYS,Malaysia,1991,1.58
3679,MYS,Malaysia,1992,1.51
3680,MYS,Malaysia,1993,1.45
3681,MYS,Malaysia,1994,1.39
3682,MYS,Malaysia,1995,1.34
3683,MYS,Malaysia,1996,1.29
3684,MYS,Malaysia,1997,1.23
3685,MYS,Malaysia,1998,1.15
3686,MYS,Malaysia,1999,1.07
3687,MYS,Malaysia,2000,1.0
3688,MYS,Malaysia,2001,0.93
3689,MYS,Malaysia,2002,0.88
3690,MYS,Malaysia,2003,0.85
3691,MYS,Malaysia,2004,0.84
3692,MYS,Malaysia,2005,0.83
3693,MYS,Malaysia,2006,0.83
3694,MYS,Malaysia,2007,0.82
3695,MYS,Malaysia,2008,0.82
3696,MYS,Malaysia,2009,0.82
3697,MYS,Malaysia,2010,0.81
3698,MYS,Malaysia,2011,0.81
3699,MYS,Malaysia,2012,0.8
3700,MYS,Malaysia,2013,0.81
3701,MYS,Malaysia,2014,0.81
3702,MYS,Malaysia,2015,0.81
3703,MYS,Malaysia,2016,0.82
3704,MYS,Malaysia,2017,0.82
3705,MYS,Malaysia,2018,0.82
3706,MYS,Malaysia,2019,0.82
3707,MYS,Malaysia,2020,0.81
3708,MYS,Malaysia,2021,0.81
3709,MYS,Malaysia,2022,0.81
3710,MYS,Malaysia,2023,0.81
3711,MDV,Maldives,1989,9.06
3712,MDV,Maldives,1990,8.57
3713,MDV,Maldives,1991,8.08
3714,MDV,Maldives,1992,7.61
3715,MDV,Maldives,1993,7.15
3716,MDV,Maldives,1994,6.68
3717,MDV,Maldives,1995,6.22
3718,MDV,Maldives,1996,5.74
3719,MDV,Maldives,1997,5.28
3720,MDV,Maldives,1998,4.81
3721,MDV,Maldives,1999,4.36
3722,MDV,Maldives,2000,3.9
3723,MDV,Maldives,2001,3.47
3724,MDV,Maldives,2002,3.08
3725,MDV,Maldives,2003,2.72
3726,MDV,Maldives,2004,2.7
3727,MDV,Maldives,2005,2.16
3728,MDV,Maldives,2006,1.94
3729,MDV,Maldives,2007,1.76
3730,MDV,Maldives,2008,1.61
3731,MDV,Maldives,2009,1.49
3732,MDV,Maldives,2010,1.38
3733,MDV,Maldives,2011,1.29
3734,MDV,Maldives,2012,1.21
3735,MDV,Maldives,2013,1.13
3736,MDV,Maldives,2014,1.05
3737,MDV,Maldives,2015,0.99
3738,MDV,Maldives,2016,0.92
3739,MDV,Maldives,2017,0.86
3740,MDV,Maldives,2018,0.8
3741,MDV,Maldives,2019,0.74
3742,MDV,Maldives,2020,0.69
3743,MDV,Maldives,2021,0.64
3744,MDV,Maldives,2022,0.6
3745,MDV,Maldives,2023,0.57
3746,MLI,Mali,1989,23.6
3747,MLI,Mali,1990,23.1
3748,MLI,Mali,1991,22.65
3749,MLI,Mali,1992,22.26
3750,MLI,Mali,1993,21.89
3751,MLI,Mali,1994,21.54
3752,MLI,Mali,1995,21.19
3753,MLI,Mali,1996,20.81
3754,MLI,Mali,1997,20.38
3755,MLI,Mali,1998,19.9
3756,MLI,Mali,1999,19.35
3757,MLI,Mali,2000,18.76
3758,MLI,Mali,2001,18.15
3759,MLI,Mali,2002,17.52
3760,MLI,Mali,2003,16.9
3761,MLI,Mali,2004,16.31
3762,MLI,Mali,2005,15.74
3763,MLI,Mali,2006,15.22
3764,MLI,Mali,2007,14.73
3765,MLI,Mali,2008,14.26
3766,MLI,Mali,2009,13.82
3767,MLI,Mali,2010,13.39
3768,MLI,Mali,2011,12.99
3769,MLI,Mali,2012,12.61
3770,MLI,Mali,2013,12.24
3771,MLI,Mali,2014,11.9
3772,MLI,Mali,2015,11.57
3773,MLI,Mali,2016,11.24
3774,MLI,Mali,2017,10.93
3775,MLI,Mali,2018,10.61
3776,MLI,Mali,2019,10.31
3777,MLI,Mali,2020,10.0
3778,MLI,Mali,2021,9.69
3779,MLI,Mali,2022,9.4
3780,MLI,Mali,2023,9.13
3781,MLT,Malta,1989,1.18
3782,MLT,Malta,1990,1.13
3783,MLT,Malta,1991,1.1
3784,MLT,Malta,1992,1.06
3785,MLT,Malta,1993,1.02
3786,MLT,Malta,1994,0.98
3787,MLT,Malta,1995,0.94
3788,MLT,Malta,1996,0.9
3789,MLT,Malta,1997,0.86
3790,MLT,Malta,1998,0.82
3791,MLT,Malta,1999,0.79
3792,MLT,Malta,2000,0.76
3793,MLT,Malta,2001,0.74
3794,MLT,Malta,2002,0.72
3795,MLT,Malta,2003,0.71
3796,MLT,Malta,2004,0.7
3797,MLT,Malta,2005,0.69
3798,MLT,Malta,2006,0.69
3799,MLT,Malta,2007,0.69
3800,MLT,Malta,2008,0.69
3801,MLT,Malta,2009,0.69
3802,MLT,Malta,2010,0.69
3803,MLT,Malta,2011,0.68
3804,MLT,Malta,2012,0.68
3805,MLT,Malta,2013,0.67
3806,MLT,Malta,2014,0.67
3807,MLT,Malta,2015,0.66
3808,MLT,Malta,2016,0.65
3809,MLT,Malta,2017,0.64
3810,MLT,Malta,2018,0.63
3811,MLT,Malta,2019,0.61
3812,MLT,Malta,2020,0.6
3813,MLT,Malta,2021,0.58
3814,MLT,Malta,2022,0.57
3815,MLT,Malta,2023,0.55
3816,MHL,Marshall Islands,1989,4.95
3817,MHL,Marshall Islands,1990,4.76
3818,MHL,Marshall Islands,1991,4.59
3819,MHL,Marshall Islands,1992,4.43
3820,MHL,Marshall Islands,1993,4.29
3821,MHL,Marshall Islands,1994,4.2
3822,MHL,Marshall Islands,1995,4.15
3823,MHL,Marshall Islands,1996,4.14
3824,MHL,Marshall Islands,1997,4.15
3825,MHL,Marshall Islands,1998,4.19
3826,MHL,Marshall Islands,1999,4.23
3827,MHL,Marshall Islands,2000,4.25
3828,MHL,Marshall Islands,2001,4.25
3829,MHL,Marshall Islands,2002,4.24
3830,MHL,Marshall Islands,2003,4.21
3831,MHL,Marshall Islands,2004,4.18
3832,MHL,Marshall Islands,2005,4.14
3833,MHL,Marshall Islands,2006,4.1
3834,MHL,Marshall Islands,2007,4.06
3835,MHL,Marshall Islands,2008,4.02
3836,MHL,Marshall Islands,2009,3.97
3837,MHL,Marshall Islands,2010,3.94
3838,MHL,Marshall Islands,2011,3.89
3839,MHL,Marshall Islands,2012,3.82
3840,MHL,Marshall Islands,2013,3.75
3841,MHL,Marshall Islands,2014,3.66
3842,MHL,Marshall Islands,2015,3.57
3843,MHL,Marshall Islands,2016,3.48
3844,MHL,Marshall Islands,2017,3.38
3845,MHL,Marshall Islands,2018,3.29
3846,MHL,Marshall Islands,2019,3.19
3847,MHL,Marshall Islands,2020,3.1
3848,MHL,Marshall Islands,2021,3.0
3849,MHL,Marshall Islands,2022,2.91
3850,MHL,Marshall Islands,2023,2.82
3851,MRT,Mauritania,1989,11.76
3852,MRT,Mauritania,1990,11.54
3853,MRT,Mauritania,1991,11.41
3854,MRT,Mauritania,1992,11.31
3855,MRT,Mauritania,1993,11.23
3856,MRT,Mauritania,1994,11.16
3857,MRT,Mauritania,1995,11.08
3858,MRT,Mauritania,1996,10.97
3859,MRT,Mauritania,1997,10.79
3860,MRT,Mauritania,1998,10.55
3861,MRT,Mauritania,1999,10.23
3862,MRT,Mauritania,2000,9.82
3863,MRT,Mauritania,2001,9.35
3864,MRT,Mauritania,2002,8.81
3865,MRT,Mauritania,2003,8.25
3866,MRT,Mauritania,2004,7.7
3867,MRT,Mauritania,2005,7.18
3868,MRT,Mauritania,2006,6.73
3869,MRT,Mauritania,2007,6.35
3870,MRT,Mauritania,2008,6.04
3871,MRT,Mauritania,2009,5.79
3872,MRT,Mauritania,2010,5.61
3873,MRT,Mauritania,2011,5.45
3874,MRT,Mauritania,2012,5.31
3875,MRT,Mauritania,2013,5.17
3876,MRT,Mauritania,2014,5.04
3877,MRT,Mauritania,2015,4.89
3878,MRT,Mauritania,2016,4.74
3879,MRT,Mauritania,2017,4.59
3880,MRT,Mauritania,2018,4.45
3881,MRT,Mauritania,2019,4.3
3882,MRT,Mauritania,2020,4.17
3883,MRT,Mauritania,2021,4.03
3884,MRT,Mauritania,2022,3.91
3885,MRT,Mauritania,2023,3.78
3886,MUS,Mauritius,1989,2.5
3887,MUS,Mauritius,1990,2.32
3888,MUS,Mauritius,1991,2.19
3889,MUS,Mauritius,1992,2.13
3890,MUS,Mauritius,1993,2.12
3891,MUS,Mauritius,1994,2.16
3892,MUS,Mauritius,1995,2.22
3893,MUS,Mauritius,1996,2.26
3894,MUS,Mauritius,1997,2.25
3895,MUS,Mauritius,1998,2.16
3896,MUS,Mauritius,1999,2.03
3897,MUS,Mauritius,2000,1.89
3898,MUS,Mauritius,2001,1.76
3899,MUS,Mauritius,2002,1.66
3900,MUS,Mauritius,2003,1.6
3901,MUS,Mauritius,2004,1.57
3902,MUS,Mauritius,2005,1.55
3903,MUS,Mauritius,2006,1.54
3904,MUS,Mauritius,2007,1.52
3905,MUS,Mauritius,2008,1.5
3906,MUS,Mauritius,2009,1.48
3907,MUS,Mauritius,2010,1.48
3908,MUS,Mauritius,2011,1.49
3909,MUS,Mauritius,2012,1.5
3910,MUS,Mauritius,2013,1.49
3911,MUS,Mauritius,2014,1.47
3912,MUS,Mauritius,2015,1.47
3913,MUS,Mauritius,2016,1.47
3914,MUS,Mauritius,2017,1.5
3915,MUS,Mauritius,2018,1.53
3916,MUS,Mauritius,2019,1.57
3917,MUS,Mauritius,2020,1.58
3918,MUS,Mauritius,2021,1.57
3919,MUS,Mauritius,2022,1.55
3920,MUS,Mauritius,2023,1.52
3921,MEX,Mexico,1989,4.75
3922,MEX,Mexico,1990,4.53
3923,MEX,Mexico,1991,4.32
3924,MEX,Mexico,1992,4.12
3925,MEX,Mexico,1993,3.92
3926,MEX,Mexico,1994,3.74
3927,MEX,Mexico,1995,3.57
3928,MEX,Mexico,1996,3.4
3929,MEX,Mexico,1997,3.24
3930,MEX,Mexico,1998,3.09
3931,MEX,Mexico,1999,2.94
3932,MEX,Mexico,2000,2.81
3933,MEX,Mexico,2001,2.68
3934,MEX,Mexico,2002,2.57
3935,MEX,Mexico,2003,2.46
3936,MEX,Mexico,2004,2.36
3937,MEX,Mexico,2005,2.27
3938,MEX,Mexico,2006,2.19
3939,MEX,Mexico,2007,2.11
3940,MEX,Mexico,2008,2.04
3941,MEX,Mexico,2009,1.98
3942,MEX,Mexico,2010,1.91
3943,MEX,Mexico,2011,1.85
3944,MEX,Mexico,2012,1.79
3945,MEX,Mexico,2013,1.73
3946,MEX,Mexico,2014,1.68
3947,MEX,Mexico,2015,1.62
3948,MEX,Mexico,2016,1.57
3949,MEX,Mexico,2017,1.52
3950,MEX,Mexico,2018,1.47
3951,MEX,Mexico,2019,1.42
3952,MEX,Mexico,2020,1.38
3953,MEX,Mexico,2021,1.33
3954,MEX,Mexico,2022,1.29
3955,MEX,Mexico,2023,1.25
3956,FSM,Micronesia (country),1989,5.07
3957,FSM,Micronesia (country),1990,4.93
3958,FSM,Micronesia (country),1991,4.81
3959,FSM,Micronesia (country),1992,4.71
3960,FSM,Micronesia (country),1993,4.62
3961,FSM,Micronesia (country),1994,4.52
3962,FSM,Micronesia (country),1995,4.43
3963,FSM,Micronesia (country),1996,4.33
3964,FSM,Micronesia (country),1997,4.21
3965,FSM,Micronesia (country),1998,4.09
3966,FSM,Micronesia (country),1999,3.97
3967,FSM,Micronesia (country),2000,3.86
3968,FSM,Micronesia (country),2001,3.77
3969,FSM,Micronesia (country),2002,4.16
3970,FSM,Micronesia (country),2003,3.65
3971,FSM,Micronesia (country),2004,3.61
3972,FSM,Micronesia (country),2005,3.59
3973,FSM,Micronesia (country),2006,3.59
3974,FSM,Micronesia (country),2007,3.58
3975,FSM,Micronesia (country),2008,3.54
3976,FSM,Micronesia (country),2009,3.49
3977,FSM,Micronesia (country),2010,3.42
3978,FSM,Micronesia (country),2011,3.35
3979,FSM,Micronesia (country),2012,3.25
3980,FSM,Micronesia (country),2013,3.16
3981,FSM,Micronesia (country),2014,3.07
3982,FSM,Micronesia (country),2015,2.98
3983,FSM,Micronesia (country),2016,2.88
3984,FSM,Micronesia (country),2017,2.79
3985,FSM,Micronesia (country),2018,2.71
3986,FSM,Micronesia (country),2019,2.63
3987,FSM,Micronesia (country),2020,2.55
3988,FSM,Micronesia (country),2021,2.47
3989,FSM,Micronesia (country),2022,2.39
3990,FSM,Micronesia (country),2023,2.31
3991,MDA,Moldova,1989,3.38
3992,MDA,Moldova,1990,3.35
3993,MDA,Moldova,1991,3.39
3994,MDA,Moldova,1992,3.48
3995,MDA,Moldova,1993,3.62
3996,MDA,Moldova,1994,3.75
3997,MDA,Moldova,1995,3.84
3998,MDA,Moldova,1996,3.85
3999,MDA,Moldova,1997,3.78
4000,MDA,Moldova,1998,3.62
4001,MDA,Moldova,1999,3.4
4002,MDA,Moldova,2000,3.13
4003,MDA,Moldova,2001,2.85
4004,MDA,Moldova,2002,2.58
4005,MDA,Moldova,2003,2.34
4006,MDA,Moldova,2004,2.16
4007,MDA,Moldova,2005,2.01
4008,MDA,Moldova,2006,1.91
4009,MDA,Moldova,2007,1.83
4010,MDA,Moldova,2008,1.77
4011,MDA,Moldova,2009,1.73
4012,MDA,Moldova,2010,1.69
4013,MDA,Moldova,2011,1.66
4014,MDA,Moldova,2012,1.63
4015,MDA,Moldova,2013,1.6
4016,MDA,Moldova,2014,1.58
4017,MDA,Moldova,2015,1.55
4018,MDA,Moldova,2016,1.53
4019,MDA,Moldova,2017,1.52
4020,MDA,Moldova,2018,1.51
4021,MDA,Moldova,2019,1.5
4022,MDA,Moldova,2020,1.49
4023,MDA,Moldova,2021,1.48
4024,MDA,Moldova,2022,1.48
4025,MDA,Moldova,2023,1.47
4026,MCO,Monaco,1989,0.81
4027,MCO,Monaco,1990,0.77
4028,MCO,Monaco,1991,0.74
4029,MCO,Monaco,1992,0.71
4030,MCO,Monaco,1993,0.68
4031,MCO,Monaco,1994,0.65
4032,MCO,Monaco,1995,0.62
4033,MCO,Monaco,1996,0.6
4034,MCO,Monaco,1997,0.58
4035,MCO,Monaco,1998,0.55
4036,MCO,Monaco,1999,0.53
4037,MCO,Monaco,2000,0.52
4038,MCO,Monaco,2001,0.5
4039,MCO,Monaco,2002,0.48
4040,MCO,Monaco,2003,0.47
4041,MCO,Monaco,2004,0.46
4042,MCO,Monaco,2005,0.45
4043,MCO,Monaco,2006,0.44
4044,MCO,Monaco,2007,0.43
4045,MCO,Monaco,2008,0.42
4046,MCO,Monaco,2009,0.41
4047,MCO,Monaco,2010,0.4
4048,MCO,Monaco,2011,0.39
4049,MCO,Monaco,2012,0.38
4050,MCO,Monaco,2013,0.37
4051,MCO,Monaco,2014,0.36
4052,MCO,Monaco,2015,0.35
4053,MCO,Monaco,2016,0.34
4054,MCO,Monaco,2017,0.33
4055,MCO,Monaco,2018,0.32
4056,MCO,Monaco,2019,0.31
4057,MCO,Monaco,2020,0.3
4058,MCO,Monaco,2021,0.29
4059,MCO,Monaco,2022,0.28
4060,MCO,Monaco,2023,0.27
4061,MNG,Mongolia,1989,11.14
4062,MNG,Mongolia,1990,10.65
4063,MNG,Mongolia,1991,10.2
4064,MNG,Mongolia,1992,9.78
4065,MNG,Mongolia,1993,9.39
4066,MNG,Mongolia,1994,9.0
4067,MNG,Mongolia,1995,8.6
4068,MNG,Mongolia,1996,8.19
4069,MNG,Mongolia,1997,7.74
4070,MNG,Mongolia,1998,7.27
4071,MNG,Mongolia,1999,6.78
4072,MNG,Mongolia,2000,6.29
4073,MNG,Mongolia,2001,5.8
4074,MNG,Mongolia,2002,5.32
4075,MNG,Mongolia,2003,4.87
4076,MNG,Mongolia,2004,4.45
4077,MNG,Mongolia,2005,4.07
4078,MNG,Mongolia,2006,3.71
4079,MNG,Mongolia,2007,3.39
4080,MNG,Mongolia,2008,3.11
4081,MNG,Mongolia,2009,2.85
4082,MNG,Mongolia,2010,2.63
4083,MNG,Mongolia,2011,2.44
4084,MNG,Mongolia,2012,2.28
4085,MNG,Mongolia,2013,2.15
4086,MNG,Mongolia,2014,2.04
4087,MNG,Mongolia,2015,1.94
4088,MNG,Mongolia,2016,1.84
4089,MNG,Mongolia,2017,1.74
4090,MNG,Mongolia,2018,1.64
4091,MNG,Mongolia,2019,1.56
4092,MNG,Mongolia,2020,1.48
4093,MNG,Mongolia,2021,1.43
4094,MNG,Mongolia,2022,1.39
4095,MNG,Mongolia,2023,1.36
4096,MNE,Montenegro,1989,1.75
4097,MNE,Montenegro,1990,1.65
4098,MNE,Montenegro,1991,1.58
4099,MNE,Montenegro,1992,1.54
4100,MNE,Montenegro,1993,1.52
4101,MNE,Montenegro,1994,1.51
4102,MNE,Montenegro,1995,1.51
4103,MNE,Montenegro,1996,1.51
4104,MNE,Montenegro,1997,1.51
4105,MNE,Montenegro,1998,1.49
4106,MNE,Montenegro,1999,1.46
4107,MNE,Montenegro,2000,1.42
4108,MNE,Montenegro,2001,1.37
4109,MNE,Montenegro,2002,1.3
4110,MNE,Montenegro,2003,1.22
4111,MNE,Montenegro,2004,1.14
4112,MNE,Montenegro,2005,1.06
4113,MNE,Montenegro,2006,0.97
4114,MNE,Montenegro,2007,0.89
4115,MNE,Montenegro,2008,0.8
4116,MNE,Montenegro,2009,0.73
4117,MNE,Montenegro,2010,0.66
4118,MNE,Montenegro,2011,0.59
4119,MNE,Montenegro,2012,0.54
4120,MNE,Montenegro,2013,0.49
4121,MNE,Montenegro,2014,0.45
4122,MNE,Montenegro,2015,0.41
4123,MNE,Montenegro,2016,0.38
4124,MNE,Montenegro,2017,0.36
4125,MNE,Montenegro,2018,0.33
4126,MNE,Montenegro,2019,0.32
4127,MNE,Montenegro,2020,0.3
4128,MNE,Montenegro,2021,0.28
4129,MNE,Montenegro,2022,0.27
4130,MNE,Montenegro,2023,0.26
4131,MSR,Montserrat,1989,2.13
4132,MSR,Montserrat,1990,2.04
4133,MSR,Montserrat,1991,1.95
4134,MSR,Montserrat,1992,1.88
4135,MSR,Montserrat,1993,1.81
4136,MSR,Montserrat,1994,1.74
4137,MSR,Montserrat,1995,1.67
4138,MSR,Montserrat,1996,1.61
4139,MSR,Montserrat,1997,1.56
4140,MSR,Montserrat,1998,1.5
4141,MSR,Montserrat,1999,1.44
4142,MSR,Montserrat,2000,1.39
4143,MSR,Montserrat,2001,1.34
4144,MSR,Montserrat,2002,1.3
4145,MSR,Montserrat,2003,1.25
4146,MSR,Montserrat,2004,1.21
4147,MSR,Montserrat,2005,1.17
4148,MSR,Montserrat,2006,1.13
4149,MSR,Montserrat,2007,1.1
4150,MSR,Montserrat,2008,1.06
4151,MSR,Montserrat,2009,1.03
4152,MSR,Montserrat,2010,0.99
4153,MSR,Montserrat,2011,0.96
4154,MSR,Montserrat,2012,0.93
4155,MSR,Montserrat,2013,0.9
4156,MSR,Montserrat,2014,0.87
4157,MSR,Montserrat,2015,0.84
4158,MSR,Montserrat,2016,0.81
4159,MSR,Montserrat,2017,0.79
4160,MSR,Montserrat,2018,0.76
4161,MSR,Montserrat,2019,0.73
4162,MSR,Montserrat,2020,0.71
4163,MSR,Montserrat,2021,0.69
4164,MSR,Montserrat,2022,0.67
4165,MSR,Montserrat,2023,0.65
4166,MAR,Morocco,1989,8.45
4167,MAR,Morocco,1990,8.08
4168,MAR,Morocco,1991,7.73
4169,MAR,Morocco,1992,7.4
4170,MAR,Morocco,1993,7.09
4171,MAR,Morocco,1994,6.78
4172,MAR,Morocco,1995,6.49
4173,MAR,Morocco,1996,6.21
4174,MAR,Morocco,1997,5.94
4175,MAR,Morocco,1998,5.69
4176,MAR,Morocco,1999,5.45
4177,MAR,Morocco,2000,5.22
4178,MAR,Morocco,2001,5.01
4179,MAR,Morocco,2002,4.79
4180,MAR,Morocco,2003,4.57
4181,MAR,Morocco,2004,4.36
4182,MAR,Morocco,2005,4.13
4183,MAR,Morocco,2006,3.91
4184,MAR,Morocco,2007,3.7
4185,MAR,Morocco,2008,3.49
4186,MAR,Morocco,2009,3.29
4187,MAR,Morocco,2010,3.11
4188,MAR,Morocco,2011,2.93
4189,MAR,Morocco,2012,2.77
4190,MAR,Morocco,2013,2.62
4191,MAR,Morocco,2014,2.47
4192,MAR,Morocco,2015,2.34
4193,MAR,Morocco,2016,2.22
4194,MAR,Morocco,2017,2.11
4195,MAR,Morocco,2018,2.02
4196,MAR,Morocco,2019,1.94
4197,MAR,Morocco,2020,1.86
4198,MAR,Morocco,2021,1.79
4199,MAR,Morocco,2022,1.72
4200,MAR,Morocco,2023,1.66
4201,MOZ,Mozambique,1989,23.62
4202,MOZ,Mozambique,1990,23.29
4203,MOZ,Mozambique,1991,22.97
4204,MOZ,Mozambique,1992,22.58
4205,MOZ,Mozambique,1993,22.12
4206,MOZ,Mozambique,1994,21.55
4207,MOZ,Mozambique,1995,20.86
4208,MOZ,Mozambique,1996,20.06
4209,MOZ,Mozambique,1997,19.17
4210,MOZ,Mozambique,1998,18.21
4211,MOZ,Mozambique,1999,17.24
4212,MOZ,Mozambique,2000,16.3
4213,MOZ,Mozambique,2001,15.42
4214,MOZ,Mozambique,2002,14.6
4215,MOZ,Mozambique,2003,13.85
4216,MOZ,Mozambique,2004,13.16
4217,MOZ,Mozambique,2005,12.5
4218,MOZ,Mozambique,2006,11.82
4219,MOZ,Mozambique,2007,11.0
4220,MOZ,Mozambique,2008,10.37
4221,MOZ,Mozambique,2009,9.75
4222,MOZ,Mozambique,2010,9.5
4223,MOZ,Mozambique,2011,9.05
4224,MOZ,Mozambique,2012,8.63
4225,MOZ,Mozambique,2013,8.26
4226,MOZ,Mozambique,2014,7.92
4227,MOZ,Mozambique,2015,7.51
4228,MOZ,Mozambique,2016,7.23
4229,MOZ,Mozambique,2017,7.09
4230,MOZ,Mozambique,2018,6.95
4231,MOZ,Mozambique,2019,6.83
4232,MOZ,Mozambique,2020,6.73
4233,MOZ,Mozambique,2021,6.58
4234,MOZ,Mozambique,2022,6.43
4235,MOZ,Mozambique,2023,6.17
4236,MMR,Myanmar,1989,11.76
4237,MMR,Myanmar,1990,11.51
4238,MMR,Myanmar,1991,11.25
4239,MMR,Myanmar,1992,10.99
4240,MMR,Myanmar,1993,10.72
4241,MMR,Myanmar,1994,10.46
4242,MMR,Myanmar,1995,10.2
4243,MMR,Myanmar,1996,9.94
4244,MMR,Myanmar,1997,9.68
4245,MMR,Myanmar,1998,9.43
4246,MMR,Myanmar,1999,9.19
4247,MMR,Myanmar,2000,8.95
4248,MMR,Myanmar,2001,8.71
4249,MMR,Myanmar,2002,8.47
4250,MMR,Myanmar,2003,8.22
4251,MMR,Myanmar,2004,7.97
4252,MMR,Myanmar,2005,7.71
4253,MMR,Myanmar,2006,7.44
4254,MMR,Myanmar,2007,7.16
4255,MMR,Myanmar,2008,10.11
4256,MMR,Myanmar,2009,6.6
4257,MMR,Myanmar,2010,6.32
4258,MMR,Myanmar,2011,6.05
4259,MMR,Myanmar,2012,5.8
4260,MMR,Myanmar,2013,5.56
4261,MMR,Myanmar,2014,5.34
4262,MMR,Myanmar,2015,5.13
4263,MMR,Myanmar,2016,4.95
4264,MMR,Myanmar,2017,4.77
4265,MMR,Myanmar,2018,4.6
4266,MMR,Myanmar,2019,4.44
4267,MMR,Myanmar,2020,4.29
4268,MMR,Myanmar,2021,4.14
4269,MMR,Myanmar,2022,4.0
4270,MMR,Myanmar,2023,3.87
4271,NAM,Namibia,1989,7.57
4272,NAM,Namibia,1990,7.39
4273,NAM,Namibia,1991,7.24
4274,NAM,Namibia,1992,7.14
4275,NAM,Namibia,1993,7.1
4276,NAM,Namibia,1994,7.13
4277,NAM,Namibia,1995,7.24
4278,NAM,Namibia,1996,7.39
4279,NAM,Namibia,1997,7.56
4280,NAM,Namibia,1998,7.7
4281,NAM,Namibia,1999,7.79
4282,NAM,Namibia,2000,7.79
4283,NAM,Namibia,2001,7.71
4284,NAM,Namibia,2002,7.61
4285,NAM,Namibia,2003,7.51
4286,NAM,Namibia,2004,7.41
4287,NAM,Namibia,2005,7.05
4288,NAM,Namibia,2006,6.49
4289,NAM,Namibia,2007,6.06
4290,NAM,Namibia,2008,5.64
4291,NAM,Namibia,2009,5.29
4292,NAM,Namibia,2010,5.08
4293,NAM,Namibia,2011,5.16
4294,NAM,Namibia,2012,5.51
4295,NAM,Namibia,2013,5.4
4296,NAM,Namibia,2014,5.31
4297,NAM,Namibia,2015,5.5
4298,NAM,Namibia,2016,5.42
4299,NAM,Namibia,2017,5.19
4300,NAM,Namibia,2018,5.01
4301,NAM,Namibia,2019,4.78
4302,NAM,Namibia,2020,4.57
4303,NAM,Namibia,2021,4.38
4304,NAM,Namibia,2022,4.2
4305,NAM,Namibia,2023,4.07
4306,NRU,Nauru,1989,7.08
4307,NRU,Nauru,1990,6.74
4308,NRU,Nauru,1991,6.41
4309,NRU,Nauru,1992,6.09
4310,NRU,Nauru,1993,5.78
4311,NRU,Nauru,1994,5.49
4312,NRU,Nauru,1995,5.22
4313,NRU,Nauru,1996,4.97
4314,NRU,Nauru,1997,4.74
4315,NRU,Nauru,1998,4.52
4316,NRU,Nauru,1999,4.32
4317,NRU,Nauru,2000,4.13
4318,NRU,Nauru,2001,3.96
4319,NRU,Nauru,2002,3.81
4320,NRU,Nauru,2003,3.66
4321,NRU,Nauru,2004,3.53
4322,NRU,Nauru,2005,3.41
4323,NRU,Nauru,2006,3.29
4324,NRU,Nauru,2007,3.15
4325,NRU,Nauru,2008,3.0
4326,NRU,Nauru,2009,2.84
4327,NRU,Nauru,2010,2.66
4328,NRU,Nauru,2011,2.48
4329,NRU,Nauru,2012,2.29
4330,NRU,Nauru,2013,2.11
4331,NRU,Nauru,2014,1.93
4332,NRU,Nauru,2015,1.76
4333,NRU,Nauru,2016,1.61
4334,NRU,Nauru,2017,1.47
4335,NRU,Nauru,2018,1.34
4336,NRU,Nauru,2019,1.22
4337,NRU,Nauru,2020,1.11
4338,NRU,Nauru,2021,1.02
4339,NRU,Nauru,2022,0.95
4340,NRU,Nauru,2023,0.89
4341,NPL,Nepal,1989,14.61
4342,NPL,Nepal,1990,13.89
4343,NPL,Nepal,1991,13.18
4344,NPL,Nepal,1992,12.48
4345,NPL,Nepal,1993,11.82
4346,NPL,Nepal,1994,11.18
4347,NPL,Nepal,1995,10.58
4348,NPL,Nepal,1996,10.0
4349,NPL,Nepal,1997,9.44
4350,NPL,Nepal,1998,8.91
4351,NPL,Nepal,1999,8.4
4352,NPL,Nepal,2000,7.92
4353,NPL,Nepal,2001,7.48
4354,NPL,Nepal,2002,7.06
4355,NPL,Nepal,2003,6.69
4356,NPL,Nepal,2004,6.35
4357,NPL,Nepal,2005,6.04
4358,NPL,Nepal,2006,5.76
4359,NPL,Nepal,2007,5.51
4360,NPL,Nepal,2008,5.27
4361,NPL,Nepal,2009,5.05
4362,NPL,Nepal,2010,4.83
4363,NPL,Nepal,2011,4.62
4364,NPL,Nepal,2012,4.41
4365,NPL,Nepal,2013,4.21
4366,NPL,Nepal,2014,4.01
4367,NPL,Nepal,2015,3.82
4368,NPL,Nepal,2016,3.64
4369,NPL,Nepal,2017,3.46
4370,NPL,Nepal,2018,3.3
4371,NPL,Nepal,2019,3.14
4372,NPL,Nepal,2020,2.99
4373,NPL,Nepal,2021,2.86
4374,NPL,Nepal,2022,2.75
4375,NPL,Nepal,2023,2.65
4376,NLD,Netherlands,1989,0.86
4377,NLD,Netherlands,1990,0.83
4378,NLD,Netherlands,1991,0.8
4379,NLD,Netherlands,1992,0.77
4380,NLD,Netherlands,1993,0.74
4381,NLD,Netherlands,1994,0.71
4382,NLD,Netherlands,1995,0.69
4383,NLD,Netherlands,1996,0.67
4384,NLD,Netherlands,1997,0.66
4385,NLD,Netherlands,1998,0.64
4386,NLD,Netherlands,1999,0.63
4387,NLD,Netherlands,2000,0.62
4388,NLD,Netherlands,2001,0.61
4389,NLD,Netherlands,2002,0.59
4390,NLD,Netherlands,2003,0.57
4391,NLD,Netherlands,2004,0.55
4392,NLD,Netherlands,2005,0.53
4393,NLD,Netherlands,2006,0.51
4394,NLD,Netherlands,2007,0.49
4395,NLD,Netherlands,2008,0.47
4396,NLD,Netherlands,2009,0.46
4397,NLD,Netherlands,2010,0.44
4398,NLD,Netherlands,2011,0.43
4399,NLD,Netherlands,2012,0.42
4400,NLD,Netherlands,2013,0.42
4401,NLD,Netherlands,2014,0.41
4402,NLD,Netherlands,2015,0.41
4403,NLD,Netherlands,2016,0.41
4404,NLD,Netherlands,2017,0.4
4405,NLD,Netherlands,2018,0.4
4406,NLD,Netherlands,2019,0.4
4407,NLD,Netherlands,2020,0.4
4408,NLD,Netherlands,2021,0.4
4409,NLD,Netherlands,2022,0.4
4410,NLD,Netherlands,2023,0.4
4411,NZL,New Zealand,1989,1.18
4412,NZL,New Zealand,1990,1.12
4413,NZL,New Zealand,1991,1.06
4414,NZL,New Zealand,1992,1.0
4415,NZL,New Zealand,1993,0.95
4416,NZL,New Zealand,1994,0.91
4417,NZL,New Zealand,1995,0.87
4418,NZL,New Zealand,1996,0.84
4419,NZL,New Zealand,1997,0.81
4420,NZL,New Zealand,1998,0.78
4421,NZL,New Zealand,1999,0.76
4422,NZL,New Zealand,2000,0.74
4423,NZL,New Zealand,2001,0.72
4424,NZL,New Zealand,2002,0.7
4425,NZL,New Zealand,2003,0.69
4426,NZL,New Zealand,2004,0.67
4427,NZL,New Zealand,2005,0.66
4428,NZL,New Zealand,2006,0.65
4429,NZL,New Zealand,2007,0.65
4430,NZL,New Zealand,2008,0.64
4431,NZL,New Zealand,2009,0.63
4432,NZL,New Zealand,2010,0.62
4433,NZL,New Zealand,2011,0.61
4434,NZL,New Zealand,2012,0.6
4435,NZL,New Zealand,2013,0.59
4436,NZL,New Zealand,2014,0.57
4437,NZL,New Zealand,2015,0.56
4438,NZL,New Zealand,2016,0.55
4439,NZL,New Zealand,2017,0.53
4440,NZL,New Zealand,2018,0.52
4441,NZL,New Zealand,2019,0.51
4442,NZL,New Zealand,2020,0.5
4443,NZL,New Zealand,2021,0.49
4444,NZL,New Zealand,2022,0.48
4445,NZL,New Zealand,2023,0.47
4446,NIC,Nicaragua,1989,6.92
4447,NIC,Nicaragua,1990,6.62
4448,NIC,Nicaragua,1991,6.31
4449,NIC,Nicaragua,1992,6.0
4450,NIC,Nicaragua,1993,5.69
4451,NIC,Nicaragua,1994,5.39
4452,NIC,Nicaragua,1995,5.09
4453,NIC,Nicaragua,1996,4.81
4454,NIC,Nicaragua,1997,4.54
4455,NIC,Nicaragua,1998,5.01
4456,NIC,Nicaragua,1999,4.04
4457,NIC,Nicaragua,2000,3.82
4458,NIC,Nicaragua,2001,3.62
4459,NIC,Nicaragua,2002,3.43
4460,NIC,Nicaragua,2003,3.26
4461,NIC,Nicaragua,2004,3.1
4462,NIC,Nicaragua,2005,2.95
4463,NIC,Nicaragua,2006,2.81
4464,NIC,Nicaragua,2007,2.68
4465,NIC,Nicaragua,2008,2.55
4466,NIC,Nicaragua,2009,2.44
4467,NIC,Nicaragua,2010,2.33
4468,NIC,Nicaragua,2011,2.22
4469,NIC,Nicaragua,2012,2.13
4470,NIC,Nicaragua,2013,2.03
4471,NIC,Nicaragua,2014,1.94
4472,NIC,Nicaragua,2015,1.86
4473,NIC,Nicaragua,2016,1.78
4474,NIC,Nicaragua,2017,1.71
4475,NIC,Nicaragua,2018,1.64
4476,NIC,Nicaragua,2019,1.57
4477,NIC,Nicaragua,2020,1.51
4478,NIC,Nicaragua,2021,1.45
4479,NIC,Nicaragua,2022,1.39
4480,NIC,Nicaragua,2023,1.34
4481,NER,Niger,1989,33.68
4482,NER,Niger,1990,33.17
4483,NER,Niger,1991,32.5
4484,NER,Niger,1992,31.67
4485,NER,Niger,1993,30.63
4486,NER,Niger,1994,29.42
4487,NER,Niger,1995,28.13
4488,NER,Niger,1996,26.88
4489,NER,Niger,1997,25.73
4490,NER,Niger,1998,24.67
4491,NER,Niger,1999,23.72
4492,NER,Niger,2000,22.78
4493,NER,Niger,2001,21.75
4494,NER,Niger,2002,20.62
4495,NER,Niger,2003,19.44
4496,NER,Niger,2004,18.28
4497,NER,Niger,2005,17.19
4498,NER,Niger,2006,16.2
4499,NER,Niger,2007,15.36
4500,NER,Niger,2008,14.66
4501,NER,Niger,2009,14.09
4502,NER,Niger,2010,13.65
4503,NER,Niger,2011,13.31
4504,NER,Niger,2012,13.07
4505,NER,Niger,2013,12.89
4506,NER,Niger,2014,12.74
4507,NER,Niger,2015,12.63
4508,NER,Niger,2016,12.51
4509,NER,Niger,2017,12.39
4510,NER,Niger,2018,12.28
4511,NER,Niger,2019,12.18
4512,NER,Niger,2020,12.06
4513,NER,Niger,2021,11.91
4514,NER,Niger,2022,11.71
4515,NER,Niger,2023,11.48
4516,NGA,Nigeria,1989,21.01
4517,NGA,Nigeria,1990,20.98
4518,NGA,Nigeria,1991,20.92
4519,NGA,Nigeria,1992,20.83
4520,NGA,Nigeria,1993,20.73
4521,NGA,Nigeria,1994,20.58
4522,NGA,Nigeria,1995,20.38
4523,NGA,Nigeria,1996,20.11
4524,NGA,Nigeria,1997,19.74
4525,NGA,Nigeria,1998,19.29
4526,NGA,Nigeria,1999,18.78
4527,NGA,Nigeria,2000,18.23
4528,NGA,Nigeria,2001,17.68
4529,NGA,Nigeria,2002,17.11
4530,NGA,Nigeria,2003,16.54
4531,NGA,Nigeria,2004,15.98
4532,NGA,Nigeria,2005,15.45
4533,NGA,Nigeria,2006,14.96
4534,NGA,Nigeria,2007,14.52
4535,NGA,Nigeria,2008,14.13
4536,NGA,Nigeria,2009,13.8
4537,NGA,Nigeria,2010,13.51
4538,NGA,Nigeria,2011,13.29
4539,NGA,Nigeria,2012,13.09
4540,NGA,Nigeria,2013,12.93
4541,NGA,Nigeria,2014,12.79
4542,NGA,Nigeria,2015,12.64
4543,NGA,Nigeria,2016,12.48
4544,NGA,Nigeria,2017,12.28
4545,NGA,Nigeria,2018,12.02
4546,NGA,Nigeria,2019,11.75
4547,NGA,Nigeria,2020,11.44
4548,NGA,Nigeria,2021,11.13
4549,NGA,Nigeria,2022,10.81
4550,NGA,Nigeria,2023,10.49
4551,NIU,Niue,1989,2.53
4552,NIU,Niue,1990,2.56
4553,NIU,Niue,1991,2.59
4554,NIU,Niue,1992,2.63
4555,NIU,Niue,1993,2.68
4556,NIU,Niue,1994,2.74
4557,NIU,Niue,1995,2.82
4558,NIU,Niue,1996,2.9
4559,NIU,Niue,1997,2.99
4560,NIU,Niue,1998,3.09
4561,NIU,Niue,1999,3.18
4562,NIU,Niue,2000,3.27
4563,NIU,Niue,2001,3.37
4564,NIU,Niue,2002,3.45
4565,NIU,Niue,2003,3.54
4566,NIU,Niue,2004,3.62
4567,NIU,Niue,2005,3.69
4568,NIU,Niue,2006,3.71
4569,NIU,Niue,2007,3.71
4570,NIU,Niue,2008,3.67
4571,NIU,Niue,2009,3.62
4572,NIU,Niue,2010,3.55
4573,NIU,Niue,2011,3.46
4574,NIU,Niue,2012,3.37
4575,NIU,Niue,2013,3.28
4576,NIU,Niue,2014,3.19
4577,NIU,Niue,2015,3.1
4578,NIU,Niue,2016,3.0
4579,NIU,Niue,2017,2.92
4580,NIU,Niue,2018,2.84
4581,NIU,Niue,2019,2.75
4582,NIU,Niue,2020,2.66
4583,NIU,Niue,2021,2.58
4584,NIU,Niue,2022,2.5
4585,NIU,Niue,2023,2.43
4586,PRK,North Korea,1989,3.95
4587,PRK,North Korea,1990,4.07
4588,PRK,North Korea,1991,4.18
4589,PRK,North Korea,1992,4.25
4590,PRK,North Korea,1993,4.27
4591,PRK,North Korea,1994,4.25
4592,PRK,North Korea,1995,10.77
4593,PRK,North Korea,1996,10.62
4594,PRK,North Korea,1997,10.46
4595,PRK,North Korea,1998,10.32
4596,PRK,North Korea,1999,10.17
4597,PRK,North Korea,2000,10.02
4598,PRK,North Korea,2001,9.9
4599,PRK,North Korea,2002,9.78
4600,PRK,North Korea,2003,3.45
4601,PRK,North Korea,2004,3.38
4602,PRK,North Korea,2005,3.33
4603,PRK,North Korea,2006,3.28
4604,PRK,North Korea,2007,3.24
4605,PRK,North Korea,2008,3.1
4606,PRK,North Korea,2009,3.0
4607,PRK,North Korea,2010,2.87
4608,PRK,North Korea,2011,2.72
4609,PRK,North Korea,2012,2.57
4610,PRK,North Korea,2013,2.41
4611,PRK,North Korea,2014,2.26
4612,PRK,North Korea,2015,2.14
4613,PRK,North Korea,2016,2.06
4614,PRK,North Korea,2017,1.91
4615,PRK,North Korea,2018,1.84
4616,PRK,North Korea,2019,1.77
4617,PRK,North Korea,2020,1.74
4618,PRK,North Korea,2021,1.74
4619,PRK,North Korea,2022,1.77
4620,PRK,North Korea,2023,1.8
4621,MKD,North Macedonia,1989,4.01
4622,MKD,North Macedonia,1990,3.7
4623,MKD,North Macedonia,1991,3.46
4624,MKD,North Macedonia,1992,3.3
4625,MKD,North Macedonia,1993,3.13
4626,MKD,North Macedonia,1994,2.85
4627,MKD,North Macedonia,1995,2.45
4628,MKD,North Macedonia,1996,2.12
4629,MKD,North Macedonia,1997,1.93
4630,MKD,North Macedonia,1998,1.83
4631,MKD,North Macedonia,1999,1.73
4632,MKD,North Macedonia,2000,1.59
4633,MKD,North Macedonia,2001,1.48
4634,MKD,North Macedonia,2002,1.43
4635,MKD,North Macedonia,2003,1.43
4636,MKD,North Macedonia,2004,1.42
4637,MKD,North Macedonia,2005,1.37
4638,MKD,North Macedonia,2006,1.3
4639,MKD,North Macedonia,2007,1.23
4640,MKD,North Macedonia,2008,1.17
4641,MKD,North Macedonia,2009,1.1
4642,MKD,North Macedonia,2010,1.04
4643,MKD,North Macedonia,2011,1.0
4644,MKD,North Macedonia,2012,1.02
4645,MKD,North Macedonia,2013,1.07
4646,MKD,North Macedonia,2014,1.11
4647,MKD,North Macedonia,2015,1.13
4648,MKD,North Macedonia,2016,1.08
4649,MKD,North Macedonia,2017,0.97
4650,MKD,North Macedonia,2018,0.83
4651,MKD,North Macedonia,2019,0.7
4652,MKD,North Macedonia,2020,0.59
4653,MKD,North Macedonia,2021,0.5
4654,MKD,North Macedonia,2022,0.41
4655,MKD,North Macedonia,2023,0.33
4656,NOR,Norway,1989,0.93
4657,NOR,Norway,1990,0.87
4658,NOR,Norway,1991,0.79
4659,NOR,Norway,1992,0.72
4660,NOR,Norway,1993,0.66
4661,NOR,Norway,1994,0.61
4662,NOR,Norway,1995,0.57
4663,NOR,Norway,1996,0.54
4664,NOR,Norway,1997,0.52
4665,NOR,Norway,1998,0.51
4666,NOR,Norway,1999,0.5
4667,NOR,Norway,2000,0.49
4668,NOR,Norway,2001,0.47
4669,NOR,Norway,2002,0.46
4670,NOR,Norway,2003,0.44
4671,NOR,Norway,2004,0.42
4672,NOR,Norway,2005,0.41
4673,NOR,Norway,2006,0.39
4674,NOR,Norway,2007,0.37
4675,NOR,Norway,2008,0.36
4676,NOR,Norway,2009,0.34
4677,NOR,Norway,2010,0.33
4678,NOR,Norway,2011,0.31
4679,NOR,Norway,2012,0.3
4680,NOR,Norway,2013,0.29
4681,NOR,Norway,2014,0.28
4682,NOR,Norway,2015,0.27
4683,NOR,Norway,2016,0.26
4684,NOR,Norway,2017,0.25
4685,NOR,Norway,2018,0.25
4686,NOR,Norway,2019,0.24
4687,NOR,Norway,2020,0.24
4688,NOR,Norway,2021,0.23
4689,NOR,Norway,2022,0.23
4690,NOR,Norway,2023,0.24
4691,OMN,Oman,1989,4.32
4692,OMN,Oman,1990,3.91
4693,OMN,Oman,1991,3.54
4694,OMN,Oman,1992,3.2
4695,OMN,Oman,1993,2.9
4696,OMN,Oman,1994,2.64
4697,OMN,Oman,1995,2.41
4698,OMN,Oman,1996,2.22
4699,OMN,Oman,1997,2.04
4700,OMN,Oman,1998,1.89
4701,OMN,Oman,1999,1.76
4702,OMN,Oman,2000,1.64
4703,OMN,Oman,2001,1.54
4704,OMN,Oman,2002,1.45
4705,OMN,Oman,2003,1.38
4706,OMN,Oman,2004,1.32
4707,OMN,Oman,2005,1.28
4708,OMN,Oman,2006,1.24
4709,OMN,Oman,2007,1.22
4710,OMN,Oman,2008,1.2
4711,OMN,Oman,2009,1.19
4712,OMN,Oman,2010,1.17
4713,OMN,Oman,2011,1.16
4714,OMN,Oman,2012,1.15
4715,OMN,Oman,2013,1.13
4716,OMN,Oman,2014,1.12
4717,OMN,Oman,2015,1.12
4718,OMN,Oman,2016,1.11
4719,OMN,Oman,2017,1.1
4720,OMN,Oman,2018,1.09
4721,OMN,Oman,2019,1.08
4722,OMN,Oman,2020,1.07
4723,OMN,Oman,2021,1.06
4724,OMN,Oman,2022,1.05
4725,OMN,Oman,2023,1.04
4726,PAK,Pakistan,1989,14.24
4727,PAK,Pakistan,1990,13.98
4728,PAK,Pakistan,1991,13.71
4729,PAK,Pakistan,1992,13.42
4730,PAK,Pakistan,1993,13.11
4731,PAK,Pakistan,1994,12.8
4732,PAK,Pakistan,1995,12.47
4733,PAK,Pakistan,1996,12.12
4734,PAK,Pakistan,1997,11.78
4735,PAK,Pakistan,1998,11.45
4736,PAK,Pakistan,1999,11.12
4737,PAK,Pakistan,2000,10.81
4738,PAK,Pakistan,2001,10.53
4739,PAK,Pakistan,2002,10.28
4740,PAK,Pakistan,2003,10.05
4741,PAK,Pakistan,2004,9.85
4742,PAK,Pakistan,2005,9.65
4743,PAK,Pakistan,2006,9.47
4744,PAK,Pakistan,2007,9.29
4745,PAK,Pakistan,2008,9.1
4746,PAK,Pakistan,2009,8.91
4747,PAK,Pakistan,2010,8.71
4748,PAK,Pakistan,2011,8.49
4749,PAK,Pakistan,2012,8.27
4750,PAK,Pakistan,2013,8.04
4751,PAK,Pakistan,2014,7.8
4752,PAK,Pakistan,2015,7.56
4753,PAK,Pakistan,2016,7.33
4754,PAK,Pakistan,2017,7.1
4755,PAK,Pakistan,2018,6.88
4756,PAK,Pakistan,2019,6.67
4757,PAK,Pakistan,2020,6.46
4758,PAK,Pakistan,2021,6.25
4759,PAK,Pakistan,2022,6.05
4760,PAK,Pakistan,2023,5.85
4761,PLW,Palau,1989,3.6
4762,PLW,Palau,1990,3.53
4763,PLW,Palau,1991,3.47
4764,PLW,Palau,1992,3.4
4765,PLW,Palau,1993,3.32
4766,PLW,Palau,1994,3.23
4767,PLW,Palau,1995,3.14
4768,PLW,Palau,1996,3.04
4769,PLW,Palau,1997,2.94
4770,PLW,Palau,1998,2.84
4771,PLW,Palau,1999,2.74
4772,PLW,Palau,2000,2.65
4773,PLW,Palau,2001,2.55
4774,PLW,Palau,2002,2.46
4775,PLW,Palau,2003,2.38
4776,PLW,Palau,2004,2.29
4777,PLW,Palau,2005,2.21
4778,PLW,Palau,2006,2.14
4779,PLW,Palau,2007,2.07
4780,PLW,Palau,2008,2.02
4781,PLW,Palau,2009,1.98
4782,PLW,Palau,2010,1.97
4783,PLW,Palau,2011,1.97
4784,PLW,Palau,2012,1.99
4785,PLW,Palau,2013,2.03
4786,PLW,Palau,2014,2.08
4787,PLW,Palau,2015,2.14
4788,PLW,Palau,2016,2.21
4789,PLW,Palau,2017,2.28
4790,PLW,Palau,2018,2.32
4791,PLW,Palau,2019,2.34
4792,PLW,Palau,2020,2.33
4793,PLW,Palau,2021,2.3
4794,PLW,Palau,2022,2.27
4795,PLW,Palau,2023,2.23
4796,PSE,Palestine,1989,4.72
4797,PSE,Palestine,1990,4.49
4798,PSE,Palestine,1991,4.28
4799,PSE,Palestine,1992,4.09
4800,PSE,Palestine,1993,3.92
4801,PSE,Palestine,1994,3.77
4802,PSE,Palestine,1995,3.62
4803,PSE,Palestine,1996,3.49
4804,PSE,Palestine,1997,3.36
4805,PSE,Palestine,1998,3.24
4806,PSE,Palestine,1999,3.13
4807,PSE,Palestine,2000,3.03
4808,PSE,Palestine,2001,2.94
4809,PSE,Palestine,2002,2.85
4810,PSE,Palestine,2003,2.77
4811,PSE,Palestine,2004,2.68
4812,PSE,Palestine,2005,2.6
4813,PSE,Palestine,2006,2.52
4814,PSE,Palestine,2007,2.43
4815,PSE,Palestine,2008,2.35
4816,PSE,Palestine,2009,2.28
4817,PSE,Palestine,2010,2.2
4818,PSE,Palestine,2011,2.12
4819,PSE,Palestine,2012,2.04
4820,PSE,Palestine,2013,1.97
4821,PSE,Palestine,2014,2.2
4822,PSE,Palestine,2015,1.83
4823,PSE,Palestine,2016,1.76
4824,PSE,Palestine,2017,1.69
4825,PSE,Palestine,2018,1.63
4826,PSE,Palestine,2019,1.57
4827,PSE,Palestine,2020,1.52
4828,PSE,Palestine,2021,1.47
4829,PSE,Palestine,2022,1.42
4830,PSE,Palestine,2023,2.63
4831,PAN,Panama,1989,3.14
4832,PAN,Panama,1990,3.05
4833,PAN,Panama,1991,2.97
4834,PAN,Panama,1992,2.91
4835,PAN,Panama,1993,2.87
4836,PAN,Panama,1994,2.83
4837,PAN,Panama,1995,2.8
4838,PAN,Panama,1996,2.77
4839,PAN,Panama,1997,2.73
4840,PAN,Panama,1998,2.68
4841,PAN,Panama,1999,2.63
4842,PAN,Panama,2000,2.56
4843,PAN,Panama,2001,2.49
4844,PAN,Panama,2002,2.41
4845,PAN,Panama,2003,2.33
4846,PAN,Panama,2004,2.25
4847,PAN,Panama,2005,2.17
4848,PAN,Panama,2006,2.1
4849,PAN,Panama,2007,2.03
4850,PAN,Panama,2008,1.97
4851,PAN,Panama,2009,1.91
4852,PAN,Panama,2010,1.86
4853,PAN,Panama,2011,1.81
4854,PAN,Panama,2012,1.77
4855,PAN,Panama,2013,1.75
4856,PAN,Panama,2014,1.73
4857,PAN,Panama,2015,1.72
4858,PAN,Panama,2016,1.7
4859,PAN,Panama,2017,1.68
4860,PAN,Panama,2018,1.65
4861,PAN,Panama,2019,1.59
4862,PAN,Panama,2020,1.52
4863,PAN,Panama,2021,1.45
4864,PAN,Panama,2022,1.39
4865,PAN,Panama,2023,1.33
4866,PNG,Papua New Guinea,1989,8.63
4867,PNG,Papua New Guinea,1990,8.47
4868,PNG,Papua New Guinea,1991,8.31
4869,PNG,Papua New Guinea,1992,8.17
4870,PNG,Papua New Guinea,1993,8.03
4871,PNG,Papua New Guinea,1994,7.89
4872,PNG,Papua New Guinea,1995,7.77
4873,PNG,Papua New Guinea,1996,7.64
4874,PNG,Papua New Guinea,1997,7.52
4875,PNG,Papua New Guinea,1998,7.41
4876,PNG,Papua New Guinea,1999,7.3
4877,PNG,Papua New Guinea,2000,7.19
4878,PNG,Papua New Guinea,2001,7.08
4879,PNG,Papua New Guinea,2002,6.96
4880,PNG,Papua New Guinea,2003,6.84
4881,PNG,Papua New Guinea,2004,6.71
4882,PNG,Papua New Guinea,2005,6.58
4883,PNG,Papua New Guinea,2006,6.44
4884,PNG,Papua New Guinea,2007,6.31
4885,PNG,Papua New Guinea,2008,6.16
4886,PNG,Papua New Guinea,2009,6.02
4887,PNG,Papua New Guinea,2010,5.88
4888,PNG,Papua New Guinea,2011,5.73
4889,PNG,Papua New Guinea,2012,5.59
4890,PNG,Papua New Guinea,2013,5.44
4891,PNG,Papua New Guinea,2014,5.3
4892,PNG,Papua New Guinea,2015,5.17
4893,PNG,Papua New Guinea,2016,5.02
4894,PNG,Papua New Guinea,2017,4.87
4895,PNG,Papua New Guinea,2018,4.72
4896,PNG,Papua New Guinea,2019,4.59
4897,PNG,Papua New Guinea,2020,4.45
4898,PNG,Papua New Guinea,2021,4.31
4899,PNG,Papua New Guinea,2022,4.17
4900,PNG,Papua New Guinea,2023,4.03
4901,PRY,Paraguay,1989,4.73
4902,PRY,Paraguay,1990,4.55
4903,PRY,Paraguay,1991,4.38
4904,PRY,Paraguay,1992,4.23
4905,PRY,Paraguay,1993,4.08
4906,PRY,Paraguay,1994,3.95
4907,PRY,Paraguay,1995,3.83
4908,PRY,Paraguay,1996,3.72
4909,PRY,Paraguay,1997,3.62
4910,PRY,Paraguay,1998,3.53
4911,PRY,Paraguay,1999,3.45
4912,PRY,Paraguay,2000,3.36
4913,PRY,Paraguay,2001,3.29
4914,PRY,Paraguay,2002,3.22
4915,PRY,Paraguay,2003,3.14
4916,PRY,Paraguay,2004,3.07
4917,PRY,Paraguay,2005,2.99
4918,PRY,Paraguay,2006,2.91
4919,PRY,Paraguay,2007,2.83
4920,PRY,Paraguay,2008,2.75
4921,PRY,Paraguay,2009,2.67
4922,PRY,Paraguay,2010,2.59
4923,PRY,Paraguay,2011,2.51
4924,PRY,Paraguay,2012,2.44
4925,PRY,Paraguay,2013,2.37
4926,PRY,Paraguay,2014,2.3
4927,PRY,Paraguay,2015,2.22
4928,PRY,Paraguay,2016,2.15
4929,PRY,Paraguay,2017,2.08
4930,PRY,Paraguay,2018,2.01
4931,PRY,Paraguay,2019,1.94
4932,PRY,Paraguay,2020,1.88
4933,PRY,Paraguay,2021,1.82
4934,PRY,Paraguay,2022,1.76
4935,PRY,Paraguay,2023,1.7
4936,PER,Peru,1989,8.46
4937,PER,Peru,1990,8.04
4938,PER,Peru,1991,7.63
4939,PER,Peru,1992,7.2
4940,PER,Peru,1993,6.75
4941,PER,Peru,1994,6.29
4942,PER,Peru,1995,5.82
4943,PER,Peru,1996,5.36
4944,PER,Peru,1997,4.92
4945,PER,Peru,1998,4.51
4946,PER,Peru,1999,4.13
4947,PER,Peru,2000,3.79
4948,PER,Peru,2001,3.49
4949,PER,Peru,2002,3.24
4950,PER,Peru,2003,3.01
4951,PER,Peru,2004,2.82
4952,PER,Peru,2005,2.65
4953,PER,Peru,2006,2.5
4954,PER,Peru,2007,2.37
4955,PER,Peru,2008,2.25
4956,PER,Peru,2009,2.14
4957,PER,Peru,2010,2.04
4958,PER,Peru,2011,1.96
4959,PER,Peru,2012,1.89
4960,PER,Peru,2013,1.84
4961,PER,Peru,2014,1.79
4962,PER,Peru,2015,1.76
4963,PER,Peru,2016,1.73
4964,PER,Peru,2017,1.71
4965,PER,Peru,2018,1.69
4966,PER,Peru,2019,1.68
4967,PER,Peru,2020,1.66
4968,PER,Peru,2021,1.64
4969,PER,Peru,2022,1.61
4970,PER,Peru,2023,1.58
4971,PHL,Philippines,1989,5.96
4972,PHL,Philippines,1990,5.6
4973,PHL,Philippines,1991,5.27
4974,PHL,Philippines,1992,4.98
4975,PHL,Philippines,1993,4.73
4976,PHL,Philippines,1994,4.51
4977,PHL,Philippines,1995,4.31
4978,PHL,Philippines,1996,4.14
4979,PHL,Philippines,1997,4.0
4980,PHL,Philippines,1998,3.88
4981,PHL,Philippines,1999,3.78
4982,PHL,Philippines,2000,3.69
4983,PHL,Philippines,2001,3.61
4984,PHL,Philippines,2002,3.52
4985,PHL,Philippines,2003,3.44
4986,PHL,Philippines,2004,3.36
4987,PHL,Philippines,2005,3.28
4988,PHL,Philippines,2006,3.21
4989,PHL,Philippines,2007,3.14
4990,PHL,Philippines,2008,3.07
4991,PHL,Philippines,2009,3.01
4992,PHL,Philippines,2010,2.96
4993,PHL,Philippines,2011,2.91
4994,PHL,Philippines,2012,2.87
4995,PHL,Philippines,2013,2.83
4996,PHL,Philippines,2014,2.8
4997,PHL,Philippines,2015,2.78
4998,PHL,Philippines,2016,2.78
4999,PHL,Philippines,2017,2.78
5000,PHL,Philippines,2018,2.79
5001,PHL,Philippines,2019,2.8
5002,PHL,Philippines,2020,2.79
5003,PHL,Philippines,2021,2.77
5004,PHL,Philippines,2022,2.73
5005,PHL,Philippines,2023,2.69
5006,POL,Poland,1989,1.79
5007,POL,Poland,1990,1.74
5008,POL,Poland,1991,1.69
5009,POL,Poland,1992,1.65
5010,POL,Poland,1993,1.6
5011,POL,Poland,1994,1.53
5012,POL,Poland,1995,1.43
5013,POL,Poland,1996,1.32
5014,POL,Poland,1997,1.2
5015,POL,Poland,1998,1.09
5016,POL,Poland,1999,1.0
5017,POL,Poland,2000,0.93
5018,POL,Poland,2001,0.88
5019,POL,Poland,2002,0.84
5020,POL,Poland,2003,0.81
5021,POL,Poland,2004,0.78
5022,POL,Poland,2005,0.76
5023,POL,Poland,2006,0.73
5024,POL,Poland,2007,0.7
5025,POL,Poland,2008,0.67
5026,POL,Poland,2009,0.63
5027,POL,Poland,2010,0.6
5028,POL,Poland,2011,0.57
5029,POL,Poland,2012,0.54
5030,POL,Poland,2013,0.52
5031,POL,Poland,2014,0.5
5032,POL,Poland,2015,0.49
5033,POL,Poland,2016,0.48
5034,POL,Poland,2017,0.46
5035,POL,Poland,2018,0.45
5036,POL,Poland,2019,0.44
5037,POL,Poland,2020,0.44
5038,POL,Poland,2021,0.44
5039,POL,Poland,2022,0.44
5040,POL,Poland,2023,0.44
5041,PRT,Portugal,1989,1.59
5042,PRT,Portugal,1990,1.47
5043,PRT,Portugal,1991,1.36
5044,PRT,Portugal,1992,1.25
5045,PRT,Portugal,1993,1.14
5046,PRT,Portugal,1994,1.05
5047,PRT,Portugal,1995,0.98
5048,PRT,Portugal,1996,0.92
5049,PRT,Portugal,1997,0.86
5050,PRT,Portugal,1998,0.82
5051,PRT,Portugal,1999,0.77
5052,PRT,Portugal,2000,0.72
5053,PRT,Portugal,2001,0.66
5054,PRT,Portugal,2002,0.61
5055,PRT,Portugal,2003,0.55
5056,PRT,Portugal,2004,0.5
5057,PRT,Portugal,2005,0.47
5058,PRT,Portugal,2006,0.44
5059,PRT,Portugal,2007,0.42
5060,PRT,Portugal,2008,0.4
5061,PRT,Portugal,2009,0.39
5062,PRT,Portugal,2010,0.38
5063,PRT,Portugal,2011,0.37
5064,PRT,Portugal,2012,0.37
5065,PRT,Portugal,2013,0.36
5066,PRT,Portugal,2014,0.36
5067,PRT,Portugal,2015,0.36
5068,PRT,Portugal,2016,0.36
5069,PRT,Portugal,2017,0.36
5070,PRT,Portugal,2018,0.35
5071,PRT,Portugal,2019,0.35
5072,PRT,Portugal,2020,0.34
5073,PRT,Portugal,2021,0.33
5074,PRT,Portugal,2022,0.32
5075,PRT,Portugal,2023,0.32
5076,QAT,Qatar,1989,2.23
5077,QAT,Qatar,1990,2.08
5078,QAT,Qatar,1991,1.94
5079,QAT,Qatar,1992,1.82
5080,QAT,Qatar,1993,1.71
5081,QAT,Qatar,1994,1.61
5082,QAT,Qatar,1995,1.53
5083,QAT,Qatar,1996,1.46
5084,QAT,Qatar,1997,1.4
5085,QAT,Qatar,1998,1.34
5086,QAT,Qatar,1999,1.29
5087,QAT,Qatar,2000,1.25
5088,QAT,Qatar,2001,1.2
5089,QAT,Qatar,2002,1.16
5090,QAT,Qatar,2003,1.12
5091,QAT,Qatar,2004,1.08
5092,QAT,Qatar,2005,1.04
5093,QAT,Qatar,2006,1.01
5094,QAT,Qatar,2007,0.98
5095,QAT,Qatar,2008,0.96
5096,QAT,Qatar,2009,0.93
5097,QAT,Qatar,2010,0.91
5098,QAT,Qatar,2011,0.89
5099,QAT,Qatar,2012,0.87
5100,QAT,Qatar,2013,0.84
5101,QAT,Qatar,2014,0.82
5102,QAT,Qatar,2015,0.79
5103,QAT,Qatar,2016,0.75
5104,QAT,Qatar,2017,0.72
5105,QAT,Qatar,2018,0.69
5106,QAT,Qatar,2019,0.67
5107,QAT,Qatar,2020,0.64
5108,QAT,Qatar,2021,0.63
5109,QAT,Qatar,2022,0.61
5110,QAT,Qatar,2023,0.6
5111,ROU,Romania,1989,3.31
5112,ROU,Romania,1990,3.14
5113,ROU,Romania,1991,2.97
5114,ROU,Romania,1992,2.84
5115,ROU,Romania,1993,2.79
5116,ROU,Romania,1994,2.76
5117,ROU,Romania,1995,2.73
5118,ROU,Romania,1996,2.68
5119,ROU,Romania,1997,2.58
5120,ROU,Romania,1998,2.44
5121,ROU,Romania,1999,2.29
5122,ROU,Romania,2000,2.16
5123,ROU,Romania,2001,2.06
5124,ROU,Romania,2002,2.01
5125,ROU,Romania,2003,1.99
5126,ROU,Romania,2004,1.94
5127,ROU,Romania,2005,1.82
5128,ROU,Romania,2006,1.66
5129,ROU,Romania,2007,1.51
5130,ROU,Romania,2008,1.4
5131,ROU,Romania,2009,1.31
5132,ROU,Romania,2010,1.24
5133,ROU,Romania,2011,1.18
5134,ROU,Romania,2012,1.12
5135,ROU,Romania,2013,1.05
5136,ROU,Romania,2014,0.99
5137,ROU,Romania,2015,0.92
5138,ROU,Romania,2016,0.85
5139,ROU,Romania,2017,0.79
5140,ROU,Romania,2018,0.73
5141,ROU,Romania,2019,0.68
5142,ROU,Romania,2020,0.66
5143,ROU,Romania,2021,0.65
5144,ROU,Romania,2022,0.66
5145,ROU,Romania,2023,0.66
5146,RUS,Russia,1989,2.2
5147,RUS,Russia,1990,2.17
5148,RUS,Russia,1991,2.16
5149,RUS,Russia,1992,2.17
5150,RUS,Russia,1993,2.19
5151,RUS,Russia,1994,2.2
5152,RUS,Russia,1995,2.2
5153,RUS,Russia,1996,2.17
5154,RUS,Russia,1997,2.13
5155,RUS,Russia,1998,2.08
5156,RUS,Russia,1999,2.02
5157,RUS,Russia,2000,1.94
5158,RUS,Russia,2001,1.84
5159,RUS,Russia,2002,1.73
5160,RUS,Russia,2003,1.61
5161,RUS,Russia,2004,1.5
5162,RUS,Russia,2005,1.39
5163,RUS,Russia,2006,1.29
5164,RUS,Russia,2007,1.2
5165,RUS,Russia,2008,1.13
5166,RUS,Russia,2009,1.07
5167,RUS,Russia,2010,1.04
5168,RUS,Russia,2011,1.02
5169,RUS,Russia,2012,0.99
5170,RUS,Russia,2013,0.95
5171,RUS,Russia,2014,0.89
5172,RUS,Russia,2015,0.82
5173,RUS,Russia,2016,0.75
5174,RUS,Russia,2017,0.69
5175,RUS,Russia,2018,0.63
5176,RUS,Russia,2019,0.58
5177,RUS,Russia,2020,0.54
5178,RUS,Russia,2021,0.51
5179,RUS,Russia,2022,0.47
5180,RUS,Russia,2023,0.45
5181,RWA,Rwanda,1989,14.78
5182,RWA,Rwanda,1990,15.14
5183,RWA,Rwanda,1991,16.03
5184,RWA,Rwanda,1992,17.53
5185,RWA,Rwanda,1993,19.31
5186,RWA,Rwanda,1994,38.9
5187,RWA,Rwanda,1995,21.82
5188,RWA,Rwanda,1996,22.19
5189,RWA,Rwanda,1997,22.19
5190,RWA,Rwanda,1998,21.49
5191,RWA,Rwanda,1999,20.19
5192,RWA,Rwanda,2000,18.49
5193,RWA,Rwanda,2001,16.68
5194,RWA,Rwanda,2002,14.94
5195,RWA,Rwanda,2003,13.33
5196,RWA,Rwanda,2004,11.81
5197,RWA,Rwanda,2005,10.49
5198,RWA,Rwanda,2006,9.37
5199,RWA,Rwanda,2007,8.45
5200,RWA,Rwanda,2008,7.62
5201,RWA,Rwanda,2009,6.92
5202,RWA,Rwanda,2010,6.33
5203,RWA,Rwanda,2011,5.81
5204,RWA,Rwanda,2012,5.45
5205,RWA,Rwanda,2013,5.17
5206,RWA,Rwanda,2014,4.96
5207,RWA,Rwanda,2015,4.78
5208,RWA,Rwanda,2016,4.63
5209,RWA,Rwanda,2017,4.52
5210,RWA,Rwanda,2018,4.43
5211,RWA,Rwanda,2019,4.34
5212,RWA,Rwanda,2020,4.25
5213,RWA,Rwanda,2021,4.16
5214,RWA,Rwanda,2022,4.08
5215,RWA,Rwanda,2023,4.0
5216,KNA,Saint Kitts and Nevis,1989,3.12
5217,KNA,Saint Kitts and Nevis,1990,3.03
5218,KNA,Saint Kitts and Nevis,1991,2.96
5219,KNA,Saint Kitts and Nevis,1992,2.9
5220,KNA,Saint Kitts and Nevis,1993,2.85
5221,KNA,Saint Kitts and Nevis,1994,2.8
5222,KNA,Saint Kitts and Nevis,1995,2.76
5223,KNA,Saint Kitts and Nevis,1996,2.7
5224,KNA,Saint Kitts and Nevis,1997,2.64
5225,KNA,Saint Kitts and Nevis,1998,2.56
5226,KNA,Saint Kitts and Nevis,1999,2.48
5227,KNA,Saint Kitts and Nevis,2000,2.39
5228,KNA,Saint Kitts and Nevis,2001,2.29
5229,KNA,Saint Kitts and Nevis,2002,2.2
5230,KNA,Saint Kitts and Nevis,2003,2.11
5231,KNA,Saint Kitts and Nevis,2004,2.03
5232,KNA,Saint Kitts and Nevis,2005,1.97
5233,KNA,Saint Kitts and Nevis,2006,1.92
5234,KNA,Saint Kitts and Nevis,2007,1.89
5235,KNA,Saint Kitts and Nevis,2008,1.88
5236,KNA,Saint Kitts and Nevis,2009,1.87
5237,KNA,Saint Kitts and Nevis,2010,1.88
5238,KNA,Saint Kitts and Nevis,2011,1.89
5239,KNA,Saint Kitts and Nevis,2012,1.91
5240,KNA,Saint Kitts and Nevis,2013,1.93
5241,KNA,Saint Kitts and Nevis,2014,1.95
5242,KNA,Saint Kitts and Nevis,2015,1.94
5243,KNA,Saint Kitts and Nevis,2016,1.93
5244,KNA,Saint Kitts and Nevis,2017,1.9
5245,KNA,Saint Kitts and Nevis,2018,1.86
5246,KNA,Saint Kitts and Nevis,2019,1.82
5247,KNA,Saint Kitts and Nevis,2020,1.77
5248,KNA,Saint Kitts and Nevis,2021,1.72
5249,KNA,Saint Kitts and Nevis,2022,1.68
5250,KNA,Saint Kitts and Nevis,2023,1.63
5251,LCA,Saint Lucia,1989,2.14
5252,LCA,Saint Lucia,1990,2.09
5253,LCA,Saint Lucia,1991,2.05
5254,LCA,Saint Lucia,1992,2.01
5255,LCA,Saint Lucia,1993,1.98
5256,LCA,Saint Lucia,1994,1.95
5257,LCA,Saint Lucia,1995,1.92
5258,LCA,Saint Lucia,1996,1.9
5259,LCA,Saint Lucia,1997,1.88
5260,LCA,Saint Lucia,1998,1.87
5261,LCA,Saint Lucia,1999,1.86
5262,LCA,Saint Lucia,2000,1.85
5263,LCA,Saint Lucia,2001,1.84
5264,LCA,Saint Lucia,2002,1.83
5265,LCA,Saint Lucia,2003,1.83
5266,LCA,Saint Lucia,2004,1.83
5267,LCA,Saint Lucia,2005,1.83
5268,LCA,Saint Lucia,2006,1.82
5269,LCA,Saint Lucia,2007,1.82
5270,LCA,Saint Lucia,2008,1.82
5271,LCA,Saint Lucia,2009,1.81
5272,LCA,Saint Lucia,2010,1.8
5273,LCA,Saint Lucia,2011,1.79
5274,LCA,Saint Lucia,2012,1.78
5275,LCA,Saint Lucia,2013,1.77
5276,LCA,Saint Lucia,2014,1.75
5277,LCA,Saint Lucia,2015,1.74
5278,LCA,Saint Lucia,2016,1.72
5279,LCA,Saint Lucia,2017,1.7
5280,LCA,Saint Lucia,2018,1.67
5281,LCA,Saint Lucia,2019,1.65
5282,LCA,Saint Lucia,2020,1.63
5283,LCA,Saint Lucia,2021,1.6
5284,LCA,Saint Lucia,2022,1.58
5285,LCA,Saint Lucia,2023,1.55
5286,VCT,Saint Vincent and the Grenadines,1989,2.47
5287,VCT,Saint Vincent and the Grenadines,1990,2.38
5288,VCT,Saint Vincent and the Grenadines,1991,2.31
5289,VCT,Saint Vincent and the Grenadines,1992,2.26
5290,VCT,Saint Vincent and the Grenadines,1993,2.24
5291,VCT,Saint Vincent and the Grenadines,1994,2.23
5292,VCT,Saint Vincent and the Grenadines,1995,2.23
5293,VCT,Saint Vincent and the Grenadines,1996,2.23
5294,VCT,Saint Vincent and the Grenadines,1997,2.24
5295,VCT,Saint Vincent and the Grenadines,1998,2.25
5296,VCT,Saint Vincent and the Grenadines,1999,2.25
5297,VCT,Saint Vincent and the Grenadines,2000,2.25
5298,VCT,Saint Vincent and the Grenadines,2001,2.25
5299,VCT,Saint Vincent and the Grenadines,2002,2.24
5300,VCT,Saint Vincent and the Grenadines,2003,2.25
5301,VCT,Saint Vincent and the Grenadines,2004,2.25
5302,VCT,Saint Vincent and the Grenadines,2005,2.26
5303,VCT,Saint Vincent and the Grenadines,2006,2.26
5304,VCT,Saint Vincent and the Grenadines,2007,2.25
5305,VCT,Saint Vincent and the Grenadines,2008,2.23
5306,VCT,Saint Vincent and the Grenadines,2009,2.19
5307,VCT,Saint Vincent and the Grenadines,2010,2.14
5308,VCT,Saint Vincent and the Grenadines,2011,2.06
5309,VCT,Saint Vincent and the Grenadines,2012,1.98
5310,VCT,Saint Vincent and the Grenadines,2013,1.88
5311,VCT,Saint Vincent and the Grenadines,2014,1.79
5312,VCT,Saint Vincent and the Grenadines,2015,1.69
5313,VCT,Saint Vincent and the Grenadines,2016,1.59
5314,VCT,Saint Vincent and the Grenadines,2017,1.49
5315,VCT,Saint Vincent and the Grenadines,2018,1.39
5316,VCT,Saint Vincent and the Grenadines,2019,1.31
5317,VCT,Saint Vincent and the Grenadines,2020,1.23
5318,VCT,Saint Vincent and the Grenadines,2021,1.17
5319,VCT,Saint Vincent and the Grenadines,2022,1.11
5320,VCT,Saint Vincent and the Grenadines,2023,1.06
5321,WSM,Samoa,1989,3.08
5322,WSM,Samoa,1990,2.98
5323,WSM,Samoa,1991,2.89
5324,WSM,Samoa,1992,2.8
5325,WSM,Samoa,1993,2.7
5326,WSM,Samoa,1994,2.61
5327,WSM,Samoa,1995,2.52
5328,WSM,Samoa,1996,2.44
5329,WSM,Samoa,1997,2.35
5330,WSM,Samoa,1998,2.27
5331,WSM,Samoa,1999,2.19
5332,WSM,Samoa,2000,2.12
5333,WSM,Samoa,2001,2.06
5334,WSM,Samoa,2002,2.0
5335,WSM,Samoa,2003,1.97
5336,WSM,Samoa,2004,1.94
5337,WSM,Samoa,2005,1.93
5338,WSM,Samoa,2006,1.93
5339,WSM,Samoa,2007,1.93
5340,WSM,Samoa,2008,1.93
5341,WSM,Samoa,2009,2.54
5342,WSM,Samoa,2010,1.93
5343,WSM,Samoa,2011,1.92
5344,WSM,Samoa,2012,1.91
5345,WSM,Samoa,2013,1.89
5346,WSM,Samoa,2014,1.87
5347,WSM,Samoa,2015,1.85
5348,WSM,Samoa,2016,1.83
5349,WSM,Samoa,2017,1.81
5350,WSM,Samoa,2018,1.78
5351,WSM,Samoa,2019,2.02
5352,WSM,Samoa,2020,1.7
5353,WSM,Samoa,2021,1.66
5354,WSM,Samoa,2022,1.62
5355,WSM,Samoa,2023,1.57
5356,SMR,San Marino,1989,1.39
5357,SMR,San Marino,1990,1.27
5358,SMR,San Marino,1991,1.16
5359,SMR,San Marino,1992,1.06
5360,SMR,San Marino,1993,0.97
5361,SMR,San Marino,1994,0.89
5362,SMR,San Marino,1995,0.81
5363,SMR,San Marino,1996,0.75
5364,SMR,San Marino,1997,0.69
5365,SMR,San Marino,1998,0.63
5366,SMR,San Marino,1999,0.58
5367,SMR,San Marino,2000,0.54
5368,SMR,San Marino,2001,0.5
5369,SMR,San Marino,2002,0.46
5370,SMR,San Marino,2003,0.42
5371,SMR,San Marino,2004,0.39
5372,SMR,San Marino,2005,0.37
5373,SMR,San Marino,2006,0.34
5374,SMR,San Marino,2007,0.32
5375,SMR,San Marino,2008,0.3
5376,SMR,San Marino,2009,0.28
5377,SMR,San Marino,2010,0.27
5378,SMR,San Marino,2011,0.25
5379,SMR,San Marino,2012,0.24
5380,SMR,San Marino,2013,0.23
5381,SMR,San Marino,2014,0.21
5382,SMR,San Marino,2015,0.2
5383,SMR,San Marino,2016,0.19
5384,SMR,San Marino,2017,0.18
5385,SMR,San Marino,2018,0.17
5386,SMR,San Marino,2019,0.17
5387,SMR,San Marino,2020,0.16
5388,SMR,San Marino,2021,0.15
5389,SMR,San Marino,2022,0.15
5390,SMR,San Marino,2023,0.14
5391,STP,Sao Tome and Principe,1989,10.7
5392,STP,Sao Tome and Principe,1990,10.81
5393,STP,Sao Tome and Principe,1991,10.88
5394,STP,Sao Tome and Principe,1992,10.89
5395,STP,Sao Tome and Principe,1993,10.82
5396,STP,Sao Tome and Principe,1994,10.68
5397,STP,Sao Tome and Principe,1995,10.44
5398,STP,Sao Tome and Principe,1996,10.13
5399,STP,Sao Tome and Principe,1997,9.73
5400,STP,Sao Tome and Principe,1998,9.26
5401,STP,Sao Tome and Principe,1999,8.76
5402,STP,Sao Tome and Principe,2000,8.21
5403,STP,Sao Tome and Principe,2001,7.66
5404,STP,Sao Tome and Principe,2002,7.1
5405,STP,Sao Tome and Principe,2003,6.57
5406,STP,Sao Tome and Principe,2004,6.05
5407,STP,Sao Tome and Principe,2005,5.56
5408,STP,Sao Tome and Principe,2006,5.11
5409,STP,Sao Tome and Principe,2007,4.68
5410,STP,Sao Tome and Principe,2008,4.3
5411,STP,Sao Tome and Principe,2009,3.95
5412,STP,Sao Tome and Principe,2010,3.63
5413,STP,Sao Tome and Principe,2011,3.33
5414,STP,Sao Tome and Principe,2012,3.04
5415,STP,Sao Tome and Principe,2013,2.77
5416,STP,Sao Tome and Principe,2014,2.54
5417,STP,Sao Tome and Principe,2015,2.31
5418,STP,Sao Tome and Principe,2016,2.11
5419,STP,Sao Tome and Principe,2017,1.95
5420,STP,Sao Tome and Principe,2018,1.81
5421,STP,Sao Tome and Principe,2019,1.7
5422,STP,Sao Tome and Principe,2020,1.6
5423,STP,Sao Tome and Principe,2021,1.53
5424,STP,Sao Tome and Principe,2022,1.46
5425,STP,Sao Tome and Principe,2023,1.39
5426,SAU,Saudi Arabia,1989,4.8
5427,SAU,Saudi Arabia,1990,4.44
5428,SAU,Saudi Arabia,1991,4.11
5429,SAU,Saudi Arabia,1992,3.81
5430,SAU,Saudi Arabia,1993,3.54
5431,SAU,Saudi Arabia,1994,3.29
5432,SAU,Saudi Arabia,1995,3.06
5433,SAU,Saudi Arabia,1996,2.86
5434,SAU,Saudi Arabia,1997,2.67
5435,SAU,Saudi Arabia,1998,2.5
5436,SAU,Saudi Arabia,1999,2.35
5437,SAU,Saudi Arabia,2000,2.21
5438,SAU,Saudi Arabia,2001,2.08
5439,SAU,Saudi Arabia,2002,1.96
5440,SAU,Saudi Arabia,2003,1.85
5441,SAU,Saudi Arabia,2004,1.75
5442,SAU,Saudi Arabia,2005,1.65
5443,SAU,Saudi Arabia,2006,1.56
5444,SAU,Saudi Arabia,2007,1.47
5445,SAU,Saudi Arabia,2008,1.38
5446,SAU,Saudi Arabia,2009,1.3
5447,SAU,Saudi Arabia,2010,1.22
5448,SAU,Saudi Arabia,2011,1.15
5449,SAU,Saudi Arabia,2012,1.08
5450,SAU,Saudi Arabia,2013,1.02
5451,SAU,Saudi Arabia,2014,0.96
5452,SAU,Saudi Arabia,2015,0.9
5453,SAU,Saudi Arabia,2016,0.85
5454,SAU,Saudi Arabia,2017,0.8
5455,SAU,Saudi Arabia,2018,0.76
5456,SAU,Saudi Arabia,2019,0.72
5457,SAU,Saudi Arabia,2020,0.69
5458,SAU,Saudi Arabia,2021,0.66
5459,SAU,Saudi Arabia,2022,0.64
5460,SAU,Saudi Arabia,2023,0.62
5461,SEN,Senegal,1989,14.12
5462,SEN,Senegal,1990,13.74
5463,SEN,Senegal,1991,13.55
5464,SEN,Senegal,1992,13.5
5465,SEN,Senegal,1993,13.55
5466,SEN,Senegal,1994,13.65
5467,SEN,Senegal,1995,13.76
5468,SEN,Senegal,1996,13.84
5469,SEN,Senegal,1997,13.85
5470,SEN,Senegal,1998,13.73
5471,SEN,Senegal,1999,13.43
5472,SEN,Senegal,2000,12.93
5473,SEN,Senegal,2001,12.21
5474,SEN,Senegal,2002,11.35
5475,SEN,Senegal,2003,10.45
5476,SEN,Senegal,2004,9.59
5477,SEN,Senegal,2005,8.8
5478,SEN,Senegal,2006,8.11
5479,SEN,Senegal,2007,7.52
5480,SEN,Senegal,2008,7.03
5481,SEN,Senegal,2009,6.63
5482,SEN,Senegal,2010,6.3
5483,SEN,Senegal,2011,6.01
5484,SEN,Senegal,2012,5.77
5485,SEN,Senegal,2013,5.57
5486,SEN,Senegal,2014,5.39
5487,SEN,Senegal,2015,5.24
5488,SEN,Senegal,2016,5.11
5489,SEN,Senegal,2017,4.97
5490,SEN,Senegal,2018,4.82
5491,SEN,Senegal,2019,4.65
5492,SEN,Senegal,2020,4.46
5493,SEN,Senegal,2021,4.25
5494,SEN,Senegal,2022,4.04
5495,SEN,Senegal,2023,3.85
5496,SRB,Serbia,1989,3.1
5497,SRB,Serbia,1990,2.85
5498,SRB,Serbia,1991,2.61
5499,SRB,Serbia,1992,2.43
5500,SRB,Serbia,1993,2.29
5501,SRB,Serbia,1994,2.14
5502,SRB,Serbia,1995,1.95
5503,SRB,Serbia,1996,1.74
5504,SRB,Serbia,1997,1.56
5505,SRB,Serbia,1998,1.42
5506,SRB,Serbia,1999,1.32
5507,SRB,Serbia,2000,1.26
5508,SRB,Serbia,2001,1.2
5509,SRB,Serbia,2002,1.14
5510,SRB,Serbia,2003,1.05
5511,SRB,Serbia,2004,0.97
5512,SRB,Serbia,2005,0.9
5513,SRB,Serbia,2006,0.85
5514,SRB,Serbia,2007,0.82
5515,SRB,Serbia,2008,0.79
5516,SRB,Serbia,2009,0.78
5517,SRB,Serbia,2010,0.76
5518,SRB,Serbia,2011,0.73
5519,SRB,Serbia,2012,0.71
5520,SRB,Serbia,2013,0.68
5521,SRB,Serbia,2014,0.66
5522,SRB,Serbia,2015,0.63
5523,SRB,Serbia,2016,0.61
5524,SRB,Serbia,2017,0.59
5525,SRB,Serbia,2018,0.58
5526,SRB,Serbia,2019,0.57
5527,SRB,Serbia,2020,0.55
5528,SRB,Serbia,2021,0.54
5529,SRB,Serbia,2022,0.53
5530,SRB,Serbia,2023,0.52
5531,SYC,Seychelles,1989,1.69
5532,SYC,Seychelles,1990,1.63
5533,SYC,Seychelles,1991,1.58
5534,SYC,Seychelles,1992,1.53
5535,SYC,Seychelles,1993,1.49
5536,SYC,Seychelles,1994,1.46
5537,SYC,Seychelles,1995,1.43
5538,SYC,Seychelles,1996,1.41
5539,SYC,Seychelles,1997,1.4
5540,SYC,Seychelles,1998,1.39
5541,SYC,Seychelles,1999,1.38
5542,SYC,Seychelles,2000,1.38
5543,SYC,Seychelles,2001,1.37
5544,SYC,Seychelles,2002,1.37
5545,SYC,Seychelles,2003,1.37
5546,SYC,Seychelles,2004,1.38
5547,SYC,Seychelles,2005,1.38
5548,SYC,Seychelles,2006,1.38
5549,SYC,Seychelles,2007,1.39
5550,SYC,Seychelles,2008,1.39
5551,SYC,Seychelles,2009,1.4
5552,SYC,Seychelles,2010,1.41
5553,SYC,Seychelles,2011,1.42
5554,SYC,Seychelles,2012,1.43
5555,SYC,Seychelles,2013,1.44
5556,SYC,Seychelles,2014,1.45
5557,SYC,Seychelles,2015,1.45
5558,SYC,Seychelles,2016,1.46
5559,SYC,Seychelles,2017,1.47
5560,SYC,Seychelles,2018,1.48
5561,SYC,Seychelles,2019,1.48
5562,SYC,Seychelles,2020,1.48
5563,SYC,Seychelles,2021,1.47
5564,SYC,Seychelles,2022,1.45
5565,SYC,Seychelles,2023,1.43
5566,SLE,Sierra Leone,1989,26.15
5567,SLE,Sierra Leone,1990,25.93
5568,SLE,Sierra Leone,1991,25.71
5569,SLE,Sierra Leone,1992,25.48
5570,SLE,Sierra Leone,1993,25.25
5571,SLE,Sierra Leone,1994,24.97
5572,SLE,Sierra Leone,1995,24.65
5573,SLE,Sierra Leone,1996,24.28
5574,SLE,Sierra Leone,1997,23.86
5575,SLE,Sierra Leone,1998,23.39
5576,SLE,Sierra Leone,1999,22.9
5577,SLE,Sierra Leone,2000,22.37
5578,SLE,Sierra Leone,2001,21.82
5579,SLE,Sierra Leone,2002,21.26
5580,SLE,Sierra Leone,2003,20.67
5581,SLE,Sierra Leone,2004,20.06
5582,SLE,Sierra Leone,2005,19.43
5583,SLE,Sierra Leone,2006,18.77
5584,SLE,Sierra Leone,2007,18.06
5585,SLE,Sierra Leone,2008,17.33
5586,SLE,Sierra Leone,2009,16.6
5587,SLE,Sierra Leone,2010,15.87
5588,SLE,Sierra Leone,2011,15.17
5589,SLE,Sierra Leone,2012,14.5
5590,SLE,Sierra Leone,2013,13.88
5591,SLE,Sierra Leone,2014,13.68
5592,SLE,Sierra Leone,2015,13.76
5593,SLE,Sierra Leone,2016,12.27
5594,SLE,Sierra Leone,2017,11.79
5595,SLE,Sierra Leone,2018,11.34
5596,SLE,Sierra Leone,2019,10.91
5597,SLE,Sierra Leone,2020,10.51
5598,SLE,Sierra Leone,2021,10.14
5599,SLE,Sierra Leone,2022,9.77
5600,SLE,Sierra Leone,2023,9.43
5601,SGP,Singapore,1989,0.84
5602,SGP,Singapore,1990,0.77
5603,SGP,Singapore,1991,0.7
5604,SGP,Singapore,1992,0.63
5605,SGP,Singapore,1993,0.58
5606,SGP,Singapore,1994,0.54
5607,SGP,Singapore,1995,0.51
5608,SGP,Singapore,1996,0.48
5609,SGP,Singapore,1997,0.46
5610,SGP,Singapore,1998,0.44
5611,SGP,Singapore,1999,0.41
5612,SGP,Singapore,2000,0.38
5613,SGP,Singapore,2001,0.36
5614,SGP,Singapore,2002,0.34
5615,SGP,Singapore,2003,0.32
5616,SGP,Singapore,2004,0.31
5617,SGP,Singapore,2005,0.3
5618,SGP,Singapore,2006,0.29
5619,SGP,Singapore,2007,0.29
5620,SGP,Singapore,2008,0.28
5621,SGP,Singapore,2009,0.28
5622,SGP,Singapore,2010,0.28
5623,SGP,Singapore,2011,0.28
5624,SGP,Singapore,2012,0.28
5625,SGP,Singapore,2013,0.28
5626,SGP,Singapore,2014,0.27
5627,SGP,Singapore,2015,0.27
5628,SGP,Singapore,2016,0.27
5629,SGP,Singapore,2017,0.26
5630,SGP,Singapore,2018,0.25
5631,SGP,Singapore,2019,0.24
5632,SGP,Singapore,2020,0.23
5633,SGP,Singapore,2021,0.22
5634,SGP,Singapore,2022,0.22
5635,SGP,Singapore,2023,0.21
5636,SVK,Slovakia,1989,1.53
5637,SVK,Slovakia,1990,1.47
5638,SVK,Slovakia,1991,1.42
5639,SVK,Slovakia,1992,1.37
5640,SVK,Slovakia,1993,1.31
5641,SVK,Slovakia,1994,1.25
5642,SVK,Slovakia,1995,1.2
5643,SVK,Slovakia,1996,1.14
5644,SVK,Slovakia,1997,1.09
5645,SVK,Slovakia,1998,1.05
5646,SVK,Slovakia,1999,1.0
5647,SVK,Slovakia,2000,0.96
5648,SVK,Slovakia,2001,0.93
5649,SVK,Slovakia,2002,0.91
5650,SVK,Slovakia,2003,0.88
5651,SVK,Slovakia,2004,0.86
5652,SVK,Slovakia,2005,0.83
5653,SVK,Slovakia,2006,0.8
5654,SVK,Slovakia,2007,0.77
5655,SVK,Slovakia,2008,0.74
5656,SVK,Slovakia,2009,0.71
5657,SVK,Slovakia,2010,0.69
5658,SVK,Slovakia,2011,0.67
5659,SVK,Slovakia,2012,0.66
5660,SVK,Slovakia,2013,0.64
5661,SVK,Slovakia,2014,0.63
5662,SVK,Slovakia,2015,0.62
5663,SVK,Slovakia,2016,0.61
5664,SVK,Slovakia,2017,0.6
5665,SVK,Slovakia,2018,0.6
5666,SVK,Slovakia,2019,0.59
5667,SVK,Slovakia,2020,0.59
5668,SVK,Slovakia,2021,0.6
5669,SVK,Slovakia,2022,0.6
5670,SVK,Slovakia,2023,0.61
5671,SVN,Slovenia,1989,1.11
5672,SVN,Slovenia,1990,1.04
5673,SVN,Slovenia,1991,0.97
5674,SVN,Slovenia,1992,0.9
5675,SVN,Slovenia,1993,0.84
5676,SVN,Slovenia,1994,0.79
5677,SVN,Slovenia,1995,0.73
5678,SVN,Slovenia,1996,0.69
5679,SVN,Slovenia,1997,0.65
5680,SVN,Slovenia,1998,0.61
5681,SVN,Slovenia,1999,0.58
5682,SVN,Slovenia,2000,0.54
5683,SVN,Slovenia,2001,0.52
5684,SVN,Slovenia,2002,0.49
5685,SVN,Slovenia,2003,0.47
5686,SVN,Slovenia,2004,0.44
5687,SVN,Slovenia,2005,0.42
5688,SVN,Slovenia,2006,0.4
5689,SVN,Slovenia,2007,0.38
5690,SVN,Slovenia,2008,0.36
5691,SVN,Slovenia,2009,0.34
5692,SVN,Slovenia,2010,0.32
5693,SVN,Slovenia,2011,0.31
5694,SVN,Slovenia,2012,0.29
5695,SVN,Slovenia,2013,0.28
5696,SVN,Slovenia,2014,0.27
5697,SVN,Slovenia,2015,0.26
5698,SVN,Slovenia,2016,0.26
5699,SVN,Slovenia,2017,0.25
5700,SVN,Slovenia,2018,0.24
5701,SVN,Slovenia,2019,0.24
5702,SVN,Slovenia,2020,0.24
5703,SVN,Slovenia,2021,0.23
5704,SVN,Slovenia,2022,0.23
5705,SVN,Slovenia,2023,0.22
5706,SLB,Solomon Islands,1989,3.93
5707,SLB,Solomon Islands,1990,3.82
5708,SLB,Solomon Islands,1991,3.72
5709,SLB,Solomon Islands,1992,3.62
5710,SLB,Solomon Islands,1993,3.52
5711,SLB,Solomon Islands,1994,3.43
5712,SLB,Solomon Islands,1995,3.35
5713,SLB,Solomon Islands,1996,3.27
5714,SLB,Solomon Islands,1997,3.21
5715,SLB,Solomon Islands,1998,3.16
5716,SLB,Solomon Islands,1999,3.11
5717,SLB,Solomon Islands,2000,3.07
5718,SLB,Solomon Islands,2001,3.03
5719,SLB,Solomon Islands,2002,2.99
5720,SLB,Solomon Islands,2003,2.97
5721,SLB,Solomon Islands,2004,2.94
5722,SLB,Solomon Islands,2005,2.91
5723,SLB,Solomon Islands,2006,2.88
5724,SLB,Solomon Islands,2007,2.85
5725,SLB,Solomon Islands,2008,2.81
5726,SLB,Solomon Islands,2009,2.76
5727,SLB,Solomon Islands,2010,2.72
5728,SLB,Solomon Islands,2011,2.67
5729,SLB,Solomon Islands,2012,2.62
5730,SLB,Solomon Islands,2013,2.58
5731,SLB,Solomon Islands,2014,2.53
5732,SLB,Solomon Islands,2015,2.49
5733,SLB,Solomon Islands,2016,2.45
5734,SLB,Solomon Islands,2017,2.41
5735,SLB,Solomon Islands,2018,2.36
5736,SLB,Solomon Islands,2019,2.3
5737,SLB,Solomon Islands,2020,2.24
5738,SLB,Solomon Islands,2021,2.18
5739,SLB,Solomon Islands,2022,2.12
5740,SLB,Solomon Islands,2023,2.06
5741,SOM,Somalia,1989,18.33
5742,SOM,Somalia,1990,18.0
5743,SOM,Somalia,1991,44.29
5744,SOM,Somalia,1992,45.6
5745,SOM,Somalia,1993,17.26
5746,SOM,Somalia,1994,17.23
5747,SOM,Somalia,1995,17.23
5748,SOM,Somalia,1996,17.23
5749,SOM,Somalia,1997,17.23
5750,SOM,Somalia,1998,17.23
5751,SOM,Somalia,1999,17.23
5752,SOM,Somalia,2000,17.23
5753,SOM,Somalia,2001,17.23
5754,SOM,Somalia,2002,17.23
5755,SOM,Somalia,2003,17.23
5756,SOM,Somalia,2004,17.23
5757,SOM,Somalia,2005,17.23
5758,SOM,Somalia,2006,17.15
5759,SOM,Somalia,2007,16.97
5760,SOM,Somalia,2008,16.61
5761,SOM,Somalia,2009,16.18
5762,SOM,Somalia,2010,18.59
5763,SOM,Somalia,2011,35.85
5764,SOM,Somalia,2012,18.41
5765,SOM,Somalia,2013,14.26
5766,SOM,Somalia,2014,13.78
5767,SOM,Somalia,2015,13.36
5768,SOM,Somalia,2016,12.96
5769,SOM,Somalia,2017,15.54
5770,SOM,Somalia,2018,13.6
5771,SOM,Somalia,2019,11.81
5772,SOM,Somalia,2020,11.44
5773,SOM,Somalia,2021,11.09
5774,SOM,Somalia,2022,14.29
5775,SOM,Somalia,2023,10.4
5776,ZAF,South Africa,1989,6.01
5777,ZAF,South Africa,1990,5.82
5778,ZAF,South Africa,1991,5.7
5779,ZAF,South Africa,1992,5.66
5780,ZAF,South Africa,1993,5.7
5781,ZAF,South Africa,1994,5.82
5782,ZAF,South Africa,1995,5.95
5783,ZAF,South Africa,1996,6.11
5784,ZAF,South Africa,1997,6.29
5785,ZAF,South Africa,1998,6.56
5786,ZAF,South Africa,1999,6.85
5787,ZAF,South Africa,2000,7.11
5788,ZAF,South Africa,2001,7.43
5789,ZAF,South Africa,2002,7.69
5790,ZAF,South Africa,2003,7.93
5791,ZAF,South Africa,2004,8.1
5792,ZAF,South Africa,2005,8.03
5793,ZAF,South Africa,2006,7.75
5794,ZAF,South Africa,2007,7.19
5795,ZAF,South Africa,2008,6.42
5796,ZAF,South Africa,2009,5.7
5797,ZAF,South Africa,2010,5.0
5798,ZAF,South Africa,2011,4.5
5799,ZAF,South Africa,2012,4.25
5800,ZAF,South Africa,2013,4.1
5801,ZAF,South Africa,2014,3.96
5802,ZAF,South Africa,2015,3.82
5803,ZAF,South Africa,2016,3.68
5804,ZAF,South Africa,2017,3.58
5805,ZAF,South Africa,2018,3.49
5806,ZAF,South Africa,2019,3.45
5807,ZAF,South Africa,2020,3.41
5808,ZAF,South Africa,2021,3.41
5809,ZAF,South Africa,2022,3.44
5810,ZAF,South Africa,2023,3.47
5811,KOR,South Korea,1989,1.71
5812,KOR,South Korea,1990,1.57
5813,KOR,South Korea,1991,1.44
5814,KOR,South Korea,1992,1.33
5815,KOR,South Korea,1993,1.23
5816,KOR,South Korea,1994,1.14
5817,KOR,South Korea,1995,1.05
5818,KOR,South Korea,1996,0.98
5819,KOR,South Korea,1997,0.91
5820,KOR,South Korea,1998,0.85
5821,KOR,South Korea,1999,0.8
5822,KOR,South Korea,2000,0.75
5823,KOR,South Korea,2001,0.71
5824,KOR,South Korea,2002,0.68
5825,KOR,South Korea,2003,0.64
5826,KOR,South Korea,2004,0.6
5827,KOR,South Korea,2005,0.56
5828,KOR,South Korea,2006,0.52
5829,KOR,South Korea,2007,0.48
5830,KOR,South Korea,2008,0.45
5831,KOR,South Korea,2009,0.43
5832,KOR,South Korea,2010,0.41
5833,KOR,South Korea,2011,0.4
5834,KOR,South Korea,2012,0.38
5835,KOR,South Korea,2013,0.37
5836,KOR,South Korea,2014,0.36
5837,KOR,South Korea,2015,0.35
5838,KOR,South Korea,2016,0.34
5839,KOR,South Korea,2017,0.33
5840,KOR,South Korea,2018,0.32
5841,KOR,South Korea,2019,0.31
5842,KOR,South Korea,2020,0.3
5843,KOR,South Korea,2021,0.29
5844,KOR,South Korea,2022,0.28
5845,KOR,South Korea,2023,0.28
5846,SSD,South Sudan,1989,30.71
5847,SSD,South Sudan,1990,30.28
5848,SSD,South Sudan,1991,29.72
5849,SSD,South Sudan,1992,33.77
5850,SSD,South Sudan,1993,33.11
5851,SSD,South Sudan,1994,23.01
5852,SSD,South Sudan,1995,26.97
5853,SSD,South Sudan,1996,26.13
5854,SSD,South Sudan,1997,25.24
5855,SSD,South Sudan,1998,42.56
5856,SSD,South Sudan,1999,19.17
5857,SSD,South Sudan,2000,18.27
5858,SSD,South Sudan,2001,17.38
5859,SSD,South Sudan,2002,16.51
5860,SSD,South Sudan,2003,15.65
5861,SSD,South Sudan,2004,14.84
5862,SSD,South Sudan,2005,14.08
5863,SSD,South Sudan,2006,13.35
5864,SSD,South Sudan,2007,12.7
5865,SSD,South Sudan,2008,12.06
5866,SSD,South Sudan,2009,11.47
5867,SSD,South Sudan,2010,10.94
5868,SSD,South Sudan,2011,10.45
5869,SSD,South Sudan,2012,10.09
5870,SSD,South Sudan,2013,9.92
5871,SSD,South Sudan,2014,18.23
5872,SSD,South Sudan,2015,23.66
5873,SSD,South Sudan,2016,26.39
5874,SSD,South Sudan,2017,27.82
5875,SSD,South Sudan,2018,13.24
5876,SSD,South Sudan,2019,9.87
5877,SSD,South Sudan,2020,9.87
5878,SSD,South Sudan,2021,9.87
5879,SSD,South Sudan,2022,9.87
5880,SSD,South Sudan,2023,9.87
5881,ESP,Spain,1989,0.95
5882,ESP,Spain,1990,0.92
5883,ESP,Spain,1991,0.88
5884,ESP,Spain,1992,0.83
5885,ESP,Spain,1993,0.79
5886,ESP,Spain,1994,0.74
5887,ESP,Spain,1995,0.69
5888,ESP,Spain,1996,0.65
5889,ESP,Spain,1997,0.61
5890,ESP,Spain,1998,0.58
5891,ESP,Spain,1999,0.56
5892,ESP,Spain,2000,0.54
5893,ESP,Spain,2001,0.53
5894,ESP,Spain,2002,0.51
5895,ESP,Spain,2003,0.5
5896,ESP,Spain,2004,0.49
5897,ESP,Spain,2005,0.47
5898,ESP,Spain,2006,0.45
5899,ESP,Spain,2007,0.44
5900,ESP,Spain,2008,0.42
5901,ESP,Spain,2009,0.4
5902,ESP,Spain,2010,0.38
5903,ESP,Spain,2011,0.37
5904,ESP,Spain,2012,0.36
5905,ESP,Spain,2013,0.35
5906,ESP,Spain,2014,0.34
5907,ESP,Spain,2015,0.33
5908,ESP,Spain,2016,0.33
5909,ESP,Spain,2017,0.32
5910,ESP,Spain,2018,0.32
5911,ESP,Spain,2019,0.32
5912,ESP,Spain,2020,0.32
5913,ESP,Spain,2021,0.31
5914,ESP,Spain,2022,0.31
5915,ESP,Spain,2023,0.31
5916,LKA,Sri Lanka,1989,2.74
5917,LKA,Sri Lanka,1990,2.33
5918,LKA,Sri Lanka,1991,2.32
5919,LKA,Sri Lanka,1992,2.29
5920,LKA,Sri Lanka,1993,2.22
5921,LKA,Sri Lanka,1994,2.14
5922,LKA,Sri Lanka,1995,2.05
5923,LKA,Sri Lanka,1996,1.95
5924,LKA,Sri Lanka,1997,1.86
5925,LKA,Sri Lanka,1998,1.76
5926,LKA,Sri Lanka,1999,1.69
5927,LKA,Sri Lanka,2000,1.63
5928,LKA,Sri Lanka,2001,1.58
5929,LKA,Sri Lanka,2002,1.55
5930,LKA,Sri Lanka,2003,1.52
5931,LKA,Sri Lanka,2004,2.88
5932,LKA,Sri Lanka,2005,1.4
5933,LKA,Sri Lanka,2006,1.33
5934,LKA,Sri Lanka,2007,1.26
5935,LKA,Sri Lanka,2008,1.2
5936,LKA,Sri Lanka,2009,2.08
5937,LKA,Sri Lanka,2010,1.12
5938,LKA,Sri Lanka,2011,1.08
5939,LKA,Sri Lanka,2012,1.03
5940,LKA,Sri Lanka,2013,0.98
5941,LKA,Sri Lanka,2014,0.92
5942,LKA,Sri Lanka,2015,0.87
5943,LKA,Sri Lanka,2016,0.83
5944,LKA,Sri Lanka,2017,0.79
5945,LKA,Sri Lanka,2018,0.76
5946,LKA,Sri Lanka,2019,0.72
5947,LKA,Sri Lanka,2020,0.69
5948,LKA,Sri Lanka,2021,0.66
5949,LKA,Sri Lanka,2022,0.64
5950,LKA,Sri Lanka,2023,0.61
5951,SDN,Sudan,1989,13.41
5952,SDN,Sudan,1990,13.18
5953,SDN,Sudan,1991,12.95
5954,SDN,Sudan,1992,12.71
5955,SDN,Sudan,1993,12.46
5956,SDN,Sudan,1994,12.2
5957,SDN,Sudan,1995,11.93
5958,SDN,Sudan,1996,11.64
5959,SDN,Sudan,1997,11.34
5960,SDN,Sudan,1998,11.02
5961,SDN,Sudan,1999,10.69
5962,SDN,Sudan,2000,10.34
5963,SDN,Sudan,2001,9.99
5964,SDN,Sudan,2002,9.65
5965,SDN,Sudan,2003,9.31
5966,SDN,Sudan,2004,10.26
5967,SDN,Sudan,2005,10.01
5968,SDN,Sudan,2006,8.4
5969,SDN,Sudan,2007,8.13
5970,SDN,Sudan,2008,7.88
5971,SDN,Sudan,2009,7.64
5972,SDN,Sudan,2010,7.42
5973,SDN,Sudan,2011,7.22
5974,SDN,Sudan,2012,7.02
5975,SDN,Sudan,2013,6.83
5976,SDN,Sudan,2014,6.64
5977,SDN,Sudan,2015,6.45
5978,SDN,Sudan,2016,6.26
5979,SDN,Sudan,2017,6.07
5980,SDN,Sudan,2018,5.89
5981,SDN,Sudan,2019,5.71
5982,SDN,Sudan,2020,5.53
5983,SDN,Sudan,2021,5.36
5984,SDN,Sudan,2022,5.18
5985,SDN,Sudan,2023,5.01
5986,SUR,Suriname,1989,4.65
5987,SUR,Suriname,1990,4.49
5988,SUR,Suriname,1991,4.34
5989,SUR,Suriname,1992,4.19
5990,SUR,Suriname,1993,4.03
5991,SUR,Suriname,1994,3.88
5992,SUR,Suriname,1995,3.74
5993,SUR,Suriname,1996,3.6
5994,SUR,Suriname,1997,3.47
5995,SUR,Suriname,1998,3.34
5996,SUR,Suriname,1999,3.22
5997,SUR,Suriname,2000,3.11
5998,SUR,Suriname,2001,3.0
5999,SUR,Suriname,2002,2.9
6000,SUR,Suriname,2003,2.81
6001,SUR,Suriname,2004,2.72
6002,SUR,Suriname,2005,2.64
6003,SUR,Suriname,2006,2.57
6004,SUR,Suriname,2007,2.5
6005,SUR,Suriname,2008,2.44
6006,SUR,Suriname,2009,2.38
6007,SUR,Suriname,2010,2.32
6008,SUR,Suriname,2011,2.26
6009,SUR,Suriname,2012,2.21
6010,SUR,Suriname,2013,2.16
6011,SUR,Suriname,2014,2.11
6012,SUR,Suriname,2015,2.05
6013,SUR,Suriname,2016,2.0
6014,SUR,Suriname,2017,1.95
6015,SUR,Suriname,2018,1.9
6016,SUR,Suriname,2019,1.84
6017,SUR,Suriname,2020,1.78
6018,SUR,Suriname,2021,1.73
6019,SUR,Suriname,2022,1.68
6020,SUR,Suriname,2023,1.62
6021,SWE,Sweden,1989,0.72
6022,SWE,Sweden,1990,0.7
6023,SWE,Sweden,1991,0.66
6024,SWE,Sweden,1992,0.62
6025,SWE,Sweden,1993,0.57
6026,SWE,Sweden,1994,0.52
6027,SWE,Sweden,1995,0.48
6028,SWE,Sweden,1996,0.46
6029,SWE,Sweden,1997,0.44
6030,SWE,Sweden,1998,0.42
6031,SWE,Sweden,1999,0.41
6032,SWE,Sweden,2000,0.41
6033,SWE,Sweden,2001,0.4
6034,SWE,Sweden,2002,0.4
6035,SWE,Sweden,2003,0.39
6036,SWE,Sweden,2004,0.37
6037,SWE,Sweden,2005,0.36
6038,SWE,Sweden,2006,0.35
6039,SWE,Sweden,2007,0.33
6040,SWE,Sweden,2008,0.32
6041,SWE,Sweden,2009,0.31
6042,SWE,Sweden,2010,0.31
6043,SWE,Sweden,2011,0.3
6044,SWE,Sweden,2012,0.3
6045,SWE,Sweden,2013,0.29
6046,SWE,Sweden,2014,0.29
6047,SWE,Sweden,2015,0.29
6048,SWE,Sweden,2016,0.28
6049,SWE,Sweden,2017,0.28
6050,SWE,Sweden,2018,0.27
6051,SWE,Sweden,2019,0.26
6052,SWE,Sweden,2020,0.26
6053,SWE,Sweden,2021,0.25
6054,SWE,Sweden,2022,0.25
6055,SWE,Sweden,2023,0.25
6056,CHE,Switzerland,1989,0.84
6057,CHE,Switzerland,1990,0.82
6058,CHE,Switzerland,1991,0.78
6059,CHE,Switzerland,1992,0.75
6060,CHE,Switzerland,1993,0.71
6061,CHE,Switzerland,1994,0.67
6062,CHE,Switzerland,1995,0.64
6063,CHE,Switzerland,1996,0.62
6064,CHE,Switzerland,1997,0.6
6065,CHE,Switzerland,1998,0.58
6066,CHE,Switzerland,1999,0.57
6067,CHE,Switzerland,2000,0.56
6068,CHE,Switzerland,2001,0.55
6069,CHE,Switzerland,2002,0.54
6070,CHE,Switzerland,2003,0.53
6071,CHE,Switzerland,2004,0.52
6072,CHE,Switzerland,2005,0.51
6073,CHE,Switzerland,2006,0.49
6074,CHE,Switzerland,2007,0.48
6075,CHE,Switzerland,2008,0.47
6076,CHE,Switzerland,2009,0.46
6077,CHE,Switzerland,2010,0.46
6078,CHE,Switzerland,2011,0.45
6079,CHE,Switzerland,2012,0.44
6080,CHE,Switzerland,2013,0.44
6081,CHE,Switzerland,2014,0.43
6082,CHE,Switzerland,2015,0.43
6083,CHE,Switzerland,2016,0.42
6084,CHE,Switzerland,2017,0.41
6085,CHE,Switzerland,2018,0.41
6086,CHE,Switzerland,2019,0.4
6087,CHE,Switzerland,2020,0.4
6088,CHE,Switzerland,2021,0.4
6089,CHE,Switzerland,2022,0.4
6090,CHE,Switzerland,2023,0.39
6091,SYR,Syria,1989,3.85
6092,SYR,Syria,1990,3.7
6093,SYR,Syria,1991,3.55
6094,SYR,Syria,1992,3.4
6095,SYR,Syria,1993,3.24
6096,SYR,Syria,1994,3.09
6097,SYR,Syria,1995,2.94
6098,SYR,Syria,1996,2.8
6099,SYR,Syria,1997,2.66
6100,SYR,Syria,1998,2.53
6101,SYR,Syria,1999,2.42
6102,SYR,Syria,2000,2.32
6103,SYR,Syria,2001,2.23
6104,SYR,Syria,2002,2.15
6105,SYR,Syria,2003,2.09
6106,SYR,Syria,2004,2.03
6107,SYR,Syria,2005,1.98
6108,SYR,Syria,2006,1.95
6109,SYR,Syria,2007,1.92
6110,SYR,Syria,2008,1.9
6111,SYR,Syria,2009,1.9
6112,SYR,Syria,2010,1.9
6113,SYR,Syria,2011,2.17
6114,SYR,Syria,2012,3.39
6115,SYR,Syria,2013,3.65
6116,SYR,Syria,2014,3.53
6117,SYR,Syria,2015,3.7
6118,SYR,Syria,2016,3.22
6119,SYR,Syria,2017,3.3
6120,SYR,Syria,2018,3.26
6121,SYR,Syria,2019,2.5
6122,SYR,Syria,2020,2.24
6123,SYR,Syria,2021,2.1
6124,SYR,Syria,2022,2.11
6125,SYR,Syria,2023,2.06
6126,TWN,Taiwan,1989,0.89
6127,TWN,Taiwan,1990,0.89
6128,TWN,Taiwan,1991,0.84
6129,TWN,Taiwan,1992,0.82
6130,TWN,Taiwan,1993,0.78
6131,TWN,Taiwan,1994,0.76
6132,TWN,Taiwan,1995,0.9
6133,TWN,Taiwan,1996,0.93
6134,TWN,Taiwan,1997,0.9
6135,TWN,Taiwan,1998,0.89
6136,TWN,Taiwan,1999,0.91
6137,TWN,Taiwan,2000,0.86
6138,TWN,Taiwan,2001,0.8
6139,TWN,Taiwan,2002,0.77
6140,TWN,Taiwan,2003,0.69
6141,TWN,Taiwan,2004,0.74
6142,TWN,Taiwan,2005,0.7
6143,TWN,Taiwan,2006,0.67
6144,TWN,Taiwan,2007,0.66
6145,TWN,Taiwan,2008,0.64
6146,TWN,Taiwan,2009,0.56
6147,TWN,Taiwan,2010,0.54
6148,TJK,Tajikistan,1989,9.88
6149,TJK,Tajikistan,1990,9.92
6150,TJK,Tajikistan,1991,10.22
6151,TJK,Tajikistan,1992,10.59
6152,TJK,Tajikistan,1993,10.87
6153,TJK,Tajikistan,1994,10.95
6154,TJK,Tajikistan,1995,10.79
6155,TJK,Tajikistan,1996,10.4
6156,TJK,Tajikistan,1997,9.86
6157,TJK,Tajikistan,1998,9.26
6158,TJK,Tajikistan,1999,8.62
6159,TJK,Tajikistan,2000,7.97
6160,TJK,Tajikistan,2001,7.34
6161,TJK,Tajikistan,2002,6.75
6162,TJK,Tajikistan,2003,6.18
6163,TJK,Tajikistan,2004,5.67
6164,TJK,Tajikistan,2005,5.22
6165,TJK,Tajikistan,2006,4.82
6166,TJK,Tajikistan,2007,4.47
6167,TJK,Tajikistan,2008,4.17
6168,TJK,Tajikistan,2009,3.92
6169,TJK,Tajikistan,2010,3.7
6170,TJK,Tajikistan,2011,3.52
6171,TJK,Tajikistan,2012,3.36
6172,TJK,Tajikistan,2013,3.23
6173,TJK,Tajikistan,2014,3.12
6174,TJK,Tajikistan,2015,3.02
6175,TJK,Tajikistan,2016,2.94
6176,TJK,Tajikistan,2017,2.88
6177,TJK,Tajikistan,2018,2.83
6178,TJK,Tajikistan,2019,2.81
6179,TJK,Tajikistan,2020,2.8
6180,TJK,Tajikistan,2021,2.79
6181,TJK,Tajikistan,2022,2.77
6182,TJK,Tajikistan,2023,2.73
6183,TZA,Tanzania,1989,16.91
6184,TZA,Tanzania,1990,16.69
6185,TZA,Tanzania,1991,16.49
6186,TZA,Tanzania,1992,16.3
6187,TZA,Tanzania,1993,16.09
6188,TZA,Tanzania,1994,15.88
6189,TZA,Tanzania,1995,15.61
6190,TZA,Tanzania,1996,15.24
6191,TZA,Tanzania,1997,14.78
6192,TZA,Tanzania,1998,14.24
6193,TZA,Tanzania,1999,13.58
6194,TZA,Tanzania,2000,12.84
6195,TZA,Tanzania,2001,12.06
6196,TZA,Tanzania,2002,11.28
6197,TZA,Tanzania,2003,10.53
6198,TZA,Tanzania,2004,9.86
6199,TZA,Tanzania,2005,9.24
6200,TZA,Tanzania,2006,8.69
6201,TZA,Tanzania,2007,8.16
6202,TZA,Tanzania,2008,7.7
6203,TZA,Tanzania,2009,7.24
6204,TZA,Tanzania,2010,6.86
6205,TZA,Tanzania,2011,6.5
6206,TZA,Tanzania,2012,6.21
6207,TZA,Tanzania,2013,5.95
6208,TZA,Tanzania,2014,5.67
6209,TZA,Tanzania,2015,5.48
6210,TZA,Tanzania,2016,5.25
6211,TZA,Tanzania,2017,5.02
6212,TZA,Tanzania,2018,4.8
6213,TZA,Tanzania,2019,4.6
6214,TZA,Tanzania,2020,4.42
6215,TZA,Tanzania,2021,4.22
6216,TZA,Tanzania,2022,4.05
6217,TZA,Tanzania,2023,3.89
6218,THA,Thailand,1989,3.91
6219,THA,Thailand,1990,3.69
6220,THA,Thailand,1991,3.49
6221,THA,Thailand,1992,3.3
6222,THA,Thailand,1993,3.12
6223,THA,Thailand,1994,2.96
6224,THA,Thailand,1995,2.81
6225,THA,Thailand,1996,2.67
6226,THA,Thailand,1997,2.53
6227,THA,Thailand,1998,2.41
6228,THA,Thailand,1999,2.29
6229,THA,Thailand,2000,2.18
6230,THA,Thailand,2001,2.08
6231,THA,Thailand,2002,1.98
6232,THA,Thailand,2003,1.89
6233,THA,Thailand,2004,1.81
6234,THA,Thailand,2005,1.73
6235,THA,Thailand,2006,1.66
6236,THA,Thailand,2007,1.59
6237,THA,Thailand,2008,1.53
6238,THA,Thailand,2009,1.47
6239,THA,Thailand,2010,1.42
6240,THA,Thailand,2011,1.37
6241,THA,Thailand,2012,1.32
6242,THA,Thailand,2013,1.27
6243,THA,Thailand,2014,1.23
6244,THA,Thailand,2015,1.19
6245,THA,Thailand,2016,1.15
6246,THA,Thailand,2017,1.11
6247,THA,Thailand,2018,1.08
6248,THA,Thailand,2019,1.04
6249,THA,Thailand,2020,1.01
6250,THA,Thailand,2021,0.98
6251,THA,Thailand,2022,0.95
6252,THA,Thailand,2023,0.92
6253,TGO,Togo,1989,14.93
6254,TGO,Togo,1990,14.72
6255,TGO,Togo,1991,14.52
6256,TGO,Togo,1992,14.33
6257,TGO,Togo,1993,14.11
6258,TGO,Togo,1994,13.88
6259,TGO,Togo,1995,13.62
6260,TGO,Togo,1996,13.32
6261,TGO,Togo,1997,13.01
6262,TGO,Togo,1998,12.67
6263,TGO,Togo,1999,12.32
6264,TGO,Togo,2000,11.96
6265,TGO,Togo,2001,11.6
6266,TGO,Togo,2002,11.25
6267,TGO,Togo,2003,10.91
6268,TGO,Togo,2004,10.59
6269,TGO,Togo,2005,10.27
6270,TGO,Togo,2006,9.97
6271,TGO,Togo,2007,9.69
6272,TGO,Togo,2008,9.41
6273,TGO,Togo,2009,9.14
6274,TGO,Togo,2010,8.87
6275,TGO,Togo,2011,8.59
6276,TGO,Togo,2012,8.33
6277,TGO,Togo,2013,8.07
6278,TGO,Togo,2014,7.81
6279,TGO,Togo,2015,7.56
6280,TGO,Togo,2016,7.32
6281,TGO,Togo,2017,7.09
6282,TGO,Togo,2018,6.86
6283,TGO,Togo,2019,6.63
6284,TGO,Togo,2020,6.43
6285,TGO,Togo,2021,6.22
6286,TGO,Togo,2022,6.02
6287,TGO,Togo,2023,5.83
6288,TON,Tonga,1989,2.29
6289,TON,Tonga,1990,2.21
6290,TON,Tonga,1991,2.14
6291,TON,Tonga,1992,2.06
6292,TON,Tonga,1993,2.0
6293,TON,Tonga,1994,1.94
6294,TON,Tonga,1995,1.89
6295,TON,Tonga,1996,1.85
6296,TON,Tonga,1997,1.81
6297,TON,Tonga,1998,1.78
6298,TON,Tonga,1999,1.74
6299,TON,Tonga,2000,1.7
6300,TON,Tonga,2001,1.65
6301,TON,Tonga,2002,1.61
6302,TON,Tonga,2003,1.56
6303,TON,Tonga,2004,1.52
6304,TON,Tonga,2005,1.48
6305,TON,Tonga,2006,1.44
6306,TON,Tonga,2007,1.41
6307,TON,Tonga,2008,1.37
6308,TON,Tonga,2009,1.34
6309,TON,Tonga,2010,1.31
6310,TON,Tonga,2011,1.29
6311,TON,Tonga,2012,1.26
6312,TON,Tonga,2013,1.24
6313,TON,Tonga,2014,1.22
6314,TON,Tonga,2015,1.19
6315,TON,Tonga,2016,1.17
6316,TON,Tonga,2017,1.15
6317,TON,Tonga,2018,1.12
6318,TON,Tonga,2019,1.1
6319,TON,Tonga,2020,1.08
6320,TON,Tonga,2021,1.05
6321,TON,Tonga,2022,1.02
6322,TON,Tonga,2023,0.99
6323,TTO,Trinidad and Tobago,1989,3.3
6324,TTO,Trinidad and Tobago,1990,3.25
6325,TTO,Trinidad and Tobago,1991,3.21
6326,TTO,Trinidad and Tobago,1992,3.16
6327,TTO,Trinidad and Tobago,1993,3.13
6328,TTO,Trinidad and Tobago,1994,3.09
6329,TTO,Trinidad and Tobago,1995,3.06
6330,TTO,Trinidad and Tobago,1996,3.02
6331,TTO,Trinidad and Tobago,1997,2.99
6332,TTO,Trinidad and Tobago,1998,2.96
6333,TTO,Trinidad and Tobago,1999,2.92
6334,TTO,Trinidad and Tobago,2000,2.88
6335,TTO,Trinidad and Tobago,2001,2.84
6336,TTO,Trinidad and Tobago,2002,2.81
6337,TTO,Trinidad and Tobago,2003,2.76
6338,TTO,Trinidad and Tobago,2004,2.72
6339,TTO,Trinidad and Tobago,2005,2.68
6340,TTO,Trinidad and Tobago,2006,2.64
6341,TTO,Trinidad and Tobago,2007,2.59
6342,TTO,Trinidad and Tobago,2008,2.55
6343,TTO,Trinidad and Tobago,2009,2.51
6344,TTO,Trinidad and Tobago,2010,2.47
6345,TTO,Trinidad and Tobago,2011,2.43
6346,TTO,Trinidad and Tobago,2012,2.38
6347,TTO,Trinidad and Tobago,2013,2.35
6348,TTO,Trinidad and Tobago,2014,2.3
6349,TTO,Trinidad and Tobago,2015,2.26
6350,TTO,Trinidad and Tobago,2016,2.22
6351,TTO,Trinidad and Tobago,2017,2.18
6352,TTO,Trinidad and Tobago,2018,2.14
6353,TTO,Trinidad and Tobago,2019,2.1
6354,TTO,Trinidad and Tobago,2020,2.06
6355,TTO,Trinidad and Tobago,2021,2.01
6356,TTO,Trinidad and Tobago,2022,1.96
6357,TTO,Trinidad and Tobago,2023,1.91
6358,TUN,Tunisia,1989,5.76
6359,TUN,Tunisia,1990,5.5
6360,TUN,Tunisia,1991,5.24
6361,TUN,Tunisia,1992,5.0
6362,TUN,Tunisia,1993,4.74
6363,TUN,Tunisia,1994,4.48
6364,TUN,Tunisia,1995,4.2
6365,TUN,Tunisia,1996,3.92
6366,TUN,Tunisia,1997,3.65
6367,TUN,Tunisia,1998,3.38
6368,TUN,Tunisia,1999,3.14
6369,TUN,Tunisia,2000,2.92
6370,TUN,Tunisia,2001,2.72
6371,TUN,Tunisia,2002,2.55
6372,TUN,Tunisia,2003,2.4
6373,TUN,Tunisia,2004,2.27
6374,TUN,Tunisia,2005,2.16
6375,TUN,Tunisia,2006,2.07
6376,TUN,Tunisia,2007,2.0
6377,TUN,Tunisia,2008,1.94
6378,TUN,Tunisia,2009,1.9
6379,TUN,Tunisia,2010,1.87
6380,TUN,Tunisia,2011,1.85
6381,TUN,Tunisia,2012,1.84
6382,TUN,Tunisia,2013,1.83
6383,TUN,Tunisia,2014,1.83
6384,TUN,Tunisia,2015,1.82
6385,TUN,Tunisia,2016,1.81
6386,TUN,Tunisia,2017,1.79
6387,TUN,Tunisia,2018,1.75
6388,TUN,Tunisia,2019,1.69
6389,TUN,Tunisia,2020,1.6
6390,TUN,Tunisia,2021,1.5
6391,TUN,Tunisia,2022,1.39
6392,TUN,Tunisia,2023,1.29
6393,TUR,Turkey,1989,7.83
6394,TUR,Turkey,1990,7.38
6395,TUR,Turkey,1991,6.95
6396,TUR,Turkey,1992,6.52
6397,TUR,Turkey,1993,6.11
6398,TUR,Turkey,1994,5.73
6399,TUR,Turkey,1995,5.35
6400,TUR,Turkey,1996,5.0
6401,TUR,Turkey,1997,4.66
6402,TUR,Turkey,1998,4.33
6403,TUR,Turkey,1999,4.03
6404,TUR,Turkey,2000,3.74
6405,TUR,Turkey,2001,3.47
6406,TUR,Turkey,2002,3.22
6407,TUR,Turkey,2003,2.99
6408,TUR,Turkey,2004,2.77
6409,TUR,Turkey,2005,2.57
6410,TUR,Turkey,2006,2.38
6411,TUR,Turkey,2007,2.21
6412,TUR,Turkey,2008,2.06
6413,TUR,Turkey,2009,1.92
6414,TUR,Turkey,2010,1.79
6415,TUR,Turkey,2011,1.68
6416,TUR,Turkey,2012,1.58
6417,TUR,Turkey,2013,1.49
6418,TUR,Turkey,2014,1.4
6419,TUR,Turkey,2015,1.33
6420,TUR,Turkey,2016,1.26
6421,TUR,Turkey,2017,1.2
6422,TUR,Turkey,2018,1.15
6423,TUR,Turkey,2019,1.1
6424,TUR,Turkey,2020,1.05
6425,TUR,Turkey,2021,1.01
6426,TUR,Turkey,2022,0.96
6427,TUR,Turkey,2023,1.28
6428,TKM,Turkmenistan,1989,8.09
6429,TKM,Turkmenistan,1990,7.91
6430,TKM,Turkmenistan,1991,7.83
6431,TKM,Turkmenistan,1992,7.83
6432,TKM,Turkmenistan,1993,7.87
6433,TKM,Turkmenistan,1994,7.92
6434,TKM,Turkmenistan,1995,7.94
6435,TKM,Turkmenistan,1996,7.9
6436,TKM,Turkmenistan,1997,7.79
6437,TKM,Turkmenistan,1998,7.59
6438,TKM,Turkmenistan,1999,7.31
6439,TKM,Turkmenistan,2000,6.97
6440,TKM,Turkmenistan,2001,6.61
6441,TKM,Turkmenistan,2002,6.24
6442,TKM,Turkmenistan,2003,5.88
6443,TKM,Turkmenistan,2004,5.56
6444,TKM,Turkmenistan,2005,5.25
6445,TKM,Turkmenistan,2006,4.99
6446,TKM,Turkmenistan,2007,4.77
6447,TKM,Turkmenistan,2008,4.6
6448,TKM,Turkmenistan,2009,4.45
6449,TKM,Turkmenistan,2010,4.36
6450,TKM,Turkmenistan,2011,4.29
6451,TKM,Turkmenistan,2012,4.25
6452,TKM,Turkmenistan,2013,4.25
6453,TKM,Turkmenistan,2014,4.25
6454,TKM,Turkmenistan,2015,4.29
6455,TKM,Turkmenistan,2016,4.33
6456,TKM,Turkmenistan,2017,4.37
6457,TKM,Turkmenistan,2018,4.36
6458,TKM,Turkmenistan,2019,4.33
6459,TKM,Turkmenistan,2020,4.26
6460,TKM,Turkmenistan,2021,4.18
6461,TKM,Turkmenistan,2022,4.1
6462,TKM,Turkmenistan,2023,4.0
6463,TCA,Turks and Caicos Islands,1989,1.98
6464,TCA,Turks and Caicos Islands,1990,1.86
6465,TCA,Turks and Caicos Islands,1991,1.75
6466,TCA,Turks and Caicos Islands,1992,1.65
6467,TCA,Turks and Caicos Islands,1993,1.55
6468,TCA,Turks and Caicos Islands,1994,1.46
6469,TCA,Turks and Caicos Islands,1995,1.38
6470,TCA,Turks and Caicos Islands,1996,1.31
6471,TCA,Turks and Caicos Islands,1997,1.24
6472,TCA,Turks and Caicos Islands,1998,1.18
6473,TCA,Turks and Caicos Islands,1999,1.12
6474,TCA,Turks and Caicos Islands,2000,1.07
6475,TCA,Turks and Caicos Islands,2001,1.02
6476,TCA,Turks and Caicos Islands,2002,0.97
6477,TCA,Turks and Caicos Islands,2003,0.93
6478,TCA,Turks and Caicos Islands,2004,0.9
6479,TCA,Turks and Caicos Islands,2005,0.87
6480,TCA,Turks and Caicos Islands,2006,0.84
6481,TCA,Turks and Caicos Islands,2007,0.81
6482,TCA,Turks and Caicos Islands,2008,0.79
6483,TCA,Turks and Caicos Islands,2009,0.77
6484,TCA,Turks and Caicos Islands,2010,0.75
6485,TCA,Turks and Caicos Islands,2011,0.74
6629,ARE,United Arab Emirates,2015,0.77
6486,TCA,Turks and Caicos Islands,2012,0.72
6487,TCA,Turks and Caicos Islands,2013,0.71
6488,TCA,Turks and Caicos Islands,2014,0.69
6489,TCA,Turks and Caicos Islands,2015,0.68
6490,TCA,Turks and Caicos Islands,2016,0.67
6491,TCA,Turks and Caicos Islands,2017,0.66
6492,TCA,Turks and Caicos Islands,2018,0.64
6493,TCA,Turks and Caicos Islands,2019,0.63
6494,TCA,Turks and Caicos Islands,2020,0.61
6495,TCA,Turks and Caicos Islands,2021,0.6
6496,TCA,Turks and Caicos Islands,2022,0.58
6497,TCA,Turks and Caicos Islands,2023,0.56
6498,TUV,Tuvalu,1989,5.42
6499,TUV,Tuvalu,1990,5.37
6500,TUV,Tuvalu,1991,5.31
6501,TUV,Tuvalu,1992,5.24
6502,TUV,Tuvalu,1993,5.15
6503,TUV,Tuvalu,1994,5.05
6504,TUV,Tuvalu,1995,4.94
6505,TUV,Tuvalu,1996,4.81
6506,TUV,Tuvalu,1997,4.67
6507,TUV,Tuvalu,1998,4.52
6508,TUV,Tuvalu,1999,4.39
6509,TUV,Tuvalu,2000,4.26
6510,TUV,Tuvalu,2001,4.16
6511,TUV,Tuvalu,2002,4.07
6512,TUV,Tuvalu,2003,3.98
6513,TUV,Tuvalu,2004,3.89
6514,TUV,Tuvalu,2005,3.8
6515,TUV,Tuvalu,2006,3.68
6516,TUV,Tuvalu,2007,3.56
6517,TUV,Tuvalu,2008,3.42
6518,TUV,Tuvalu,2009,3.28
6519,TUV,Tuvalu,2010,3.14
6520,TUV,Tuvalu,2011,3.02
6521,TUV,Tuvalu,2012,2.91
6522,TUV,Tuvalu,2013,2.8
6523,TUV,Tuvalu,2014,2.71
6524,TUV,Tuvalu,2015,2.61
6525,TUV,Tuvalu,2016,2.52
6526,TUV,Tuvalu,2017,2.43
6527,TUV,Tuvalu,2018,2.35
6528,TUV,Tuvalu,2019,2.27
6529,TUV,Tuvalu,2020,2.19
6530,TUV,Tuvalu,2021,2.12
6531,TUV,Tuvalu,2022,2.05
6532,TUV,Tuvalu,2023,1.99
6533,UGA,Uganda,1989,18.65
6534,UGA,Uganda,1990,18.28
6535,UGA,Uganda,1991,17.86
6536,UGA,Uganda,1992,17.43
6537,UGA,Uganda,1993,17.03
6538,UGA,Uganda,1994,16.7
6539,UGA,Uganda,1995,16.45
6540,UGA,Uganda,1996,16.24
6541,UGA,Uganda,1997,15.98
6542,UGA,Uganda,1998,15.62
6543,UGA,Uganda,1999,15.15
6544,UGA,Uganda,2000,14.56
6545,UGA,Uganda,2001,13.88
6546,UGA,Uganda,2002,13.12
6547,UGA,Uganda,2003,12.31
6548,UGA,Uganda,2004,11.49
6549,UGA,Uganda,2005,10.7
6550,UGA,Uganda,2006,9.97
6551,UGA,Uganda,2007,9.3
6552,UGA,Uganda,2008,8.69
6553,UGA,Uganda,2009,8.14
6554,UGA,Uganda,2010,7.61
6555,UGA,Uganda,2011,7.1
6556,UGA,Uganda,2012,6.67
6557,UGA,Uganda,2013,6.24
6558,UGA,Uganda,2014,5.91
6559,UGA,Uganda,2015,5.58
6560,UGA,Uganda,2016,5.25
6561,UGA,Uganda,2017,4.98
6562,UGA,Uganda,2018,4.74
6563,UGA,Uganda,2019,4.53
6564,UGA,Uganda,2020,4.35
6565,UGA,Uganda,2021,4.18
6566,UGA,Uganda,2022,4.05
6567,UGA,Uganda,2023,3.88
6568,UKR,Ukraine,1989,1.95
6569,UKR,Ukraine,1990,1.92
6570,UKR,Ukraine,1991,1.92
6571,UKR,Ukraine,1992,1.94
6572,UKR,Ukraine,1993,1.97
6573,UKR,Ukraine,1994,2.0
6574,UKR,Ukraine,1995,2.02
6575,UKR,Ukraine,1996,2.03
6576,UKR,Ukraine,1997,2.01
6577,UKR,Ukraine,1998,1.97
6578,UKR,Ukraine,1999,1.9
6579,UKR,Ukraine,2000,1.83
6580,UKR,Ukraine,2001,1.75
6581,UKR,Ukraine,2002,1.66
6582,UKR,Ukraine,2003,1.58
6583,UKR,Ukraine,2004,1.51
6584,UKR,Ukraine,2005,1.45
6585,UKR,Ukraine,2006,1.4
6586,UKR,Ukraine,2007,1.34
6587,UKR,Ukraine,2008,1.29
6588,UKR,Ukraine,2009,1.23
6589,UKR,Ukraine,2010,1.17
6590,UKR,Ukraine,2011,1.12
6591,UKR,Ukraine,2012,1.07
6592,UKR,Ukraine,2013,1.02
6593,UKR,Ukraine,2014,0.98
6594,UKR,Ukraine,2015,0.94
6595,UKR,Ukraine,2016,0.91
6596,UKR,Ukraine,2017,0.89
6597,UKR,Ukraine,2018,0.87
6598,UKR,Ukraine,2019,0.85
6599,UKR,Ukraine,2020,0.84
6600,UKR,Ukraine,2021,0.82
6601,UKR,Ukraine,2022,0.85
6602,UKR,Ukraine,2023,0.81
6603,ARE,United Arab Emirates,1989,1.61
6604,ARE,United Arab Emirates,1990,1.51
6605,ARE,United Arab Emirates,1991,1.43
6606,ARE,United Arab Emirates,1992,1.37
6607,ARE,United Arab Emirates,1993,1.31
6608,ARE,United Arab Emirates,1994,1.26
6609,ARE,United Arab Emirates,1995,1.21
6610,ARE,United Arab Emirates,1996,1.18
6611,ARE,United Arab Emirates,1997,1.15
6612,ARE,United Arab Emirates,1998,1.12
6613,ARE,United Arab Emirates,1999,1.09
6614,ARE,United Arab Emirates,2000,1.07
6615,ARE,United Arab Emirates,2001,1.05
6616,ARE,United Arab Emirates,2002,1.03
6617,ARE,United Arab Emirates,2003,1.01
6618,ARE,United Arab Emirates,2004,1.0
6619,ARE,United Arab Emirates,2005,0.98
6620,ARE,United Arab Emirates,2006,0.96
6621,ARE,United Arab Emirates,2007,0.94
6622,ARE,United Arab Emirates,2008,0.92
6623,ARE,United Arab Emirates,2009,0.9
6624,ARE,United Arab Emirates,2010,0.88
6625,ARE,United Arab Emirates,2011,0.86
6626,ARE,United Arab Emirates,2012,0.84
6627,ARE,United Arab Emirates,2013,0.82
6628,ARE,United Arab Emirates,2014,0.79
6630,ARE,United Arab Emirates,2016,0.73
6631,ARE,United Arab Emirates,2017,0.7
6632,ARE,United Arab Emirates,2018,0.67
6633,ARE,United Arab Emirates,2019,0.63
6634,ARE,United Arab Emirates,2020,0.6
6635,ARE,United Arab Emirates,2021,0.56
6636,ARE,United Arab Emirates,2022,0.53
6637,ARE,United Arab Emirates,2023,0.5
6638,GBR,United Kingdom,1989,0.99
6639,GBR,United Kingdom,1990,0.93
6640,GBR,United Kingdom,1991,0.87
6641,GBR,United Kingdom,1992,0.82
6642,GBR,United Kingdom,1993,0.77
6643,GBR,United Kingdom,1994,0.74
6644,GBR,United Kingdom,1995,0.72
6645,GBR,United Kingdom,1996,0.7
6646,GBR,United Kingdom,1997,0.69
6647,GBR,United Kingdom,1998,0.68
6648,GBR,United Kingdom,1999,0.67
6649,GBR,United Kingdom,2000,0.65
6650,GBR,United Kingdom,2001,0.64
6651,GBR,United Kingdom,2002,0.63
6652,GBR,United Kingdom,2003,0.63
6653,GBR,United Kingdom,2004,0.61
6654,GBR,United Kingdom,2005,0.6
6655,GBR,United Kingdom,2006,0.59
6656,GBR,United Kingdom,2007,0.58
6657,GBR,United Kingdom,2008,0.56
6658,GBR,United Kingdom,2009,0.54
6659,GBR,United Kingdom,2010,0.52
6660,GBR,United Kingdom,2011,0.5
6661,GBR,United Kingdom,2012,0.48
6662,GBR,United Kingdom,2013,0.46
6663,GBR,United Kingdom,2014,0.45
6664,GBR,United Kingdom,2015,0.45
6665,GBR,United Kingdom,2016,0.44
6666,GBR,United Kingdom,2017,0.44
6667,GBR,United Kingdom,2018,0.44
6668,GBR,United Kingdom,2019,0.44
6669,GBR,United Kingdom,2020,0.44
6670,GBR,United Kingdom,2021,0.44
6671,GBR,United Kingdom,2022,0.45
6672,GBR,United Kingdom,2023,0.45
6673,USA,United States,1989,1.16
6674,USA,United States,1990,1.12
6675,USA,United States,1991,1.09
6676,USA,United States,1992,1.05
6677,USA,United States,1993,1.01
6678,USA,United States,1994,0.98
6679,USA,United States,1995,0.95
6680,USA,United States,1996,0.92
6681,USA,United States,1997,0.89
6682,USA,United States,1998,0.87
6683,USA,United States,1999,0.86
6684,USA,United States,2000,0.84
6685,USA,United States,2001,0.83
6686,USA,United States,2002,0.82
6687,USA,United States,2003,0.81
6688,USA,United States,2004,0.81
6689,USA,United States,2005,0.8
6690,USA,United States,2006,0.79
6691,USA,United States,2007,0.77
6692,USA,United States,2008,0.76
6693,USA,United States,2009,0.75
6694,USA,United States,2010,0.73
6695,USA,United States,2011,0.72
6696,USA,United States,2012,0.7
6697,USA,United States,2013,0.69
6698,USA,United States,2014,0.68
6699,USA,United States,2015,0.68
6700,USA,United States,2016,0.67
6701,USA,United States,2017,0.66
6702,USA,United States,2018,0.65
6703,USA,United States,2019,0.65
6704,USA,United States,2020,0.65
6705,USA,United States,2021,0.65
6706,USA,United States,2022,0.65
6707,USA,United States,2023,0.65
6708,URY,Uruguay,1989,2.42
6709,URY,Uruguay,1990,2.37
6710,URY,Uruguay,1991,2.32
6711,URY,Uruguay,1992,2.29
6712,URY,Uruguay,1993,2.25
6713,URY,Uruguay,1994,2.19
6714,URY,Uruguay,1995,2.12
6715,URY,Uruguay,1996,2.03
6716,URY,Uruguay,1997,1.93
6717,URY,Uruguay,1998,1.84
6718,URY,Uruguay,1999,1.76
6719,URY,Uruguay,2000,1.7
6720,URY,Uruguay,2001,1.66
6721,URY,Uruguay,2002,1.62
6722,URY,Uruguay,2003,1.58
6723,URY,Uruguay,2004,1.52
6724,URY,Uruguay,2005,1.44
6725,URY,Uruguay,2006,1.35
6726,URY,Uruguay,2007,1.27
6727,URY,Uruguay,2008,1.19
6728,URY,Uruguay,2009,1.13
6729,URY,Uruguay,2010,1.08
6730,URY,Uruguay,2011,1.04
6731,URY,Uruguay,2012,1.0
6732,URY,Uruguay,2013,0.97
6733,URY,Uruguay,2014,0.93
6734,URY,Uruguay,2015,0.89
6735,URY,Uruguay,2016,0.85
6736,URY,Uruguay,2017,0.81
6737,URY,Uruguay,2018,0.77
6738,URY,Uruguay,2019,0.74
6739,URY,Uruguay,2020,0.71
6740,URY,Uruguay,2021,0.7
6741,URY,Uruguay,2022,0.68
6742,URY,Uruguay,2023,0.67
6743,UZB,Uzbekistan,1989,7.13
6744,UZB,Uzbekistan,1990,7.04
6745,UZB,Uzbekistan,1991,7.01
6746,UZB,Uzbekistan,1992,7.01
6747,UZB,Uzbekistan,1993,6.99
6748,UZB,Uzbekistan,1994,6.95
6749,UZB,Uzbekistan,1995,6.91
6750,UZB,Uzbekistan,1996,6.83
6751,UZB,Uzbekistan,1997,6.72
6752,UZB,Uzbekistan,1998,6.57
6753,UZB,Uzbekistan,1999,6.38
6754,UZB,Uzbekistan,2000,6.15
6755,UZB,Uzbekistan,2001,5.88
6756,UZB,Uzbekistan,2002,5.57
6757,UZB,Uzbekistan,2003,5.25
6758,UZB,Uzbekistan,2004,4.92
6759,UZB,Uzbekistan,2005,4.57
6760,UZB,Uzbekistan,2006,4.24
6761,UZB,Uzbekistan,2007,3.9
6762,UZB,Uzbekistan,2008,3.59
6763,UZB,Uzbekistan,2009,3.29
6764,UZB,Uzbekistan,2010,3.01
6765,UZB,Uzbekistan,2011,2.75
6766,UZB,Uzbekistan,2012,2.52
6767,UZB,Uzbekistan,2013,2.32
6768,UZB,Uzbekistan,2014,2.14
6769,UZB,Uzbekistan,2015,1.98
6770,UZB,Uzbekistan,2016,1.85
6771,UZB,Uzbekistan,2017,1.73
6772,UZB,Uzbekistan,2018,1.64
6773,UZB,Uzbekistan,2019,1.56
6774,UZB,Uzbekistan,2020,1.5
6775,UZB,Uzbekistan,2021,1.44
6776,UZB,Uzbekistan,2022,1.38
6777,UZB,Uzbekistan,2023,1.33
6778,VUT,Vanuatu,1989,3.76
6779,VUT,Vanuatu,1990,3.58
6780,VUT,Vanuatu,1991,3.43
6781,VUT,Vanuatu,1992,3.29
6782,VUT,Vanuatu,1993,3.18
6783,VUT,Vanuatu,1994,3.08
6784,VUT,Vanuatu,1995,3.0
6785,VUT,Vanuatu,1996,2.92
6786,VUT,Vanuatu,1997,2.86
6787,VUT,Vanuatu,1998,2.79
6788,VUT,Vanuatu,1999,2.74
6789,VUT,Vanuatu,2000,2.68
6790,VUT,Vanuatu,2001,2.63
6791,VUT,Vanuatu,2002,2.58
6792,VUT,Vanuatu,2003,2.54
6793,VUT,Vanuatu,2004,2.5
6794,VUT,Vanuatu,2005,2.45
6795,VUT,Vanuatu,2006,2.4
6796,VUT,Vanuatu,2007,2.34
6797,VUT,Vanuatu,2008,2.27
6798,VUT,Vanuatu,2009,2.2
6799,VUT,Vanuatu,2010,2.12
6800,VUT,Vanuatu,2011,2.05
6801,VUT,Vanuatu,2012,1.99
6802,VUT,Vanuatu,2013,1.94
6803,VUT,Vanuatu,2014,1.9
6804,VUT,Vanuatu,2015,1.87
6805,VUT,Vanuatu,2016,1.84
6806,VUT,Vanuatu,2017,1.82
6807,VUT,Vanuatu,2018,1.8
6808,VUT,Vanuatu,2019,1.78
6809,VUT,Vanuatu,2020,1.77
6810,VUT,Vanuatu,2021,1.74
6811,VUT,Vanuatu,2022,1.71
6812,VUT,Vanuatu,2023,1.68
6813,VEN,Venezuela,1989,3.09
6814,VEN,Venezuela,1990,2.96
6815,VEN,Venezuela,1991,2.86
6816,VEN,Venezuela,1992,2.78
6817,VEN,Venezuela,1993,2.73
6818,VEN,Venezuela,1994,2.68
6819,VEN,Venezuela,1995,2.63
6820,VEN,Venezuela,1996,2.55
6821,VEN,Venezuela,1997,2.45
6822,VEN,Venezuela,1998,2.34
6823,VEN,Venezuela,1999,2.24
6824,VEN,Venezuela,2000,2.15
6825,VEN,Venezuela,2001,2.09
6826,VEN,Venezuela,2002,2.03
6827,VEN,Venezuela,2003,1.98
6828,VEN,Venezuela,2004,1.91
6829,VEN,Venezuela,2005,1.85
6830,VEN,Venezuela,2006,1.79
6831,VEN,Venezuela,2007,1.74
6832,VEN,Venezuela,2008,1.72
6833,VEN,Venezuela,2009,1.71
6834,VEN,Venezuela,2010,1.72
6835,VEN,Venezuela,2011,1.73
6836,VEN,Venezuela,2012,1.76
6837,VEN,Venezuela,2013,1.79
6838,VEN,Venezuela,2014,1.83
6839,VEN,Venezuela,2015,1.92
6840,VEN,Venezuela,2016,2.43
6841,VEN,Venezuela,2017,2.43
6842,VEN,Venezuela,2018,2.43
6843,VEN,Venezuela,2019,2.43
6844,VEN,Venezuela,2020,2.43
6845,VEN,Venezuela,2021,2.43
6846,VEN,Venezuela,2022,2.43
6847,VEN,Venezuela,2023,2.43
6848,VNM,Vietnam,1989,5.4
6849,VNM,Vietnam,1990,5.15
6850,VNM,Vietnam,1991,4.9
6851,VNM,Vietnam,1992,4.64
6852,VNM,Vietnam,1993,4.39
6853,VNM,Vietnam,1994,4.14
6854,VNM,Vietnam,1995,3.9
6855,VNM,Vietnam,1996,3.68
6856,VNM,Vietnam,1997,3.48
6857,VNM,Vietnam,1998,3.29
6858,VNM,Vietnam,1999,3.13
6859,VNM,Vietnam,2000,2.98
6860,VNM,Vietnam,2001,2.86
6861,VNM,Vietnam,2002,2.74
6862,VNM,Vietnam,2003,2.65
6863,VNM,Vietnam,2004,2.57
6864,VNM,Vietnam,2005,2.5
6865,VNM,Vietnam,2006,2.45
6866,VNM,Vietnam,2007,2.4
6867,VNM,Vietnam,2008,2.36
6868,VNM,Vietnam,2009,2.33
6869,VNM,Vietnam,2010,2.31
6870,VNM,Vietnam,2011,2.28
6871,VNM,Vietnam,2012,2.26
6872,VNM,Vietnam,2013,2.24
6873,VNM,Vietnam,2014,2.22
6874,VNM,Vietnam,2015,2.2
6875,VNM,Vietnam,2016,2.18
6876,VNM,Vietnam,2017,2.15
6877,VNM,Vietnam,2018,2.14
6878,VNM,Vietnam,2019,2.12
6879,VNM,Vietnam,2020,2.1
6880,VNM,Vietnam,2021,2.07
6881,VNM,Vietnam,2022,2.04
6882,VNM,Vietnam,2023,2.0
6883,YEM,Yemen,1989,12.92
6884,YEM,Yemen,1990,12.5
6885,YEM,Yemen,1991,12.14
6886,YEM,Yemen,1992,11.83
6887,YEM,Yemen,1993,11.55
6888,YEM,Yemen,1994,11.29
6889,YEM,Yemen,1995,11.06
6890,YEM,Yemen,1996,10.81
6891,YEM,Yemen,1997,10.53
6892,YEM,Yemen,1998,10.18
6893,YEM,Yemen,1999,9.77
6894,YEM,Yemen,2000,9.32
6895,YEM,Yemen,2001,8.84
6896,YEM,Yemen,2002,8.36
6897,YEM,Yemen,2003,7.9
6898,YEM,Yemen,2004,7.47
6899,YEM,Yemen,2005,7.06
6900,YEM,Yemen,2006,6.68
6901,YEM,Yemen,2007,6.33
6902,YEM,Yemen,2008,6.02
6903,YEM,Yemen,2009,5.74
6904,YEM,Yemen,2010,5.49
6905,YEM,Yemen,2011,5.3
6906,YEM,Yemen,2012,5.14
6907,YEM,Yemen,2013,4.95
6908,YEM,Yemen,2014,4.84
6909,YEM,Yemen,2015,4.9
6910,YEM,Yemen,2016,4.77
6911,YEM,Yemen,2017,4.66
6912,YEM,Yemen,2018,4.7
6913,YEM,Yemen,2019,4.59
6914,YEM,Yemen,2020,4.32
6915,YEM,Yemen,2021,4.24
6916,YEM,Yemen,2022,4.08
6917,YEM,Yemen,2023,3.93
6918,ZMB,Zambia,1989,17.89
6919,ZMB,Zambia,1990,18.06
6920,ZMB,Zambia,1991,18.14
6921,ZMB,Zambia,1992,18.11
6922,ZMB,Zambia,1993,17.94
6923,ZMB,Zambia,1994,17.67
6924,ZMB,Zambia,1995,17.34
6925,ZMB,Zambia,1996,17.0
6926,ZMB,Zambia,1997,16.66
6927,ZMB,Zambia,1998,16.3
6928,ZMB,Zambia,1999,15.87
6929,ZMB,Zambia,2000,15.25
6930,ZMB,Zambia,2001,14.38
6931,ZMB,Zambia,2002,13.37
6932,ZMB,Zambia,2003,12.36
6933,ZMB,Zambia,2004,11.37
6934,ZMB,Zambia,2005,10.48
6935,ZMB,Zambia,2006,9.71
6936,ZMB,Zambia,2007,9.14
6937,ZMB,Zambia,2008,8.62
6938,ZMB,Zambia,2009,8.0
6939,ZMB,Zambia,2010,7.57
6940,ZMB,Zambia,2011,7.31
6941,ZMB,Zambia,2012,7.04
6942,ZMB,Zambia,2013,6.72
6943,ZMB,Zambia,2014,6.38
6944,ZMB,Zambia,2015,6.15
6945,ZMB,Zambia,2016,5.9
6946,ZMB,Zambia,2017,5.61
6947,ZMB,Zambia,2018,5.52
6948,ZMB,Zambia,2019,5.41
6949,ZMB,Zambia,2020,5.24
6950,ZMB,Zambia,2021,4.92
6951,ZMB,Zambia,2022,4.67
6952,ZMB,Zambia,2023,4.47
6953,ZWE,Zimbabwe,1989,7.69
6954,ZWE,Zimbabwe,1990,7.97
6955,ZWE,Zimbabwe,1991,8.33
6956,ZWE,Zimbabwe,1992,8.73
6957,ZWE,Zimbabwe,1993,9.16
6958,ZWE,Zimbabwe,1994,9.52
6959,ZWE,Zimbabwe,1995,9.83
6960,ZWE,Zimbabwe,1996,10.02
6961,ZWE,Zimbabwe,1997,10.08
6962,ZWE,Zimbabwe,1998,10.04
6963,ZWE,Zimbabwe,1999,9.92
6964,ZWE,Zimbabwe,2000,9.83
6965,ZWE,Zimbabwe,2001,9.79
6966,ZWE,Zimbabwe,2002,8.48
6967,ZWE,Zimbabwe,2003,8.85
6968,ZWE,Zimbabwe,2004,9.17
6969,ZWE,Zimbabwe,2005,9.23
6970,ZWE,Zimbabwe,2006,9.4
6971,ZWE,Zimbabwe,2007,9.47
6972,ZWE,Zimbabwe,2008,9.34
6973,ZWE,Zimbabwe,2009,9.03
6974,ZWE,Zimbabwe,2010,8.5
6975,ZWE,Zimbabwe,2011,7.88
6976,ZWE,Zimbabwe,2012,7.14
6977,ZWE,Zimbabwe,2013,6.55
6978,ZWE,Zimbabwe,2014,6.18
6979,ZWE,Zimbabwe,2015,5.98
6980,ZWE,Zimbabwe,2016,5.69
6981,ZWE,Zimbabwe,2017,5.5
6982,ZWE,Zimbabwe,2018,5.23
6983,ZWE,Zimbabwe,2019,5.11
6984,ZWE,Zimbabwe,2020,5.01
6985,ZWE,Zimbabwe,2021,4.76
6986,ZWE,Zimbabwe,2022,4.6
6987,ZWE,Zimbabwe,2023,4.42
